fold_id,transformed_feature,feature,gain_importance,split_importance,feature_group
1,trade_year,trade_year,371944.02378845215,206.0,location_time
1,main_use_missing,main_use_missing,1821.719985961914,9.0,note_or_quality_flags
1,building_age,building_age,4337332.2113723755,2698.0,basic_housing
1,building_age_missing,building_age_missing,150919.25942993164,59.0,basic_housing
1,building_area_m2,building_area_m2,1467748.1499328613,1273.0,basic_housing
1,building_area_ping,building_area_ping,394597.0464553833,346.0,basic_housing
1,main_building_area_m2,main_building_area_m2,2030009.2314605713,1671.0,basic_housing
1,main_building_area_ping,main_building_area_ping,334919.1806640625,298.0,basic_housing
1,auxiliary_area_m2,auxiliary_area_m2,1860265.1860198975,1376.0,basic_housing
1,balcony_area_m2,balcony_area_m2,1602202.4720611572,1438.0,basic_housing
1,land_area_m2,land_area_m2,2954105.3685913086,2028.0,basic_housing
1,floor,floor,3724691.410987854,982.0,basic_housing
1,total_floor,total_floor,1644119.0156402588,1151.0,basic_housing
1,floor_ratio,floor_ratio,936735.5835800171,865.0,basic_housing
1,is_basement,is_basement,0.0,0.0,basic_housing
1,multi_floor,multi_floor,88116.6519165039,69.0,basic_housing
1,rooms,rooms,1108222.2481460571,486.0,basic_housing
1,living_rooms,living_rooms,566724.4872970581,319.0,basic_housing
1,bathrooms,bathrooms,276439.0656738281,238.0,basic_housing
1,has_management,has_management,326414.46144104004,207.0,basic_housing
1,has_elevator,has_elevator,59109.07696533203,26.0,basic_housing
1,has_parking,has_parking,850321.1633605957,218.0,basic_housing
1,parking_area_m2,parking_area_m2,1792817.2339630127,952.0,basic_housing
1,physical_condition_flag,physical_condition_flag,219368.7254638672,163.0,note_or_quality_flags
1,renovation_flag,renovation_flag,57459.51519012451,47.0,note_or_quality_flags
1,broad_note_flag,broad_note_flag,74497.4282836914,52.0,note_or_quality_flags
1,district_median_price_180d,district_median_price_180d,1622878.949081421,936.0,time_aware_market
1,district_median_price_365d,district_median_price_365d,1816972.714050293,1029.0,time_aware_market
1,district_count_180d,district_count_180d,1153874.2874450684,1132.0,time_aware_market
1,district_type_median_price_180d,district_type_median_price_180d,860579.2763519287,719.0,time_aware_market
1,district_type_median_price_365d,district_type_median_price_365d,910066.5186843872,802.0,time_aware_market
1,district_type_count_180d,district_type_count_180d,957879.0978851318,994.0,time_aware_market
1,district_price_change_180_365,district_price_change_180_365,910504.8081207275,981.0,time_aware_market
1,district_type_price_change_180_365,district_type_price_change_180_365,872823.4282455444,1052.0,time_aware_market
1,comp_365d_count,comp_365d_count,0.0,0.0,rule_based_comparable
1,comp_365d_median_price,comp_365d_median_price,751402.7832565308,728.0,rule_based_comparable
1,comp_365d_mean_price,comp_365d_mean_price,503354.0351867676,476.0,rule_based_comparable
1,comp_365d_weighted_mean_price,comp_365d_weighted_mean_price,7271177.764793396,541.0,rule_based_comparable
1,comp_365d_std_price,comp_365d_std_price,1366749.740158081,1182.0,rule_based_comparable
1,comp_365d_nearest_price,comp_365d_nearest_price,977377.4665527344,1049.0,rule_based_comparable
1,comp_365d_nearest_distance,comp_365d_nearest_distance,794412.7011108398,806.0,rule_based_comparable
1,comp_365d_median_distance,comp_365d_median_distance,788957.12159729,700.0,rule_based_comparable
1,comp_365d_median_days_diff,comp_365d_median_days_diff,676496.8380661011,870.0,rule_based_comparable
1,comp_365d_median_area_diff_pct,comp_365d_median_area_diff_pct,769621.2691421509,909.0,rule_based_comparable
1,comp_365d_median_age_diff,comp_365d_median_age_diff,1106930.3229522705,1029.0,rule_based_comparable
1,comp_730d_count,comp_730d_count,0.0,0.0,rule_based_comparable
1,comp_730d_median_price,comp_730d_median_price,815117.3387756348,709.0,rule_based_comparable
1,comp_730d_mean_price,comp_730d_mean_price,7097923.408416748,595.0,rule_based_comparable
1,comp_730d_weighted_mean_price,comp_730d_weighted_mean_price,179841081.24098206,912.0,rule_based_comparable
1,comp_730d_std_price,comp_730d_std_price,1330362.341468811,1216.0,rule_based_comparable
1,comp_730d_nearest_price,comp_730d_nearest_price,1757806.382949829,964.0,rule_based_comparable
1,comp_730d_nearest_distance,comp_730d_nearest_distance,990833.2943115234,824.0,rule_based_comparable
1,comp_730d_median_distance,comp_730d_median_distance,734290.8078384399,714.0,rule_based_comparable
1,comp_730d_median_days_diff,comp_730d_median_days_diff,713995.3926391602,853.0,rule_based_comparable
1,comp_730d_median_area_diff_pct,comp_730d_median_area_diff_pct,757359.6357574463,863.0,rule_based_comparable
1,comp_730d_median_age_diff,comp_730d_median_age_diff,1470880.5192871094,1148.0,rule_based_comparable
1,emb_730d_count,emb_730d_count,0.0,0.0,embedding_reranker_comparable
1,emb_730d_median_price,emb_730d_median_price,586213.5852661133,578.0,embedding_reranker_comparable
1,emb_730d_mean_price,emb_730d_mean_price,483163.23051452637,518.0,embedding_reranker_comparable
1,emb_730d_weighted_mean_price,emb_730d_weighted_mean_price,12487503.922592163,712.0,embedding_reranker_comparable
1,emb_730d_std_price,emb_730d_std_price,901663.1868133545,919.0,embedding_reranker_comparable
1,emb_730d_nearest_price,emb_730d_nearest_price,938843.0329742432,853.0,embedding_reranker_comparable
1,emb_730d_max_similarity,emb_730d_max_similarity,576757.8645477295,611.0,embedding_reranker_comparable
1,emb_730d_mean_similarity,emb_730d_mean_similarity,478510.94299316406,432.0,embedding_reranker_comparable
1,emb_730d_median_similarity,emb_730d_median_similarity,527355.0443725586,550.0,embedding_reranker_comparable
1,emb_730d_mean_reranker_score,emb_730d_mean_reranker_score,838569.6050415039,667.0,embedding_reranker_comparable
1,emb_730d_max_reranker_score,emb_730d_max_reranker_score,1273914.4624786377,935.0,embedding_reranker_comparable
1,emb_730d_median_days_diff,emb_730d_median_days_diff,654394.095916748,767.0,embedding_reranker_comparable
1,emb_730d_median_area_diff_pct,emb_730d_median_area_diff_pct,666872.9659423828,718.0,embedding_reranker_comparable
1,emb_730d_median_age_diff,emb_730d_median_age_diff,968814.1378936768,803.0,embedding_reranker_comparable
1,emb_1095d_count,emb_1095d_count,0.0,0.0,embedding_reranker_comparable
1,emb_1095d_median_price,emb_1095d_median_price,580251.9772033691,622.0,embedding_reranker_comparable
1,emb_1095d_mean_price,emb_1095d_mean_price,573372.6622695923,578.0,embedding_reranker_comparable
1,emb_1095d_weighted_mean_price,emb_1095d_weighted_mean_price,32982924.640045166,1009.0,embedding_reranker_comparable
1,emb_1095d_std_price,emb_1095d_std_price,968343.3933105469,918.0,embedding_reranker_comparable
1,emb_1095d_nearest_price,emb_1095d_nearest_price,1268470.6721801758,836.0,embedding_reranker_comparable
1,emb_1095d_max_similarity,emb_1095d_max_similarity,488828.2233734131,522.0,embedding_reranker_comparable
1,emb_1095d_mean_similarity,emb_1095d_mean_similarity,398130.78575897217,397.0,embedding_reranker_comparable
1,emb_1095d_median_similarity,emb_1095d_median_similarity,461495.8145904541,477.0,embedding_reranker_comparable
1,emb_1095d_mean_reranker_score,emb_1095d_mean_reranker_score,767199.2597045898,663.0,embedding_reranker_comparable
1,emb_1095d_max_reranker_score,emb_1095d_max_reranker_score,1514778.4970321655,968.0,embedding_reranker_comparable
1,emb_1095d_median_days_diff,emb_1095d_median_days_diff,645971.7690124512,751.0,embedding_reranker_comparable
1,emb_1095d_median_area_diff_pct,emb_1095d_median_area_diff_pct,637941.9493255615,722.0,embedding_reranker_comparable
1,emb_1095d_median_age_diff,emb_1095d_median_age_diff,1082762.7007293701,827.0,embedding_reranker_comparable
1,district_中山區,district,68809.4496459961,52.0,location_time
1,district_中正區,district,99312.18588256836,58.0,location_time
1,district_信義區,district,103807.7308959961,93.0,location_time
1,district_內湖區,district,33718.58087158203,21.0,location_time
1,district_北投區,district,74429.91766357422,64.0,location_time
1,district_南港區,district,19528.15296936035,20.0,location_time
1,district_士林區,district,72295.07320404053,75.0,location_time
1,district_大同區,district,36948.1701965332,40.0,location_time
1,district_大安區,district,17710.404891967773,15.0,location_time
1,district_文山區,district,19042.927001953125,22.0,location_time
1,district_松山區,district,56959.917907714844,49.0,location_time
1,district_萬華區,district,7393.276031494141,19.0,location_time
1,trade_month_1.0,trade_month,6687.393981933594,9.0,location_time
1,trade_month_2.0,trade_month,13296.645111083984,22.0,location_time
1,trade_month_3.0,trade_month,31322.86196899414,25.0,location_time
1,trade_month_4.0,trade_month,6844.0791015625,10.0,location_time
1,trade_month_5.0,trade_month,15984.526184082031,16.0,location_time
1,trade_month_6.0,trade_month,18466.786834716797,25.0,location_time
1,trade_month_7.0,trade_month,5047.946029663086,9.0,location_time
1,trade_month_8.0,trade_month,4903.063049316406,9.0,location_time
1,trade_month_9.0,trade_month,11958.109008789062,18.0,location_time
1,trade_month_10.0,trade_month,19242.29605102539,21.0,location_time
1,trade_month_11.0,trade_month,23076.94403076172,32.0,location_time
1,trade_month_12.0,trade_month,31052.936889648438,37.0,location_time
1,trade_quarter_1.0,trade_quarter,32572.78483581543,37.0,location_time
1,trade_quarter_2.0,trade_quarter,27230.397064208984,36.0,location_time
1,trade_quarter_3.0,trade_quarter,31686.868194580078,39.0,location_time
1,trade_quarter_4.0,trade_quarter,57243.968322753906,63.0,location_time
1,trade_yq_2019Q1,trade_yq,10861.936889648438,14.0,location_time
1,trade_yq_2019Q2,trade_yq,9035.745239257812,8.0,location_time
1,trade_yq_2019Q3,trade_yq,15062.817764282227,23.0,location_time
1,trade_yq_2019Q4,trade_yq,14476.21598815918,19.0,location_time
1,trade_yq_2020Q1,trade_yq,11465.71109008789,19.0,location_time
1,trade_yq_2020Q2,trade_yq,6326.2099609375,8.0,location_time
1,trade_yq_2020Q3,trade_yq,6020.459075927734,9.0,location_time
1,trade_yq_2020Q4,trade_yq,15162.075225830078,16.0,location_time
1,trade_yq_2021Q1,trade_yq,12249.778015136719,10.0,location_time
1,trade_yq_2021Q2,trade_yq,4415.479064941406,8.0,location_time
1,trade_yq_2021Q3,trade_yq,15753.431091308594,16.0,location_time
1,trade_yq_2021Q4,trade_yq,151153.4870300293,68.0,location_time
1,building_type_住宅大樓(11層含以上有電梯),building_type,28130.515701293945,21.0,location_time
1,building_type_公寓(5樓含以下無電梯),building_type,70850.41674804688,25.0,location_time
1,building_type_套房(1房1廳1衛),building_type,25770.024841308594,11.0,location_time
1,building_type_華廈(10層含以下有電梯),building_type,244462.02613067627,137.0,location_time
1,material_加強磚造,material,19871.18798828125,20.0,location_time
1,material_壁式預鑄鋼筋混凝土造,material,0.0,0.0,location_time
1,material_混凝土造,material,0.0,0.0,location_time
1,material_磚造,material,0.0,0.0,location_time
1,material_見使用執照,material,0.0,0.0,location_time
1,material_見其他登記事項,material,221072.44924926758,82.0,location_time
1,material_鋼構造,material,0.0,0.0,location_time
1,material_鋼筋混凝土加強磚造,material,0.0,0.0,location_time
1,material_鋼筋混凝土造,material,784357.8764038086,152.0,location_time
1,material_鋼筋混凝土造，鋼骨鋼筋混凝土造,material,0.0,0.0,location_time
1,material_鋼骨混凝土造,material,0.0,0.0,location_time
1,material_鋼骨造,material,32300.656814575195,34.0,location_time
1,material_鋼骨鋼筋混凝土造,material,150488.04647827148,101.0,location_time
1,material_鋼骨鋼筋混凝土造；鋼骨造,material,0.0,0.0,location_time
1,material_鋼骨ＲＣ造,material,0.0,0.0,location_time
1,material_預力混凝土造,material,0.0,0.0,location_time
2,trade_year,trade_year,526210.2891845703,271.0,location_time
2,main_use_missing,main_use_missing,4230.622024536133,17.0,note_or_quality_flags
2,building_age,building_age,4357771.502906799,2777.0,basic_housing
2,building_age_missing,building_age_missing,161156.52630615234,72.0,basic_housing
2,building_area_m2,building_area_m2,1599136.2551879883,1389.0,basic_housing
2,building_area_ping,building_area_ping,346444.2183609009,292.0,basic_housing
2,main_building_area_m2,main_building_area_m2,1948609.1787567139,1569.0,basic_housing
2,main_building_area_ping,main_building_area_ping,377772.7110748291,323.0,basic_housing
2,auxiliary_area_m2,auxiliary_area_m2,1912435.8480682373,1338.0,basic_housing
2,balcony_area_m2,balcony_area_m2,1568281.7255706787,1453.0,basic_housing
2,land_area_m2,land_area_m2,2949117.68585968,2013.0,basic_housing
2,floor,floor,3699300.8388442993,985.0,basic_housing
2,total_floor,total_floor,1602943.177696228,1146.0,basic_housing
2,floor_ratio,floor_ratio,866730.0399780273,786.0,basic_housing
2,is_basement,is_basement,0.0,0.0,basic_housing
2,multi_floor,multi_floor,77372.00793457031,54.0,basic_housing
2,rooms,rooms,1080742.0630111694,489.0,basic_housing
2,living_rooms,living_rooms,608247.6518554688,329.0,basic_housing
2,bathrooms,bathrooms,346037.33740234375,254.0,basic_housing
2,has_management,has_management,268728.7623138428,162.0,basic_housing
2,has_elevator,has_elevator,63066.61633300781,29.0,basic_housing
2,has_parking,has_parking,896789.3067321777,213.0,basic_housing
2,parking_area_m2,parking_area_m2,1794742.344795227,928.0,basic_housing
2,physical_condition_flag,physical_condition_flag,266864.20471191406,189.0,note_or_quality_flags
2,renovation_flag,renovation_flag,52563.13781738281,51.0,note_or_quality_flags
2,broad_note_flag,broad_note_flag,92515.2007446289,64.0,note_or_quality_flags
2,district_median_price_180d,district_median_price_180d,1621990.5443496704,933.0,time_aware_market
2,district_median_price_365d,district_median_price_365d,1631641.6334075928,932.0,time_aware_market
2,district_count_180d,district_count_180d,1130022.9116668701,1073.0,time_aware_market
2,district_type_median_price_180d,district_type_median_price_180d,880764.7040481567,725.0,time_aware_market
2,district_type_median_price_365d,district_type_median_price_365d,972459.7450637817,771.0,time_aware_market
2,district_type_count_180d,district_type_count_180d,839911.7729721069,912.0,time_aware_market
2,district_price_change_180_365,district_price_change_180_365,879857.884513855,988.0,time_aware_market
2,district_type_price_change_180_365,district_type_price_change_180_365,983561.4904785156,1119.0,time_aware_market
2,comp_365d_count,comp_365d_count,0.0,0.0,rule_based_comparable
2,comp_365d_median_price,comp_365d_median_price,683646.6830444336,686.0,rule_based_comparable
2,comp_365d_mean_price,comp_365d_mean_price,510205.12309265137,496.0,rule_based_comparable
2,comp_365d_weighted_mean_price,comp_365d_weighted_mean_price,9047980.82913971,514.0,rule_based_comparable
2,comp_365d_std_price,comp_365d_std_price,1391134.0751037598,1221.0,rule_based_comparable
2,comp_365d_nearest_price,comp_365d_nearest_price,1038464.2307434082,987.0,rule_based_comparable
2,comp_365d_nearest_distance,comp_365d_nearest_distance,813196.6133422852,812.0,rule_based_comparable
2,comp_365d_median_distance,comp_365d_median_distance,844470.5767745972,723.0,rule_based_comparable
2,comp_365d_median_days_diff,comp_365d_median_days_diff,724211.4879760742,848.0,rule_based_comparable
2,comp_365d_median_area_diff_pct,comp_365d_median_area_diff_pct,714914.3418426514,877.0,rule_based_comparable
2,comp_365d_median_age_diff,comp_365d_median_age_diff,1185098.611366272,1033.0,rule_based_comparable
2,comp_730d_count,comp_730d_count,0.0,0.0,rule_based_comparable
2,comp_730d_median_price,comp_730d_median_price,863258.3039398193,736.0,rule_based_comparable
2,comp_730d_mean_price,comp_730d_mean_price,8262735.434020996,622.0,rule_based_comparable
2,comp_730d_weighted_mean_price,comp_730d_weighted_mean_price,183140616.96159363,936.0,rule_based_comparable
2,comp_730d_std_price,comp_730d_std_price,1343957.9564056396,1231.0,rule_based_comparable
2,comp_730d_nearest_price,comp_730d_nearest_price,1899979.339691162,1009.0,rule_based_comparable
2,comp_730d_nearest_distance,comp_730d_nearest_distance,1003786.0984039307,877.0,rule_based_comparable
2,comp_730d_median_distance,comp_730d_median_distance,727429.3612747192,680.0,rule_based_comparable
2,comp_730d_median_days_diff,comp_730d_median_days_diff,731038.2498168945,876.0,rule_based_comparable
2,comp_730d_median_area_diff_pct,comp_730d_median_area_diff_pct,830647.3145141602,947.0,rule_based_comparable
2,comp_730d_median_age_diff,comp_730d_median_age_diff,1408991.7700042725,1155.0,rule_based_comparable
2,emb_730d_count,emb_730d_count,0.0,0.0,embedding_reranker_comparable
2,emb_730d_median_price,emb_730d_median_price,572201.4133300781,580.0,embedding_reranker_comparable
2,emb_730d_mean_price,emb_730d_mean_price,485799.5069885254,502.0,embedding_reranker_comparable
2,emb_730d_weighted_mean_price,emb_730d_weighted_mean_price,10907768.071105957,747.0,embedding_reranker_comparable
2,emb_730d_std_price,emb_730d_std_price,1002088.9088287354,941.0,embedding_reranker_comparable
2,emb_730d_nearest_price,emb_730d_nearest_price,1048673.6419906616,894.0,embedding_reranker_comparable
2,emb_730d_max_similarity,emb_730d_max_similarity,503656.8425140381,585.0,embedding_reranker_comparable
2,emb_730d_mean_similarity,emb_730d_mean_similarity,589954.0447692871,502.0,embedding_reranker_comparable
2,emb_730d_median_similarity,emb_730d_median_similarity,511961.1880493164,508.0,embedding_reranker_comparable
2,emb_730d_mean_reranker_score,emb_730d_mean_reranker_score,758898.5078430176,650.0,embedding_reranker_comparable
2,emb_730d_max_reranker_score,emb_730d_max_reranker_score,1294667.9753570557,872.0,embedding_reranker_comparable
2,emb_730d_median_days_diff,emb_730d_median_days_diff,715962.6716003418,806.0,embedding_reranker_comparable
2,emb_730d_median_area_diff_pct,emb_730d_median_area_diff_pct,667497.005355835,706.0,embedding_reranker_comparable
2,emb_730d_median_age_diff,emb_730d_median_age_diff,921189.4549255371,809.0,embedding_reranker_comparable
2,emb_1095d_count,emb_1095d_count,0.0,0.0,embedding_reranker_comparable
2,emb_1095d_median_price,emb_1095d_median_price,615367.1229400635,577.0,embedding_reranker_comparable
2,emb_1095d_mean_price,emb_1095d_mean_price,546122.983467102,573.0,embedding_reranker_comparable
2,emb_1095d_weighted_mean_price,emb_1095d_weighted_mean_price,38727884.479911804,1007.0,embedding_reranker_comparable
2,emb_1095d_std_price,emb_1095d_std_price,1046978.6800079346,928.0,embedding_reranker_comparable
2,emb_1095d_nearest_price,emb_1095d_nearest_price,1163920.096107483,837.0,embedding_reranker_comparable
2,emb_1095d_max_similarity,emb_1095d_max_similarity,483298.2008666992,512.0,embedding_reranker_comparable
2,emb_1095d_mean_similarity,emb_1095d_mean_similarity,481119.34382629395,426.0,embedding_reranker_comparable
2,emb_1095d_median_similarity,emb_1095d_median_similarity,514396.52632141113,467.0,embedding_reranker_comparable
2,emb_1095d_mean_reranker_score,emb_1095d_mean_reranker_score,713871.6695098877,595.0,embedding_reranker_comparable
2,emb_1095d_max_reranker_score,emb_1095d_max_reranker_score,1596768.7453842163,968.0,embedding_reranker_comparable
2,emb_1095d_median_days_diff,emb_1095d_median_days_diff,801479.5482025146,806.0,embedding_reranker_comparable
2,emb_1095d_median_area_diff_pct,emb_1095d_median_area_diff_pct,637901.3529663086,711.0,embedding_reranker_comparable
2,emb_1095d_median_age_diff,emb_1095d_median_age_diff,1051700.3799057007,874.0,embedding_reranker_comparable
2,district_中山區,district,49699.856506347656,43.0,location_time
2,district_中正區,district,98989.96112060547,62.0,location_time
2,district_信義區,district,113947.12690734863,83.0,location_time
2,district_內湖區,district,23130.120697021484,16.0,location_time
2,district_北投區,district,48386.88005065918,55.0,location_time
2,district_南港區,district,18724.51202392578,22.0,location_time
2,district_士林區,district,76637.56091308594,75.0,location_time
2,district_大同區,district,34911.54042053223,39.0,location_time
2,district_大安區,district,26436.940063476562,14.0,location_time
2,district_文山區,district,7693.815017700195,14.0,location_time
2,district_松山區,district,77235.1994934082,58.0,location_time
2,district_萬華區,district,13966.825973510742,38.0,location_time
2,trade_month_1.0,trade_month,25186.624969482422,27.0,location_time
2,trade_month_2.0,trade_month,18951.01456451416,31.0,location_time
2,trade_month_3.0,trade_month,17414.00308227539,17.0,location_time
2,trade_month_4.0,trade_month,12631.451049804688,21.0,location_time
2,trade_month_5.0,trade_month,6568.677032470703,8.0,location_time
2,trade_month_6.0,trade_month,19874.692840576172,24.0,location_time
2,trade_month_7.0,trade_month,8004.330993652344,12.0,location_time
2,trade_month_8.0,trade_month,1994.052978515625,4.0,location_time
2,trade_month_9.0,trade_month,8240.879974365234,14.0,location_time
2,trade_month_10.0,trade_month,17395.15512084961,24.0,location_time
2,trade_month_11.0,trade_month,24886.36814880371,35.0,location_time
2,trade_month_12.0,trade_month,25444.099090576172,29.0,location_time
2,trade_quarter_1.0,trade_quarter,25884.923889160156,31.0,location_time
2,trade_quarter_2.0,trade_quarter,62150.90203857422,62.0,location_time
2,trade_quarter_3.0,trade_quarter,17720.28009033203,25.0,location_time
2,trade_quarter_4.0,trade_quarter,56681.32693481445,59.0,location_time
2,trade_yq_2019Q2,trade_yq,13843.85107421875,12.0,location_time
2,trade_yq_2019Q3,trade_yq,7475.604995727539,25.0,location_time
2,trade_yq_2019Q4,trade_yq,10926.240020751953,16.0,location_time
2,trade_yq_2020Q1,trade_yq,5830.689613342285,22.0,location_time
2,trade_yq_2020Q2,trade_yq,4589.650009155273,8.0,location_time
2,trade_yq_2020Q3,trade_yq,19827.468063354492,21.0,location_time
2,trade_yq_2020Q4,trade_yq,12156.800842285156,15.0,location_time
2,trade_yq_2021Q1,trade_yq,18475.2900390625,14.0,location_time
2,trade_yq_2021Q2,trade_yq,7456.9129638671875,10.0,location_time
2,trade_yq_2021Q3,trade_yq,8134.289123535156,10.0,location_time
2,trade_yq_2021Q4,trade_yq,79399.56378173828,50.0,location_time
2,trade_yq_2022Q1,trade_yq,20911.787826538086,21.0,location_time
2,building_type_住宅大樓(11層含以上有電梯),building_type,18848.006866455078,12.0,location_time
2,building_type_公寓(5樓含以下無電梯),building_type,55225.11706542969,26.0,location_time
2,building_type_套房(1房1廳1衛),building_type,6562.601806640625,4.0,location_time
2,building_type_華廈(10層含以下有電梯),building_type,201543.1143951416,117.0,location_time
2,material_加強磚造,material,16592.382934570312,24.0,location_time
2,material_壁式預鑄鋼筋混凝土造,material,0.0,0.0,location_time
2,material_混凝土造,material,0.0,0.0,location_time
2,material_磚造,material,0.0,0.0,location_time
2,material_見使用執照,material,0.0,0.0,location_time
2,material_見其他登記事項,material,179552.69282531738,62.0,location_time
2,material_鋼構造,material,0.0,0.0,location_time
2,material_鋼筋混凝土加強磚造,material,0.0,0.0,location_time
2,material_鋼筋混凝土造,material,768935.7206115723,149.0,location_time
2,material_鋼筋混凝土造，鋼骨鋼筋混凝土造,material,496.0170135498047,2.0,location_time
2,material_鋼骨混凝土造,material,0.0,0.0,location_time
2,material_鋼骨造,material,35116.376235961914,43.0,location_time
2,material_鋼骨鋼筋混凝土造,material,156238.85513305664,100.0,location_time
2,material_鋼骨鋼筋混凝土造；鋼骨造,material,0.0,0.0,location_time
2,material_鋼骨ＲＣ造,material,0.0,0.0,location_time
2,material_預力混凝土造,material,0.0,0.0,location_time
3,trade_year,trade_year,488826.6949081421,279.0,location_time
3,main_use_missing,main_use_missing,401.5190124511719,2.0,note_or_quality_flags
3,building_age,building_age,4183141.836418152,2563.0,basic_housing
3,building_age_missing,building_age_missing,163049.34936523438,75.0,basic_housing
3,building_area_m2,building_area_m2,1364998.4855117798,1127.0,basic_housing
3,building_area_ping,building_area_ping,637679.5427398682,506.0,basic_housing
3,main_building_area_m2,main_building_area_m2,1910953.3604431152,1505.0,basic_housing
3,main_building_area_ping,main_building_area_ping,363612.6089477539,300.0,basic_housing
3,auxiliary_area_m2,auxiliary_area_m2,1816592.710220337,1315.0,basic_housing
3,balcony_area_m2,balcony_area_m2,1522820.6858596802,1414.0,basic_housing
3,land_area_m2,land_area_m2,2865078.0788726807,1952.0,basic_housing
3,floor,floor,3741017.169403076,1020.0,basic_housing
3,total_floor,total_floor,1474656.2046813965,1099.0,basic_housing
3,floor_ratio,floor_ratio,916022.4439544678,808.0,basic_housing
3,is_basement,is_basement,0.0,0.0,basic_housing
3,multi_floor,multi_floor,63970.67802429199,49.0,basic_housing
3,rooms,rooms,1063301.7082901,531.0,basic_housing
3,living_rooms,living_rooms,453869.8154678345,264.0,basic_housing
3,bathrooms,bathrooms,316268.63705444336,243.0,basic_housing
3,has_management,has_management,221438.27250671387,132.0,basic_housing
3,has_elevator,has_elevator,70666.75604248047,39.0,basic_housing
3,has_parking,has_parking,894571.3815155029,187.0,basic_housing
3,parking_area_m2,parking_area_m2,1872693.218788147,922.0,basic_housing
3,physical_condition_flag,physical_condition_flag,234225.42446899414,175.0,note_or_quality_flags
3,renovation_flag,renovation_flag,45139.38395690918,54.0,note_or_quality_flags
3,broad_note_flag,broad_note_flag,106738.19807434082,68.0,note_or_quality_flags
3,district_median_price_180d,district_median_price_180d,1611886.229560852,933.0,time_aware_market
3,district_median_price_365d,district_median_price_365d,1530710.1769256592,908.0,time_aware_market
3,district_count_180d,district_count_180d,1052450.7082443237,1020.0,time_aware_market
3,district_type_median_price_180d,district_type_median_price_180d,830515.0032119751,718.0,time_aware_market
3,district_type_median_price_365d,district_type_median_price_365d,937744.8048934937,762.0,time_aware_market
3,district_type_count_180d,district_type_count_180d,917720.6578369141,940.0,time_aware_market
3,district_price_change_180_365,district_price_change_180_365,870886.1709518433,969.0,time_aware_market
3,district_type_price_change_180_365,district_type_price_change_180_365,901158.8291091919,1102.0,time_aware_market
3,comp_365d_count,comp_365d_count,0.0,0.0,rule_based_comparable
3,comp_365d_median_price,comp_365d_median_price,687073.5926437378,721.0,rule_based_comparable
3,comp_365d_mean_price,comp_365d_mean_price,577481.9630737305,526.0,rule_based_comparable
3,comp_365d_weighted_mean_price,comp_365d_weighted_mean_price,6804274.103973389,518.0,rule_based_comparable
3,comp_365d_std_price,comp_365d_std_price,1323477.7234954834,1228.0,rule_based_comparable
3,comp_365d_nearest_price,comp_365d_nearest_price,1135971.2157669067,967.0,rule_based_comparable
3,comp_365d_nearest_distance,comp_365d_nearest_distance,859191.1154327393,812.0,rule_based_comparable
3,comp_365d_median_distance,comp_365d_median_distance,834479.2951812744,704.0,rule_based_comparable
3,comp_365d_median_days_diff,comp_365d_median_days_diff,723405.7125701904,841.0,rule_based_comparable
3,comp_365d_median_area_diff_pct,comp_365d_median_area_diff_pct,805844.2166900635,948.0,rule_based_comparable
3,comp_365d_median_age_diff,comp_365d_median_age_diff,1256795.734916687,1100.0,rule_based_comparable
3,comp_730d_count,comp_730d_count,0.0,0.0,rule_based_comparable
3,comp_730d_median_price,comp_730d_median_price,1060156.7540969849,688.0,rule_based_comparable
3,comp_730d_mean_price,comp_730d_mean_price,8765964.928657532,618.0,rule_based_comparable
3,comp_730d_weighted_mean_price,comp_730d_weighted_mean_price,180408951.07681274,998.0,rule_based_comparable
3,comp_730d_std_price,comp_730d_std_price,1444849.6903762817,1267.0,rule_based_comparable
3,comp_730d_nearest_price,comp_730d_nearest_price,2018308.2537078857,1039.0,rule_based_comparable
3,comp_730d_nearest_distance,comp_730d_nearest_distance,936575.787185669,853.0,rule_based_comparable
3,comp_730d_median_distance,comp_730d_median_distance,722530.4494476318,707.0,rule_based_comparable
3,comp_730d_median_days_diff,comp_730d_median_days_diff,730394.3914489746,853.0,rule_based_comparable
3,comp_730d_median_area_diff_pct,comp_730d_median_area_diff_pct,817037.0527648926,926.0,rule_based_comparable
3,comp_730d_median_age_diff,comp_730d_median_age_diff,1310454.47164917,1173.0,rule_based_comparable
3,emb_730d_count,emb_730d_count,0.0,0.0,embedding_reranker_comparable
3,emb_730d_median_price,emb_730d_median_price,550020.9082336426,556.0,embedding_reranker_comparable
3,emb_730d_mean_price,emb_730d_mean_price,490608.51959228516,467.0,embedding_reranker_comparable
3,emb_730d_weighted_mean_price,emb_730d_weighted_mean_price,16754346.856262207,802.0,embedding_reranker_comparable
3,emb_730d_std_price,emb_730d_std_price,1032914.9635009766,998.0,embedding_reranker_comparable
3,emb_730d_nearest_price,emb_730d_nearest_price,956296.5594177246,857.0,embedding_reranker_comparable
3,emb_730d_max_similarity,emb_730d_max_similarity,566902.7884674072,601.0,embedding_reranker_comparable
3,emb_730d_mean_similarity,emb_730d_mean_similarity,598748.828994751,511.0,embedding_reranker_comparable
3,emb_730d_median_similarity,emb_730d_median_similarity,519723.5113067627,506.0,embedding_reranker_comparable
3,emb_730d_mean_reranker_score,emb_730d_mean_reranker_score,700510.4122695923,604.0,embedding_reranker_comparable
3,emb_730d_max_reranker_score,emb_730d_max_reranker_score,1375453.3251037598,969.0,embedding_reranker_comparable
3,emb_730d_median_days_diff,emb_730d_median_days_diff,672483.5760498047,794.0,embedding_reranker_comparable
3,emb_730d_median_area_diff_pct,emb_730d_median_area_diff_pct,808290.0858917236,835.0,embedding_reranker_comparable
3,emb_730d_median_age_diff,emb_730d_median_age_diff,974617.6697387695,799.0,embedding_reranker_comparable
3,emb_1095d_count,emb_1095d_count,0.0,0.0,embedding_reranker_comparable
3,emb_1095d_median_price,emb_1095d_median_price,550962.107345581,579.0,embedding_reranker_comparable
3,emb_1095d_mean_price,emb_1095d_mean_price,522395.5634460449,549.0,embedding_reranker_comparable
3,emb_1095d_weighted_mean_price,emb_1095d_weighted_mean_price,39096229.71398926,977.0,embedding_reranker_comparable
3,emb_1095d_std_price,emb_1095d_std_price,1162595.7966308594,974.0,embedding_reranker_comparable
3,emb_1095d_nearest_price,emb_1095d_nearest_price,1588001.1212921143,953.0,embedding_reranker_comparable
3,emb_1095d_max_similarity,emb_1095d_max_similarity,475643.21812438965,510.0,embedding_reranker_comparable
3,emb_1095d_mean_similarity,emb_1095d_mean_similarity,466798.33726501465,449.0,embedding_reranker_comparable
3,emb_1095d_median_similarity,emb_1095d_median_similarity,447028.04891967773,448.0,embedding_reranker_comparable
3,emb_1095d_mean_reranker_score,emb_1095d_mean_reranker_score,652376.6100616455,580.0,embedding_reranker_comparable
3,emb_1095d_max_reranker_score,emb_1095d_max_reranker_score,1730444.091621399,1077.0,embedding_reranker_comparable
3,emb_1095d_median_days_diff,emb_1095d_median_days_diff,794205.0916748047,837.0,embedding_reranker_comparable
3,emb_1095d_median_area_diff_pct,emb_1095d_median_area_diff_pct,626900.3497467041,740.0,embedding_reranker_comparable
3,emb_1095d_median_age_diff,emb_1095d_median_age_diff,1059686.2298278809,849.0,embedding_reranker_comparable
3,district_中山區,district,52040.360900878906,34.0,location_time
3,district_中正區,district,73797.03970336914,48.0,location_time
3,district_信義區,district,109718.29489135742,99.0,location_time
3,district_內湖區,district,42170.72457885742,24.0,location_time
3,district_北投區,district,52646.71484375,53.0,location_time
3,district_南港區,district,26710.566131591797,27.0,location_time
3,district_士林區,district,60146.79592895508,58.0,location_time
3,district_大同區,district,47026.704010009766,42.0,location_time
3,district_大安區,district,29310.38427734375,21.0,location_time
3,district_文山區,district,6059.412933349609,12.0,location_time
3,district_松山區,district,117801.35417175293,72.0,location_time
3,district_萬華區,district,9656.446952819824,22.0,location_time
3,trade_month_1.0,trade_month,15468.055969238281,14.0,location_time
3,trade_month_2.0,trade_month,27067.833297729492,37.0,location_time
3,trade_month_3.0,trade_month,20763.011138916016,28.0,location_time
3,trade_month_4.0,trade_month,15541.484161376953,20.0,location_time
3,trade_month_5.0,trade_month,27726.697204589844,28.0,location_time
3,trade_month_6.0,trade_month,22533.804077148438,32.0,location_time
3,trade_month_7.0,trade_month,9977.401153564453,10.0,location_time
3,trade_month_8.0,trade_month,5468.221008300781,7.0,location_time
3,trade_month_9.0,trade_month,12397.351989746094,18.0,location_time
3,trade_month_10.0,trade_month,15196.057830810547,17.0,location_time
3,trade_month_11.0,trade_month,30137.664962768555,44.0,location_time
3,trade_month_12.0,trade_month,18838.472045898438,25.0,location_time
3,trade_quarter_1.0,trade_quarter,25445.26303100586,29.0,location_time
3,trade_quarter_2.0,trade_quarter,21847.305786132812,29.0,location_time
3,trade_quarter_3.0,trade_quarter,15936.45199584961,23.0,location_time
3,trade_quarter_4.0,trade_quarter,49813.128967285156,60.0,location_time
3,trade_yq_2019Q3,trade_yq,12922.389892578125,20.0,location_time
3,trade_yq_2019Q4,trade_yq,8663.978271484375,8.0,location_time
3,trade_yq_2020Q1,trade_yq,9697.441879272461,21.0,location_time
3,trade_yq_2020Q2,trade_yq,8729.880950927734,13.0,location_time
3,trade_yq_2020Q3,trade_yq,12858.984893798828,17.0,location_time
3,trade_yq_2020Q4,trade_yq,26104.165740966797,23.0,location_time
3,trade_yq_2021Q1,trade_yq,22044.12191772461,26.0,location_time
3,trade_yq_2021Q2,trade_yq,7222.474060058594,8.0,location_time
3,trade_yq_2021Q3,trade_yq,6993.303039550781,11.0,location_time
3,trade_yq_2021Q4,trade_yq,72834.51263427734,64.0,location_time
3,trade_yq_2022Q1,trade_yq,29825.843231201172,19.0,location_time
3,trade_yq_2022Q2,trade_yq,28727.094818115234,13.0,location_time
3,building_type_住宅大樓(11層含以上有電梯),building_type,9596.83804321289,9.0,location_time
3,building_type_公寓(5樓含以下無電梯),building_type,55904.62252807617,25.0,location_time
3,building_type_套房(1房1廳1衛),building_type,0.0,0.0,location_time
3,building_type_華廈(10層含以下有電梯),building_type,262395.52629089355,128.0,location_time
3,material_加強磚造,material,13594.233947753906,16.0,location_time
3,material_壁式預鑄鋼筋混凝土造,material,0.0,0.0,location_time
3,material_混凝土造,material,0.0,0.0,location_time
3,material_磚造,material,0.0,0.0,location_time
3,material_見使用執照,material,0.0,0.0,location_time
3,material_見其他登記事項,material,102168.25596618652,47.0,location_time
3,material_鋼構造,material,0.0,0.0,location_time
3,material_鋼筋混凝土加強磚造,material,0.0,0.0,location_time
3,material_鋼筋混凝土造,material,778260.1978149414,160.0,location_time
3,material_鋼筋混凝土造，鋼骨鋼筋混凝土造,material,196.32599639892578,2.0,location_time
3,material_鋼骨混凝土造,material,0.0,0.0,location_time
3,material_鋼骨造,material,46334.340560913086,48.0,location_time
3,material_鋼骨鋼筋混凝土造,material,130523.3842163086,100.0,location_time
3,material_鋼骨鋼筋混凝土造；鋼骨造,material,0.0,0.0,location_time
3,material_鋼骨ＲＣ造,material,0.0,0.0,location_time
3,material_預力混凝土造,material,0.0,0.0,location_time
4,trade_year,trade_year,457562.66382598877,258.0,location_time
4,main_use_missing,main_use_missing,0.0,0.0,note_or_quality_flags
4,building_age,building_age,3997168.1322784424,2568.0,basic_housing
4,building_age_missing,building_age_missing,190134.26000976562,78.0,basic_housing
4,building_area_m2,building_area_m2,1607124.6854248047,1360.0,basic_housing
4,building_area_ping,building_area_ping,353117.2949447632,277.0,basic_housing
4,main_building_area_m2,main_building_area_m2,1884818.384048462,1500.0,basic_housing
4,main_building_area_ping,main_building_area_ping,324734.70458984375,273.0,basic_housing
4,auxiliary_area_m2,auxiliary_area_m2,1587299.1127929688,1198.0,basic_housing
4,balcony_area_m2,balcony_area_m2,1513805.063179016,1453.0,basic_housing
4,land_area_m2,land_area_m2,2679924.88520813,1980.0,basic_housing
4,floor,floor,3550358.0232543945,993.0,basic_housing
4,total_floor,total_floor,1437256.529411316,1053.0,basic_housing
4,floor_ratio,floor_ratio,909565.2625961304,817.0,basic_housing
4,is_basement,is_basement,0.0,0.0,basic_housing
4,multi_floor,multi_floor,77929.07598876953,60.0,basic_housing
4,rooms,rooms,980977.9218673706,474.0,basic_housing
4,living_rooms,living_rooms,421529.12170410156,265.0,basic_housing
4,bathrooms,bathrooms,300367.6650161743,245.0,basic_housing
4,has_management,has_management,240785.84631347656,148.0,basic_housing
4,has_elevator,has_elevator,107442.42050170898,40.0,basic_housing
4,has_parking,has_parking,891503.4008483887,200.0,basic_housing
4,parking_area_m2,parking_area_m2,1752830.5667572021,896.0,basic_housing
4,physical_condition_flag,physical_condition_flag,217886.4953765869,180.0,note_or_quality_flags
4,renovation_flag,renovation_flag,39328.83943939209,46.0,note_or_quality_flags
4,broad_note_flag,broad_note_flag,97157.83561706543,75.0,note_or_quality_flags
4,district_median_price_180d,district_median_price_180d,1514893.2536239624,952.0,time_aware_market
4,district_median_price_365d,district_median_price_365d,1370446.8203353882,853.0,time_aware_market
4,district_count_180d,district_count_180d,962403.6668701172,978.0,time_aware_market
4,district_type_median_price_180d,district_type_median_price_180d,761516.9443130493,664.0,time_aware_market
4,district_type_median_price_365d,district_type_median_price_365d,905123.1587524414,732.0,time_aware_market
4,district_type_count_180d,district_type_count_180d,764512.0739898682,898.0,time_aware_market
4,district_price_change_180_365,district_price_change_180_365,813506.4743118286,976.0,time_aware_market
4,district_type_price_change_180_365,district_type_price_change_180_365,933970.1333694458,1083.0,time_aware_market
4,comp_365d_count,comp_365d_count,0.0,0.0,rule_based_comparable
4,comp_365d_median_price,comp_365d_median_price,696861.0706329346,731.0,rule_based_comparable
4,comp_365d_mean_price,comp_365d_mean_price,553585.6635742188,482.0,rule_based_comparable
4,comp_365d_weighted_mean_price,comp_365d_weighted_mean_price,6479105.226448059,492.0,rule_based_comparable
4,comp_365d_std_price,comp_365d_std_price,1379526.5252838135,1272.0,rule_based_comparable
4,comp_365d_nearest_price,comp_365d_nearest_price,1123893.1012115479,996.0,rule_based_comparable
4,comp_365d_nearest_distance,comp_365d_nearest_distance,750171.8232574463,736.0,rule_based_comparable
4,comp_365d_median_distance,comp_365d_median_distance,785144.8909606934,719.0,rule_based_comparable
4,comp_365d_median_days_diff,comp_365d_median_days_diff,644986.5034179688,789.0,rule_based_comparable
4,comp_365d_median_area_diff_pct,comp_365d_median_area_diff_pct,773148.0427474976,930.0,rule_based_comparable
4,comp_365d_median_age_diff,comp_365d_median_age_diff,1147648.656616211,1044.0,rule_based_comparable
4,comp_730d_count,comp_730d_count,0.0,0.0,rule_based_comparable
4,comp_730d_median_price,comp_730d_median_price,1043306.8162155151,681.0,rule_based_comparable
4,comp_730d_mean_price,comp_730d_mean_price,7394641.947425842,599.0,rule_based_comparable
4,comp_730d_weighted_mean_price,comp_730d_weighted_mean_price,170257471.85339355,957.0,rule_based_comparable
4,comp_730d_std_price,comp_730d_std_price,1510713.3566741943,1316.0,rule_based_comparable
4,comp_730d_nearest_price,comp_730d_nearest_price,2029956.2181091309,1019.0,rule_based_comparable
4,comp_730d_nearest_distance,comp_730d_nearest_distance,867114.6094360352,811.0,rule_based_comparable
4,comp_730d_median_distance,comp_730d_median_distance,669373.0444335938,662.0,rule_based_comparable
4,comp_730d_median_days_diff,comp_730d_median_days_diff,758555.9904937744,913.0,rule_based_comparable
4,comp_730d_median_area_diff_pct,comp_730d_median_area_diff_pct,981131.6381378174,1072.0,rule_based_comparable
4,comp_730d_median_age_diff,comp_730d_median_age_diff,1406755.3464813232,1205.0,rule_based_comparable
4,emb_730d_count,emb_730d_count,0.0,0.0,embedding_reranker_comparable
4,emb_730d_median_price,emb_730d_median_price,636604.1842346191,621.0,embedding_reranker_comparable
4,emb_730d_mean_price,emb_730d_mean_price,533983.3788757324,519.0,embedding_reranker_comparable
4,emb_730d_weighted_mean_price,emb_730d_weighted_mean_price,17643114.523468018,839.0,embedding_reranker_comparable
4,emb_730d_std_price,emb_730d_std_price,1061942.4193344116,993.0,embedding_reranker_comparable
4,emb_730d_nearest_price,emb_730d_nearest_price,902052.613204956,812.0,embedding_reranker_comparable
4,emb_730d_max_similarity,emb_730d_max_similarity,565389.2046966553,638.0,embedding_reranker_comparable
4,emb_730d_mean_similarity,emb_730d_mean_similarity,598329.5972290039,535.0,embedding_reranker_comparable
4,emb_730d_median_similarity,emb_730d_median_similarity,522556.4383087158,526.0,embedding_reranker_comparable
4,emb_730d_mean_reranker_score,emb_730d_mean_reranker_score,774266.3904647827,683.0,embedding_reranker_comparable
4,emb_730d_max_reranker_score,emb_730d_max_reranker_score,1274865.5240783691,901.0,embedding_reranker_comparable
4,emb_730d_median_days_diff,emb_730d_median_days_diff,712380.7880859375,833.0,embedding_reranker_comparable
4,emb_730d_median_area_diff_pct,emb_730d_median_area_diff_pct,743541.0711975098,814.0,embedding_reranker_comparable
4,emb_730d_median_age_diff,emb_730d_median_age_diff,984261.8141326904,801.0,embedding_reranker_comparable
4,emb_1095d_count,emb_1095d_count,0.0,0.0,embedding_reranker_comparable
4,emb_1095d_median_price,emb_1095d_median_price,634967.5722732544,670.0,embedding_reranker_comparable
4,emb_1095d_mean_price,emb_1095d_mean_price,560293.2324829102,580.0,embedding_reranker_comparable
4,emb_1095d_weighted_mean_price,emb_1095d_weighted_mean_price,37762192.54473877,990.0,embedding_reranker_comparable
4,emb_1095d_std_price,emb_1095d_std_price,1138495.3593826294,1055.0,embedding_reranker_comparable
4,emb_1095d_nearest_price,emb_1095d_nearest_price,1842883.2067108154,971.0,embedding_reranker_comparable
4,emb_1095d_max_similarity,emb_1095d_max_similarity,526954.032295227,560.0,embedding_reranker_comparable
4,emb_1095d_mean_similarity,emb_1095d_mean_similarity,502649.1345977783,479.0,embedding_reranker_comparable
4,emb_1095d_median_similarity,emb_1095d_median_similarity,435623.9154663086,467.0,embedding_reranker_comparable
4,emb_1095d_mean_reranker_score,emb_1095d_mean_reranker_score,596781.4494247437,577.0,embedding_reranker_comparable
4,emb_1095d_max_reranker_score,emb_1095d_max_reranker_score,1562706.154449463,1043.0,embedding_reranker_comparable
4,emb_1095d_median_days_diff,emb_1095d_median_days_diff,733370.5153198242,835.0,embedding_reranker_comparable
4,emb_1095d_median_area_diff_pct,emb_1095d_median_area_diff_pct,721524.0556182861,784.0,embedding_reranker_comparable
4,emb_1095d_median_age_diff,emb_1095d_median_age_diff,1072068.123664856,864.0,embedding_reranker_comparable
4,district_中山區,district,58329.789489746094,43.0,location_time
4,district_中正區,district,119098.43453979492,63.0,location_time
4,district_信義區,district,103252.54513549805,85.0,location_time
4,district_內湖區,district,17310.916885375977,15.0,location_time
4,district_北投區,district,53524.13719177246,63.0,location_time
4,district_南港區,district,22774.388061523438,24.0,location_time
4,district_士林區,district,52283.17111206055,60.0,location_time
4,district_大同區,district,47497.1858215332,38.0,location_time
4,district_大安區,district,3557.678009033203,4.0,location_time
4,district_文山區,district,8084.671936035156,13.0,location_time
4,district_松山區,district,86087.36874389648,63.0,location_time
4,district_萬華區,district,9440.73445892334,23.0,location_time
4,trade_month_1.0,trade_month,14623.145935058594,20.0,location_time
4,trade_month_2.0,trade_month,18034.576889038086,35.0,location_time
4,trade_month_3.0,trade_month,19107.341094970703,26.0,location_time
4,trade_month_4.0,trade_month,29100.51187133789,40.0,location_time
4,trade_month_5.0,trade_month,13331.031982421875,11.0,location_time
4,trade_month_6.0,trade_month,25315.428192138672,34.0,location_time
4,trade_month_7.0,trade_month,8015.480010986328,13.0,location_time
4,trade_month_8.0,trade_month,7700.43505859375,9.0,location_time
4,trade_month_9.0,trade_month,8627.468063354492,14.0,location_time
4,trade_month_10.0,trade_month,12093.09001159668,18.0,location_time
4,trade_month_11.0,trade_month,39765.80174255371,48.0,location_time
4,trade_month_12.0,trade_month,18851.08413696289,24.0,location_time
4,trade_quarter_1.0,trade_quarter,20236.208908081055,27.0,location_time
4,trade_quarter_2.0,trade_quarter,27694.59780883789,34.0,location_time
4,trade_quarter_3.0,trade_quarter,23639.863082885742,32.0,location_time
4,trade_quarter_4.0,trade_quarter,37072.43502807617,55.0,location_time
4,trade_yq_2019Q4,trade_yq,6448.038970947266,6.0,location_time
4,trade_yq_2020Q1,trade_yq,20879.439903259277,32.0,location_time
4,trade_yq_2020Q2,trade_yq,9749.711975097656,14.0,location_time
4,trade_yq_2020Q3,trade_yq,4063.4550170898438,6.0,location_time
4,trade_yq_2020Q4,trade_yq,20090.11605834961,23.0,location_time
4,trade_yq_2021Q1,trade_yq,22868.724731445312,17.0,location_time
4,trade_yq_2021Q2,trade_yq,9580.168029785156,16.0,location_time
4,trade_yq_2021Q3,trade_yq,8053.542999267578,13.0,location_time
4,trade_yq_2021Q4,trade_yq,57342.376472473145,53.0,location_time
4,trade_yq_2022Q1,trade_yq,22214.48583984375,23.0,location_time
4,trade_yq_2022Q2,trade_yq,25418.18324279785,22.0,location_time
4,trade_yq_2022Q3,trade_yq,4901.612045288086,6.0,location_time
4,building_type_住宅大樓(11層含以上有電梯),building_type,17712.899017333984,12.0,location_time
4,building_type_公寓(5樓含以下無電梯),building_type,61658.290267944336,24.0,location_time
4,building_type_套房(1房1廳1衛),building_type,7304.10009765625,2.0,location_time
4,building_type_華廈(10層含以下有電梯),building_type,193335.02780151367,105.0,location_time
4,material_加強磚造,material,18330.40203857422,21.0,location_time
4,material_壁式預鑄鋼筋混凝土造,material,0.0,0.0,location_time
4,material_磚造,material,0.0,0.0,location_time
4,material_見使用執照,material,0.0,0.0,location_time
4,material_見其他登記事項,material,15084.880912780762,20.0,location_time
4,material_鋼構造,material,0.0,0.0,location_time
4,material_鋼筋混凝土加強磚造,material,0.0,0.0,location_time
4,material_鋼筋混凝土造,material,632023.5478973389,140.0,location_time
4,material_鋼筋混凝土造，鋼骨鋼筋混凝土造,material,4122.0,1.0,location_time
4,material_鋼骨混凝土造,material,0.0,0.0,location_time
4,material_鋼骨造,material,42670.619232177734,36.0,location_time
4,material_鋼骨鋼筋混凝土造,material,132299.2663269043,85.0,location_time
4,material_鋼骨鋼筋混凝土造；鋼骨造,material,0.0,0.0,location_time
4,material_鋼骨ＲＣ造,material,0.0,0.0,location_time
4,material_預力混凝土造,material,0.0,0.0,location_time
5,trade_year,trade_year,346782.93087768555,215.0,location_time
5,main_use_missing,main_use_missing,541.7830200195312,1.0,note_or_quality_flags
5,building_age,building_age,3942874.1909103394,2481.0,basic_housing
5,building_age_missing,building_age_missing,150625.97955322266,67.0,basic_housing
5,building_area_m2,building_area_m2,1624889.507133484,1400.0,basic_housing
5,building_area_ping,building_area_ping,353563.92179870605,277.0,basic_housing
5,main_building_area_m2,main_building_area_m2,1733004.7617492676,1493.0,basic_housing
5,main_building_area_ping,main_building_area_ping,344627.24418640137,275.0,basic_housing
5,auxiliary_area_m2,auxiliary_area_m2,1618161.0478363037,1257.0,basic_housing
5,balcony_area_m2,balcony_area_m2,1411453.2481079102,1379.0,basic_housing
5,land_area_m2,land_area_m2,2540153.685546875,1889.0,basic_housing
5,floor,floor,3529482.690940857,997.0,basic_housing
5,total_floor,total_floor,1372282.1756134033,1005.0,basic_housing
5,floor_ratio,floor_ratio,936341.9667816162,869.0,basic_housing
5,is_basement,is_basement,0.0,0.0,basic_housing
5,multi_floor,multi_floor,69773.37609863281,53.0,basic_housing
5,rooms,rooms,1019484.0845184326,503.0,basic_housing
5,living_rooms,living_rooms,448973.0482788086,281.0,basic_housing
5,bathrooms,bathrooms,254109.93307495117,211.0,basic_housing
5,has_management,has_management,315049.0401611328,167.0,basic_housing
5,has_elevator,has_elevator,82519.06524658203,39.0,basic_housing
5,has_parking,has_parking,861370.8025512695,203.0,basic_housing
5,parking_area_m2,parking_area_m2,1710513.2746505737,926.0,basic_housing
5,physical_condition_flag,physical_condition_flag,229916.03276062012,177.0,note_or_quality_flags
5,renovation_flag,renovation_flag,50481.69731903076,51.0,note_or_quality_flags
5,broad_note_flag,broad_note_flag,91048.77966308594,60.0,note_or_quality_flags
5,district_median_price_180d,district_median_price_180d,1349270.176727295,898.0,time_aware_market
5,district_median_price_365d,district_median_price_365d,1418696.9604110718,896.0,time_aware_market
5,district_count_180d,district_count_180d,961051.4921188354,1030.0,time_aware_market
5,district_type_median_price_180d,district_type_median_price_180d,830513.7545852661,740.0,time_aware_market
5,district_type_median_price_365d,district_type_median_price_365d,962589.8233795166,794.0,time_aware_market
5,district_type_count_180d,district_type_count_180d,817321.3924942017,930.0,time_aware_market
5,district_price_change_180_365,district_price_change_180_365,794363.3653182983,950.0,time_aware_market
5,district_type_price_change_180_365,district_type_price_change_180_365,946499.5601196289,1133.0,time_aware_market
5,comp_365d_count,comp_365d_count,0.0,0.0,rule_based_comparable
5,comp_365d_median_price,comp_365d_median_price,708918.3785858154,677.0,rule_based_comparable
5,comp_365d_mean_price,comp_365d_mean_price,502172.64739990234,471.0,rule_based_comparable
5,comp_365d_weighted_mean_price,comp_365d_weighted_mean_price,5954805.783843994,523.0,rule_based_comparable
5,comp_365d_std_price,comp_365d_std_price,1188229.784439087,1221.0,rule_based_comparable
5,comp_365d_nearest_price,comp_365d_nearest_price,1008089.2046737671,998.0,rule_based_comparable
5,comp_365d_nearest_distance,comp_365d_nearest_distance,787726.5167694092,835.0,rule_based_comparable
5,comp_365d_median_distance,comp_365d_median_distance,750525.4582290649,683.0,rule_based_comparable
5,comp_365d_median_days_diff,comp_365d_median_days_diff,663889.224685669,797.0,rule_based_comparable
5,comp_365d_median_area_diff_pct,comp_365d_median_area_diff_pct,775728.1044464111,900.0,rule_based_comparable
5,comp_365d_median_age_diff,comp_365d_median_age_diff,1089730.0903778076,1030.0,rule_based_comparable
5,comp_730d_count,comp_730d_count,0.0,0.0,rule_based_comparable
5,comp_730d_median_price,comp_730d_median_price,1184720.8665008545,695.0,rule_based_comparable
5,comp_730d_mean_price,comp_730d_mean_price,7995221.2588272095,602.0,rule_based_comparable
5,comp_730d_weighted_mean_price,comp_730d_weighted_mean_price,164654178.2803421,947.0,rule_based_comparable
5,comp_730d_std_price,comp_730d_std_price,1435187.7495422363,1291.0,rule_based_comparable
5,comp_730d_nearest_price,comp_730d_nearest_price,1955589.8203201294,1027.0,rule_based_comparable
5,comp_730d_nearest_distance,comp_730d_nearest_distance,862348.9857635498,819.0,rule_based_comparable
5,comp_730d_median_distance,comp_730d_median_distance,790553.5623626709,755.0,rule_based_comparable
5,comp_730d_median_days_diff,comp_730d_median_days_diff,690754.8839950562,820.0,rule_based_comparable
5,comp_730d_median_area_diff_pct,comp_730d_median_area_diff_pct,921563.8768692017,1061.0,rule_based_comparable
5,comp_730d_median_age_diff,comp_730d_median_age_diff,1376635.787322998,1184.0,rule_based_comparable
5,emb_730d_count,emb_730d_count,0.0,0.0,embedding_reranker_comparable
5,emb_730d_median_price,emb_730d_median_price,546271.1264877319,559.0,embedding_reranker_comparable
5,emb_730d_mean_price,emb_730d_mean_price,566371.4519042969,555.0,embedding_reranker_comparable
5,emb_730d_weighted_mean_price,emb_730d_weighted_mean_price,15477671.581367493,815.0,embedding_reranker_comparable
5,emb_730d_std_price,emb_730d_std_price,955915.807182312,972.0,embedding_reranker_comparable
5,emb_730d_nearest_price,emb_730d_nearest_price,942140.5592193604,750.0,embedding_reranker_comparable
5,emb_730d_max_similarity,emb_730d_max_similarity,629142.7033538818,610.0,embedding_reranker_comparable
5,emb_730d_mean_similarity,emb_730d_mean_similarity,460961.99130249023,453.0,embedding_reranker_comparable
5,emb_730d_median_similarity,emb_730d_median_similarity,529483.1239624023,539.0,embedding_reranker_comparable
5,emb_730d_mean_reranker_score,emb_730d_mean_reranker_score,665949.0324935913,612.0,embedding_reranker_comparable
5,emb_730d_max_reranker_score,emb_730d_max_reranker_score,1204148.9792404175,932.0,embedding_reranker_comparable
5,emb_730d_median_days_diff,emb_730d_median_days_diff,756365.7123413086,877.0,embedding_reranker_comparable
5,emb_730d_median_area_diff_pct,emb_730d_median_area_diff_pct,789059.974533081,815.0,embedding_reranker_comparable
5,emb_730d_median_age_diff,emb_730d_median_age_diff,899090.9425048828,809.0,embedding_reranker_comparable
5,emb_1095d_count,emb_1095d_count,0.0,0.0,embedding_reranker_comparable
5,emb_1095d_median_price,emb_1095d_median_price,615657.4291229248,634.0,embedding_reranker_comparable
5,emb_1095d_mean_price,emb_1095d_mean_price,584358.6314468384,604.0,embedding_reranker_comparable
5,emb_1095d_weighted_mean_price,emb_1095d_weighted_mean_price,39526317.08467865,1034.0,embedding_reranker_comparable
5,emb_1095d_std_price,emb_1095d_std_price,1138407.0059509277,1047.0,embedding_reranker_comparable
5,emb_1095d_nearest_price,emb_1095d_nearest_price,1611249.270980835,991.0,embedding_reranker_comparable
5,emb_1095d_max_similarity,emb_1095d_max_similarity,506065.17028808594,538.0,embedding_reranker_comparable
5,emb_1095d_mean_similarity,emb_1095d_mean_similarity,436999.0111846924,485.0,embedding_reranker_comparable
5,emb_1095d_median_similarity,emb_1095d_median_similarity,546942.2205047607,520.0,embedding_reranker_comparable
5,emb_1095d_mean_reranker_score,emb_1095d_mean_reranker_score,730315.2818145752,622.0,embedding_reranker_comparable
5,emb_1095d_max_reranker_score,emb_1095d_max_reranker_score,1561273.0715179443,1020.0,embedding_reranker_comparable
5,emb_1095d_median_days_diff,emb_1095d_median_days_diff,763542.2794952393,844.0,embedding_reranker_comparable
5,emb_1095d_median_area_diff_pct,emb_1095d_median_area_diff_pct,731183.2995376587,802.0,embedding_reranker_comparable
5,emb_1095d_median_age_diff,emb_1095d_median_age_diff,1110369.6457824707,932.0,embedding_reranker_comparable
5,district_中山區,district,68009.26232910156,55.0,location_time
5,district_中正區,district,65594.21740722656,43.0,location_time
5,district_信義區,district,111663.01766967773,85.0,location_time
5,district_內湖區,district,12785.675964355469,15.0,location_time
5,district_北投區,district,27731.988174438477,34.0,location_time
5,district_南港區,district,31345.12481689453,29.0,location_time
5,district_士林區,district,50803.55905151367,57.0,location_time
5,district_大同區,district,52583.9372253418,40.0,location_time
5,district_大安區,district,17456.81298828125,10.0,location_time
5,district_文山區,district,10131.488098144531,13.0,location_time
5,district_松山區,district,93653.6636505127,61.0,location_time
5,district_萬華區,district,16645.262908935547,38.0,location_time
5,trade_month_1.0,trade_month,24246.892776489258,22.0,location_time
5,trade_month_2.0,trade_month,33204.57137298584,40.0,location_time
5,trade_month_3.0,trade_month,19949.501098632812,24.0,location_time
5,trade_month_4.0,trade_month,24440.110137939453,30.0,location_time
5,trade_month_5.0,trade_month,30747.55194091797,34.0,location_time
5,trade_month_6.0,trade_month,25337.247009277344,32.0,location_time
5,trade_month_7.0,trade_month,9238.861877441406,14.0,location_time
5,trade_month_8.0,trade_month,3996.697021484375,9.0,location_time
5,trade_month_9.0,trade_month,7382.34196472168,12.0,location_time
5,trade_month_10.0,trade_month,25202.023956298828,34.0,location_time
5,trade_month_11.0,trade_month,32302.44985961914,42.0,location_time
5,trade_month_12.0,trade_month,15821.647872924805,25.0,location_time
5,trade_quarter_1.0,trade_quarter,35313.26501464844,31.0,location_time
5,trade_quarter_2.0,trade_quarter,31461.579132080078,41.0,location_time
5,trade_quarter_3.0,trade_quarter,18125.568908691406,26.0,location_time
5,trade_quarter_4.0,trade_quarter,48463.48399353027,48.0,location_time
5,trade_yq_2020Q1,trade_yq,46517.16618347168,49.0,location_time
5,trade_yq_2020Q2,trade_yq,15133.659042358398,17.0,location_time
5,trade_yq_2020Q3,trade_yq,3089.8530883789062,2.0,location_time
5,trade_yq_2020Q4,trade_yq,7665.471008300781,9.0,location_time
5,trade_yq_2021Q1,trade_yq,21087.886169433594,23.0,location_time
5,trade_yq_2021Q2,trade_yq,11144.775970458984,17.0,location_time
5,trade_yq_2021Q3,trade_yq,6104.330871582031,9.0,location_time
5,trade_yq_2021Q4,trade_yq,49395.13230895996,50.0,location_time
5,trade_yq_2022Q1,trade_yq,27257.86619567871,28.0,location_time
5,trade_yq_2022Q2,trade_yq,30583.39178466797,33.0,location_time
5,trade_yq_2022Q3,trade_yq,5031.2740478515625,6.0,location_time
5,trade_yq_2022Q4,trade_yq,942.0670166015625,2.0,location_time
5,building_type_住宅大樓(11層含以上有電梯),building_type,5762.828918457031,12.0,location_time
5,building_type_公寓(5樓含以下無電梯),building_type,39101.016204833984,18.0,location_time
5,building_type_套房(1房1廳1衛),building_type,1821.77099609375,4.0,location_time
5,building_type_華廈(10層含以下有電梯),building_type,140352.05336761475,107.0,location_time
5,material_加強磚造,material,16774.26091003418,21.0,location_time
5,material_壁式預鑄鋼筋混凝土造,material,0.0,0.0,location_time
5,material_磚造,material,0.0,0.0,location_time
5,material_見使用執照,material,0.0,0.0,location_time
5,material_見其他登記事項,material,19256.42835998535,29.0,location_time
5,material_鋼構造,material,0.0,0.0,location_time
5,material_鋼筋混凝土加強磚造,material,0.0,0.0,location_time
5,material_鋼筋混凝土造,material,663648.8510284424,161.0,location_time
5,material_鋼筋混凝土造，鋼骨鋼筋混凝土造,material,435.3420104980469,2.0,location_time
5,material_鋼骨混凝土造,material,0.0,0.0,location_time
5,material_鋼骨造,material,46667.73570251465,41.0,location_time
5,material_鋼骨鋼筋混凝土造,material,106687.81295776367,62.0,location_time
5,material_鋼骨鋼筋混凝土造；鋼骨造,material,0.0,0.0,location_time
5,material_鋼骨ＲＣ造,material,0.0,0.0,location_time
5,material_預力混凝土造,material,0.0,0.0,location_time
5,material_ＲＣ造,material,0.0,0.0,location_time
6,trade_year,trade_year,219836.34326934814,179.0,location_time
6,main_use_missing,main_use_missing,0.0,0.0,note_or_quality_flags
6,building_age,building_age,4183828.359565735,2534.0,basic_housing
6,building_age_missing,building_age_missing,162919.92959594727,54.0,basic_housing
6,building_area_m2,building_area_m2,1641283.9202270508,1401.0,basic_housing
6,building_area_ping,building_area_ping,396857.1879348755,296.0,basic_housing
6,main_building_area_m2,main_building_area_m2,1734216.4525604248,1505.0,basic_housing
6,main_building_area_ping,main_building_area_ping,301101.7472076416,244.0,basic_housing
6,auxiliary_area_m2,auxiliary_area_m2,1533348.2467346191,1193.0,basic_housing
6,balcony_area_m2,balcony_area_m2,1417476.5972595215,1370.0,basic_housing
6,land_area_m2,land_area_m2,2447537.008163452,1820.0,basic_housing
6,floor,floor,3494737.6214904785,956.0,basic_housing
6,total_floor,total_floor,1330346.930343628,984.0,basic_housing
6,floor_ratio,floor_ratio,965991.436050415,862.0,basic_housing
6,is_basement,is_basement,0.0,0.0,basic_housing
6,multi_floor,multi_floor,104633.39282226562,80.0,basic_housing
6,rooms,rooms,1007031.779373169,491.0,basic_housing
6,living_rooms,living_rooms,409399.3252105713,254.0,basic_housing
6,bathrooms,bathrooms,248457.17138671875,216.0,basic_housing
6,has_management,has_management,215008.35984802246,139.0,basic_housing
6,has_elevator,has_elevator,79846.67295837402,49.0,basic_housing
6,has_parking,has_parking,877626.9763336182,206.0,basic_housing
6,parking_area_m2,parking_area_m2,1697901.4953689575,903.0,basic_housing
6,physical_condition_flag,physical_condition_flag,212269.6570739746,153.0,note_or_quality_flags
6,renovation_flag,renovation_flag,44277.16359710693,49.0,note_or_quality_flags
6,broad_note_flag,broad_note_flag,88867.25288391113,78.0,note_or_quality_flags
6,district_median_price_180d,district_median_price_180d,1516584.1584625244,907.0,time_aware_market
6,district_median_price_365d,district_median_price_365d,1258537.0501861572,862.0,time_aware_market
6,district_count_180d,district_count_180d,925146.8863143921,921.0,time_aware_market
6,district_type_median_price_180d,district_type_median_price_180d,800098.9281845093,716.0,time_aware_market
6,district_type_median_price_365d,district_type_median_price_365d,1049897.5369110107,801.0,time_aware_market
6,district_type_count_180d,district_type_count_180d,755341.7401733398,809.0,time_aware_market
6,district_price_change_180_365,district_price_change_180_365,849128.9385223389,976.0,time_aware_market
6,district_type_price_change_180_365,district_type_price_change_180_365,911758.5481033325,1047.0,time_aware_market
6,comp_365d_count,comp_365d_count,0.0,0.0,rule_based_comparable
6,comp_365d_median_price,comp_365d_median_price,714686.3433532715,705.0,rule_based_comparable
6,comp_365d_mean_price,comp_365d_mean_price,517743.29137420654,472.0,rule_based_comparable
6,comp_365d_weighted_mean_price,comp_365d_weighted_mean_price,4366390.954521179,497.0,rule_based_comparable
6,comp_365d_std_price,comp_365d_std_price,1193850.673828125,1152.0,rule_based_comparable
6,comp_365d_nearest_price,comp_365d_nearest_price,1110029.8374557495,910.0,rule_based_comparable
6,comp_365d_nearest_distance,comp_365d_nearest_distance,857681.2430419922,847.0,rule_based_comparable
6,comp_365d_median_distance,comp_365d_median_distance,771920.9886779785,641.0,rule_based_comparable
6,comp_365d_median_days_diff,comp_365d_median_days_diff,705653.7156600952,867.0,rule_based_comparable
6,comp_365d_median_area_diff_pct,comp_365d_median_area_diff_pct,812483.0216522217,931.0,rule_based_comparable
6,comp_365d_median_age_diff,comp_365d_median_age_diff,1235739.1099853516,1073.0,rule_based_comparable
6,comp_730d_count,comp_730d_count,0.0,0.0,rule_based_comparable
6,comp_730d_median_price,comp_730d_median_price,1239580.514251709,670.0,rule_based_comparable
6,comp_730d_mean_price,comp_730d_mean_price,7069563.984779358,610.0,rule_based_comparable
6,comp_730d_weighted_mean_price,comp_730d_weighted_mean_price,161822981.60780334,954.0,rule_based_comparable
6,comp_730d_std_price,comp_730d_std_price,1521702.1647644043,1362.0,rule_based_comparable
6,comp_730d_nearest_price,comp_730d_nearest_price,1909464.0554885864,1076.0,rule_based_comparable
6,comp_730d_nearest_distance,comp_730d_nearest_distance,870891.0784301758,780.0,rule_based_comparable
6,comp_730d_median_distance,comp_730d_median_distance,716856.1774291992,689.0,rule_based_comparable
6,comp_730d_median_days_diff,comp_730d_median_days_diff,774646.7371139526,932.0,rule_based_comparable
6,comp_730d_median_area_diff_pct,comp_730d_median_area_diff_pct,895820.0262145996,999.0,rule_based_comparable
6,comp_730d_median_age_diff,comp_730d_median_age_diff,1464591.0094680786,1249.0,rule_based_comparable
6,emb_730d_count,emb_730d_count,0.0,0.0,embedding_reranker_comparable
6,emb_730d_median_price,emb_730d_median_price,611932.7881011963,616.0,embedding_reranker_comparable
6,emb_730d_mean_price,emb_730d_mean_price,569001.3199462891,560.0,embedding_reranker_comparable
6,emb_730d_weighted_mean_price,emb_730d_weighted_mean_price,18527613.36226654,760.0,embedding_reranker_comparable
6,emb_730d_std_price,emb_730d_std_price,1226669.5385284424,1069.0,embedding_reranker_comparable
6,emb_730d_nearest_price,emb_730d_nearest_price,1097754.5852279663,838.0,embedding_reranker_comparable
6,emb_730d_max_similarity,emb_730d_max_similarity,590756.6094360352,638.0,embedding_reranker_comparable
6,emb_730d_mean_similarity,emb_730d_mean_similarity,491257.8129577637,487.0,embedding_reranker_comparable
6,emb_730d_median_similarity,emb_730d_median_similarity,553632.5719451904,542.0,embedding_reranker_comparable
6,emb_730d_mean_reranker_score,emb_730d_mean_reranker_score,832493.991317749,649.0,embedding_reranker_comparable
6,emb_730d_max_reranker_score,emb_730d_max_reranker_score,1072590.1236419678,883.0,embedding_reranker_comparable
6,emb_730d_median_days_diff,emb_730d_median_days_diff,754299.2771911621,905.0,embedding_reranker_comparable
6,emb_730d_median_area_diff_pct,emb_730d_median_area_diff_pct,717114.7634277344,821.0,embedding_reranker_comparable
6,emb_730d_median_age_diff,emb_730d_median_age_diff,1058250.1139068604,865.0,embedding_reranker_comparable
6,emb_1095d_count,emb_1095d_count,0.0,0.0,embedding_reranker_comparable
6,emb_1095d_median_price,emb_1095d_median_price,609590.2365875244,640.0,embedding_reranker_comparable
6,emb_1095d_mean_price,emb_1095d_mean_price,519964.05601501465,622.0,embedding_reranker_comparable
6,emb_1095d_weighted_mean_price,emb_1095d_weighted_mean_price,40855845.78083038,1115.0,embedding_reranker_comparable
6,emb_1095d_std_price,emb_1095d_std_price,1154745.2508850098,1060.0,embedding_reranker_comparable
6,emb_1095d_nearest_price,emb_1095d_nearest_price,1412381.8055267334,988.0,embedding_reranker_comparable
6,emb_1095d_max_similarity,emb_1095d_max_similarity,522730.0284423828,602.0,embedding_reranker_comparable
6,emb_1095d_mean_similarity,emb_1095d_mean_similarity,485389.0570297241,505.0,embedding_reranker_comparable
6,emb_1095d_median_similarity,emb_1095d_median_similarity,469116.43408966064,532.0,embedding_reranker_comparable
6,emb_1095d_mean_reranker_score,emb_1095d_mean_reranker_score,784772.784866333,668.0,embedding_reranker_comparable
6,emb_1095d_max_reranker_score,emb_1095d_max_reranker_score,1488212.024230957,997.0,embedding_reranker_comparable
6,emb_1095d_median_days_diff,emb_1095d_median_days_diff,764528.8659973145,828.0,embedding_reranker_comparable
6,emb_1095d_median_area_diff_pct,emb_1095d_median_area_diff_pct,823956.3126678467,894.0,embedding_reranker_comparable
6,emb_1095d_median_age_diff,emb_1095d_median_age_diff,1026453.8888626099,875.0,embedding_reranker_comparable
6,district_中山區,district,88548.55651855469,46.0,location_time
6,district_中正區,district,88423.98266601562,58.0,location_time
6,district_信義區,district,101944.60345458984,87.0,location_time
6,district_內湖區,district,7332.274963378906,8.0,location_time
6,district_北投區,district,33707.48614501953,40.0,location_time
6,district_南港區,district,19308.171020507812,28.0,location_time
6,district_士林區,district,60598.684020996094,67.0,location_time
6,district_大同區,district,62728.12530517578,43.0,location_time
6,district_大安區,district,41005.77810668945,21.0,location_time
6,district_文山區,district,5777.125946044922,11.0,location_time
6,district_松山區,district,78622.43183898926,63.0,location_time
6,district_萬華區,district,16563.14387512207,45.0,location_time
6,trade_month_1.0,trade_month,18252.446075439453,25.0,location_time
6,trade_month_2.0,trade_month,24002.049423217773,25.0,location_time
6,trade_month_3.0,trade_month,55959.943939208984,56.0,location_time
6,trade_month_4.0,trade_month,29326.705139160156,35.0,location_time
6,trade_month_5.0,trade_month,22830.79916381836,22.0,location_time
6,trade_month_6.0,trade_month,20349.529998779297,26.0,location_time
6,trade_month_7.0,trade_month,6063.187927246094,11.0,location_time
6,trade_month_8.0,trade_month,4157.971984863281,8.0,location_time
6,trade_month_9.0,trade_month,9942.130004882812,15.0,location_time
6,trade_month_10.0,trade_month,19736.126892089844,29.0,location_time
6,trade_month_11.0,trade_month,31489.24575805664,38.0,location_time
6,trade_month_12.0,trade_month,26275.680938720703,24.0,location_time
6,trade_quarter_1.0,trade_quarter,29946.693099975586,35.0,location_time
6,trade_quarter_2.0,trade_quarter,28234.04702758789,31.0,location_time
6,trade_quarter_3.0,trade_quarter,17759.678955078125,28.0,location_time
6,trade_quarter_4.0,trade_quarter,39262.30505371094,41.0,location_time
6,trade_yq_2020Q2,trade_yq,57748.59353637695,37.0,location_time
6,trade_yq_2020Q3,trade_yq,2723.885986328125,6.0,location_time
6,trade_yq_2020Q4,trade_yq,5128.441070556641,6.0,location_time
6,trade_yq_2021Q1,trade_yq,8863.993865966797,11.0,location_time
6,trade_yq_2021Q2,trade_yq,10818.113037109375,18.0,location_time
6,trade_yq_2021Q3,trade_yq,4131.3829345703125,7.0,location_time
6,trade_yq_2021Q4,trade_yq,49892.293212890625,51.0,location_time
6,trade_yq_2022Q1,trade_yq,35771.49783325195,38.0,location_time
6,trade_yq_2022Q2,trade_yq,26018.89715576172,29.0,location_time
6,trade_yq_2022Q3,trade_yq,5762.670074462891,7.0,location_time
6,trade_yq_2022Q4,trade_yq,2871.8920288085938,5.0,location_time
6,trade_yq_2023Q1,trade_yq,1203.0400390625,1.0,location_time
6,building_type_住宅大樓(11層含以上有電梯),building_type,25325.26678466797,16.0,location_time
6,building_type_公寓(5樓含以下無電梯),building_type,22466.932830810547,11.0,location_time
6,building_type_套房(1房1廳1衛),building_type,0.0,0.0,location_time
6,building_type_華廈(10層含以下有電梯),building_type,72177.20964050293,59.0,location_time
6,material_加強磚造,material,13210.763793945312,14.0,location_time
6,material_壁式預鑄鋼筋混凝土造,material,0.0,0.0,location_time
6,material_磚造,material,0.0,0.0,location_time
6,material_見使用執照,material,0.0,0.0,location_time
6,material_見其他登記事項,material,15802.191932678223,26.0,location_time
6,material_鋼構造,material,0.0,0.0,location_time
6,material_鋼筋混凝土加強磚造,material,0.0,0.0,location_time
6,material_鋼筋混凝土造,material,550941.167175293,137.0,location_time
6,material_鋼筋混凝土造，鋼骨鋼筋混凝土造,material,736.8477020263672,7.0,location_time
6,material_鋼骨混凝土造,material,0.0,0.0,location_time
6,material_鋼骨造,material,38501.74073791504,42.0,location_time
6,material_鋼骨鋼筋混凝土造,material,127954.96293640137,76.0,location_time
6,material_鋼骨鋼筋混凝土造；鋼骨造,material,0.0,0.0,location_time
6,material_鋼骨ＲＣ造,material,0.0,0.0,location_time
6,material_預力混凝土造,material,0.0,0.0,location_time
6,material_ＲＣ造,material,0.0,0.0,location_time
7,trade_year,trade_year,126686.79749298096,127.0,location_time
7,main_use_missing,main_use_missing,9833.801086425781,8.0,note_or_quality_flags
7,building_age,building_age,4208956.899711609,2525.0,basic_housing
7,building_age_missing,building_age_missing,125002.20629882812,55.0,basic_housing
7,building_area_m2,building_area_m2,1719334.5445251465,1397.0,basic_housing
7,building_area_ping,building_area_ping,456859.24114227295,335.0,basic_housing
7,main_building_area_m2,main_building_area_m2,1742835.443939209,1497.0,basic_housing
7,main_building_area_ping,main_building_area_ping,360796.14015197754,286.0,basic_housing
7,auxiliary_area_m2,auxiliary_area_m2,1627707.5329742432,1194.0,basic_housing
7,balcony_area_m2,balcony_area_m2,1283729.85055542,1242.0,basic_housing
7,land_area_m2,land_area_m2,2446854.859649658,1965.0,basic_housing
7,floor,floor,3488319.7660369873,970.0,basic_housing
7,total_floor,total_floor,1273353.18875885,954.0,basic_housing
7,floor_ratio,floor_ratio,870221.7994995117,782.0,basic_housing
7,is_basement,is_basement,0.0,0.0,basic_housing
7,multi_floor,multi_floor,136502.73025512695,90.0,basic_housing
7,rooms,rooms,1000722.4657058716,493.0,basic_housing
7,living_rooms,living_rooms,388161.5886993408,239.0,basic_housing
7,bathrooms,bathrooms,345305.2655181885,268.0,basic_housing
7,has_management,has_management,208512.90522766113,144.0,basic_housing
7,has_elevator,has_elevator,78468.2152709961,33.0,basic_housing
7,has_parking,has_parking,823397.171585083,203.0,basic_housing
7,parking_area_m2,parking_area_m2,2040641.374633789,998.0,basic_housing
7,physical_condition_flag,physical_condition_flag,249394.11459350586,175.0,note_or_quality_flags
7,renovation_flag,renovation_flag,36671.35437774658,57.0,note_or_quality_flags
7,broad_note_flag,broad_note_flag,62375.599685668945,71.0,note_or_quality_flags
7,district_median_price_180d,district_median_price_180d,1368467.3145446777,936.0,time_aware_market
7,district_median_price_365d,district_median_price_365d,1394079.286994934,828.0,time_aware_market
7,district_count_180d,district_count_180d,897106.5532608032,935.0,time_aware_market
7,district_type_median_price_180d,district_type_median_price_180d,807097.2771911621,729.0,time_aware_market
7,district_type_median_price_365d,district_type_median_price_365d,1040969.4968032837,729.0,time_aware_market
7,district_type_count_180d,district_type_count_180d,942560.6258773804,927.0,time_aware_market
7,district_price_change_180_365,district_price_change_180_365,770081.0757446289,935.0,time_aware_market
7,district_type_price_change_180_365,district_type_price_change_180_365,957378.5403900146,1117.0,time_aware_market
7,comp_365d_count,comp_365d_count,0.0,0.0,rule_based_comparable
7,comp_365d_median_price,comp_365d_median_price,673171.4463119507,640.0,rule_based_comparable
7,comp_365d_mean_price,comp_365d_mean_price,549572.1615142822,515.0,rule_based_comparable
7,comp_365d_weighted_mean_price,comp_365d_weighted_mean_price,1129768.3368530273,523.0,rule_based_comparable
7,comp_365d_std_price,comp_365d_std_price,1303699.009628296,1156.0,rule_based_comparable
7,comp_365d_nearest_price,comp_365d_nearest_price,1125674.4076004028,939.0,rule_based_comparable
7,comp_365d_nearest_distance,comp_365d_nearest_distance,881244.0821685791,856.0,rule_based_comparable
7,comp_365d_median_distance,comp_365d_median_distance,723269.2238464355,659.0,rule_based_comparable
7,comp_365d_median_days_diff,comp_365d_median_days_diff,864519.5419006348,971.0,rule_based_comparable
7,comp_365d_median_area_diff_pct,comp_365d_median_area_diff_pct,729653.8686523438,816.0,rule_based_comparable
7,comp_365d_median_age_diff,comp_365d_median_age_diff,1152777.3558654785,988.0,rule_based_comparable
7,comp_730d_count,comp_730d_count,0.0,0.0,rule_based_comparable
7,comp_730d_median_price,comp_730d_median_price,1070149.0755844116,687.0,rule_based_comparable
7,comp_730d_mean_price,comp_730d_mean_price,22535086.44923401,628.0,rule_based_comparable
7,comp_730d_weighted_mean_price,comp_730d_weighted_mean_price,148058647.8569641,882.0,rule_based_comparable
7,comp_730d_std_price,comp_730d_std_price,1643046.4593200684,1314.0,rule_based_comparable
7,comp_730d_nearest_price,comp_730d_nearest_price,2200521.6742095947,1105.0,rule_based_comparable
7,comp_730d_nearest_distance,comp_730d_nearest_distance,927450.1538543701,803.0,rule_based_comparable
7,comp_730d_median_distance,comp_730d_median_distance,876521.8095779419,751.0,rule_based_comparable
7,comp_730d_median_days_diff,comp_730d_median_days_diff,794688.9945526123,922.0,rule_based_comparable
7,comp_730d_median_area_diff_pct,comp_730d_median_area_diff_pct,901460.49659729,972.0,rule_based_comparable
7,comp_730d_median_age_diff,comp_730d_median_age_diff,1348047.50881958,1175.0,rule_based_comparable
7,emb_730d_count,emb_730d_count,0.0,0.0,embedding_reranker_comparable
7,emb_730d_median_price,emb_730d_median_price,778258.4687423706,658.0,embedding_reranker_comparable
7,emb_730d_mean_price,emb_730d_mean_price,525172.4631195068,551.0,embedding_reranker_comparable
7,emb_730d_weighted_mean_price,emb_730d_weighted_mean_price,22110344.71862793,778.0,embedding_reranker_comparable
7,emb_730d_std_price,emb_730d_std_price,1270586.3564605713,1114.0,embedding_reranker_comparable
7,emb_730d_nearest_price,emb_730d_nearest_price,1519246.1252288818,901.0,embedding_reranker_comparable
7,emb_730d_max_similarity,emb_730d_max_similarity,601870.4462585449,605.0,embedding_reranker_comparable
7,emb_730d_mean_similarity,emb_730d_mean_similarity,452164.7497406006,463.0,embedding_reranker_comparable
7,emb_730d_median_similarity,emb_730d_median_similarity,516479.04205322266,562.0,embedding_reranker_comparable
7,emb_730d_mean_reranker_score,emb_730d_mean_reranker_score,760500.1351852417,670.0,embedding_reranker_comparable
7,emb_730d_max_reranker_score,emb_730d_max_reranker_score,1269250.9391784668,909.0,embedding_reranker_comparable
7,emb_730d_median_days_diff,emb_730d_median_days_diff,785513.814529419,849.0,embedding_reranker_comparable
7,emb_730d_median_area_diff_pct,emb_730d_median_area_diff_pct,758103.5964355469,828.0,embedding_reranker_comparable
7,emb_730d_median_age_diff,emb_730d_median_age_diff,1057008.428062439,891.0,embedding_reranker_comparable
7,emb_1095d_count,emb_1095d_count,0.0,0.0,embedding_reranker_comparable
7,emb_1095d_median_price,emb_1095d_median_price,649030.3893966675,624.0,embedding_reranker_comparable
7,emb_1095d_mean_price,emb_1095d_mean_price,865417.2350921631,597.0,embedding_reranker_comparable
7,emb_1095d_weighted_mean_price,emb_1095d_weighted_mean_price,38253043.99166107,945.0,embedding_reranker_comparable
7,emb_1095d_std_price,emb_1095d_std_price,1180220.5861053467,1070.0,embedding_reranker_comparable
7,emb_1095d_nearest_price,emb_1095d_nearest_price,1684463.7104110718,1021.0,embedding_reranker_comparable
7,emb_1095d_max_similarity,emb_1095d_max_similarity,541047.6651382446,580.0,embedding_reranker_comparable
7,emb_1095d_mean_similarity,emb_1095d_mean_similarity,436617.55027770996,500.0,embedding_reranker_comparable
7,emb_1095d_median_similarity,emb_1095d_median_similarity,476645.5991897583,536.0,embedding_reranker_comparable
7,emb_1095d_mean_reranker_score,emb_1095d_mean_reranker_score,678209.1587982178,646.0,embedding_reranker_comparable
7,emb_1095d_max_reranker_score,emb_1095d_max_reranker_score,1385506.5550231934,988.0,embedding_reranker_comparable
7,emb_1095d_median_days_diff,emb_1095d_median_days_diff,889148.9540252686,885.0,embedding_reranker_comparable
7,emb_1095d_median_area_diff_pct,emb_1095d_median_area_diff_pct,797934.538848877,882.0,embedding_reranker_comparable
7,emb_1095d_median_age_diff,emb_1095d_median_age_diff,1005866.2440261841,862.0,embedding_reranker_comparable
7,district_中山區,district,147589.69653320312,81.0,location_time
7,district_中正區,district,84313.3129272461,52.0,location_time
7,district_信義區,district,79849.85614013672,73.0,location_time
7,district_內湖區,district,18947.626876831055,17.0,location_time
7,district_北投區,district,16152.748077392578,21.0,location_time
7,district_南港區,district,4898.341949462891,9.0,location_time
7,district_士林區,district,97251.31829833984,78.0,location_time
7,district_大同區,district,38366.63282775879,24.0,location_time
7,district_大安區,district,54595.35774230957,25.0,location_time
7,district_文山區,district,4950.3380126953125,7.0,location_time
7,district_松山區,district,67910.09840393066,50.0,location_time
7,district_萬華區,district,15184.17446899414,36.0,location_time
7,trade_month_1.0,trade_month,10796.031127929688,13.0,location_time
7,trade_month_2.0,trade_month,19797.626976013184,27.0,location_time
7,trade_month_3.0,trade_month,40624.531799316406,46.0,location_time
7,trade_month_4.0,trade_month,22852.091094970703,31.0,location_time
7,trade_month_5.0,trade_month,18999.7109375,21.0,location_time
7,trade_month_6.0,trade_month,22911.59408569336,35.0,location_time
7,trade_month_7.0,trade_month,3491.8970336914062,8.0,location_time
7,trade_month_8.0,trade_month,5157.686981201172,10.0,location_time
7,trade_month_9.0,trade_month,8338.4599609375,12.0,location_time
7,trade_month_10.0,trade_month,10259.035095214844,18.0,location_time
7,trade_month_11.0,trade_month,40839.97880554199,42.0,location_time
7,trade_month_12.0,trade_month,17794.687072753906,16.0,location_time
7,trade_quarter_1.0,trade_quarter,28523.371948242188,34.0,location_time
7,trade_quarter_2.0,trade_quarter,39745.419021606445,37.0,location_time
7,trade_quarter_3.0,trade_quarter,19413.18492126465,27.0,location_time
7,trade_quarter_4.0,trade_quarter,30639.14584350586,37.0,location_time
7,trade_yq_2020Q3,trade_yq,21291.80793762207,16.0,location_time
7,trade_yq_2020Q4,trade_yq,3961.9950256347656,6.0,location_time
7,trade_yq_2021Q1,trade_yq,17384.227752685547,16.0,location_time
7,trade_yq_2021Q2,trade_yq,15633.976989746094,25.0,location_time
7,trade_yq_2021Q3,trade_yq,9348.397918701172,14.0,location_time
7,trade_yq_2021Q4,trade_yq,32094.413246154785,41.0,location_time
7,trade_yq_2022Q1,trade_yq,26118.806091308594,31.0,location_time
7,trade_yq_2022Q2,trade_yq,26065.994735717773,26.0,location_time
7,trade_yq_2022Q3,trade_yq,4434.825012207031,6.0,location_time
7,trade_yq_2022Q4,trade_yq,1352.2129821777344,3.0,location_time
7,trade_yq_2023Q1,trade_yq,5403.533966064453,8.0,location_time
7,trade_yq_2023Q2,trade_yq,10854.245025634766,15.0,location_time
7,building_type_住宅大樓(11層含以上有電梯),building_type,33866.57501220703,20.0,location_time
7,building_type_公寓(5樓含以下無電梯),building_type,30088.647003173828,12.0,location_time
7,building_type_套房(1房1廳1衛),building_type,0.0,0.0,location_time
7,building_type_華廈(10層含以下有電梯),building_type,59806.647384643555,75.0,location_time
7,material_加強磚,material,0.0,0.0,location_time
7,material_加強磚造,material,14218.158111572266,17.0,location_time
7,material_壁式預鑄鋼筋混凝土造,material,0.0,0.0,location_time
7,material_磚造,material,0.0,0.0,location_time
7,material_見使用執照,material,0.0,0.0,location_time
7,material_見其他登記事項,material,5423.224655151367,19.0,location_time
7,material_鋼構造,material,0.0,0.0,location_time
7,material_鋼筋混凝土加強磚造,material,0.0,0.0,location_time
7,material_鋼筋混凝土造,material,575320.5909576416,158.0,location_time
7,material_鋼筋混凝土造，鋼骨鋼筋混凝土造,material,853.7735137939453,6.0,location_time
7,material_鋼骨混凝土造,material,0.0,0.0,location_time
7,material_鋼骨造,material,50024.34240722656,56.0,location_time
7,material_鋼骨鋼筋混凝土造,material,130363.54650878906,82.0,location_time
7,material_鋼骨鋼筋混凝土造；鋼骨造,material,0.0,0.0,location_time
7,material_鋼骨ＲＣ造,material,0.0,0.0,location_time
7,material_預力混凝土造,material,0.0,0.0,location_time
7,material_ＲＣ造,material,0.0,0.0,location_time
8,trade_year,trade_year,107944.36094665527,137.0,location_time
8,main_use_missing,main_use_missing,25950.21597290039,18.0,note_or_quality_flags
8,building_age,building_age,4184670.832748413,2486.0,basic_housing
8,building_age_missing,building_age_missing,179030.23962402344,60.0,basic_housing
8,building_area_m2,building_area_m2,1821071.7385101318,1397.0,basic_housing
8,building_area_ping,building_area_ping,292221.7621078491,256.0,basic_housing
8,main_building_area_m2,main_building_area_m2,1631595.9578704834,1371.0,basic_housing
8,main_building_area_ping,main_building_area_ping,273990.50115966797,247.0,basic_housing
8,auxiliary_area_m2,auxiliary_area_m2,1591446.2640838623,1135.0,basic_housing
8,balcony_area_m2,balcony_area_m2,1387481.4772033691,1271.0,basic_housing
8,land_area_m2,land_area_m2,2442580.5096588135,1907.0,basic_housing
8,floor,floor,3293016.445915222,956.0,basic_housing
8,total_floor,total_floor,1410968.4601211548,1026.0,basic_housing
8,floor_ratio,floor_ratio,741118.2102661133,711.0,basic_housing
8,is_basement,is_basement,0.0,0.0,basic_housing
8,multi_floor,multi_floor,199527.53326416016,110.0,basic_housing
8,rooms,rooms,1139824.0296707153,535.0,basic_housing
8,living_rooms,living_rooms,378800.97217559814,255.0,basic_housing
8,bathrooms,bathrooms,292695.2401351929,239.0,basic_housing
8,has_management,has_management,135639.91317749023,101.0,basic_housing
8,has_elevator,has_elevator,61460.112869262695,29.0,basic_housing
8,has_parking,has_parking,749380.978302002,199.0,basic_housing
8,parking_area_m2,parking_area_m2,2111271.232116699,1052.0,basic_housing
8,physical_condition_flag,physical_condition_flag,256425.1273803711,158.0,note_or_quality_flags
8,renovation_flag,renovation_flag,31626.242904663086,58.0,note_or_quality_flags
8,broad_note_flag,broad_note_flag,93967.53500366211,98.0,note_or_quality_flags
8,district_median_price_180d,district_median_price_180d,1332595.9497909546,863.0,time_aware_market
8,district_median_price_365d,district_median_price_365d,1544698.0739898682,939.0,time_aware_market
8,district_count_180d,district_count_180d,979856.2241821289,1001.0,time_aware_market
8,district_type_median_price_180d,district_type_median_price_180d,825479.6865005493,711.0,time_aware_market
8,district_type_median_price_365d,district_type_median_price_365d,1023937.171836853,674.0,time_aware_market
8,district_type_count_180d,district_type_count_180d,785126.0094985962,807.0,time_aware_market
8,district_price_change_180_365,district_price_change_180_365,811736.4509887695,933.0,time_aware_market
8,district_type_price_change_180_365,district_type_price_change_180_365,987670.9534378052,1126.0,time_aware_market
8,comp_365d_count,comp_365d_count,0.0,0.0,rule_based_comparable
8,comp_365d_median_price,comp_365d_median_price,783107.2353897095,605.0,rule_based_comparable
8,comp_365d_mean_price,comp_365d_mean_price,1693008.4043121338,507.0,rule_based_comparable
8,comp_365d_weighted_mean_price,comp_365d_weighted_mean_price,10898872.2261734,544.0,rule_based_comparable
8,comp_365d_std_price,comp_365d_std_price,1219300.3722305298,1135.0,rule_based_comparable
8,comp_365d_nearest_price,comp_365d_nearest_price,1171147.3769378662,944.0,rule_based_comparable
8,comp_365d_nearest_distance,comp_365d_nearest_distance,757717.7972564697,778.0,rule_based_comparable
8,comp_365d_median_distance,comp_365d_median_distance,865466.5308380127,758.0,rule_based_comparable
8,comp_365d_median_days_diff,comp_365d_median_days_diff,858632.0012664795,929.0,rule_based_comparable
8,comp_365d_median_area_diff_pct,comp_365d_median_area_diff_pct,715837.2426681519,817.0,rule_based_comparable
8,comp_365d_median_age_diff,comp_365d_median_age_diff,1166062.4208755493,988.0,rule_based_comparable
8,comp_730d_count,comp_730d_count,0.0,0.0,rule_based_comparable
8,comp_730d_median_price,comp_730d_median_price,2211811.698692322,727.0,rule_based_comparable
8,comp_730d_mean_price,comp_730d_mean_price,8447992.029449463,533.0,rule_based_comparable
8,comp_730d_weighted_mean_price,comp_730d_weighted_mean_price,146984772.0777588,892.0,rule_based_comparable
8,comp_730d_std_price,comp_730d_std_price,1569956.2291259766,1359.0,rule_based_comparable
8,comp_730d_nearest_price,comp_730d_nearest_price,1870005.1653900146,1011.0,rule_based_comparable
8,comp_730d_nearest_distance,comp_730d_nearest_distance,878875.4884490967,807.0,rule_based_comparable
8,comp_730d_median_distance,comp_730d_median_distance,755797.279335022,710.0,rule_based_comparable
8,comp_730d_median_days_diff,comp_730d_median_days_diff,861313.2032775879,936.0,rule_based_comparable
8,comp_730d_median_area_diff_pct,comp_730d_median_area_diff_pct,837580.4293060303,946.0,rule_based_comparable
8,comp_730d_median_age_diff,comp_730d_median_age_diff,1428195.6207199097,1165.0,rule_based_comparable
8,emb_730d_count,emb_730d_count,0.0,0.0,embedding_reranker_comparable
8,emb_730d_median_price,emb_730d_median_price,592693.9786071777,614.0,embedding_reranker_comparable
8,emb_730d_mean_price,emb_730d_mean_price,494018.8846588135,539.0,embedding_reranker_comparable
8,emb_730d_weighted_mean_price,emb_730d_weighted_mean_price,30171111.608322144,819.0,embedding_reranker_comparable
8,emb_730d_std_price,emb_730d_std_price,1247115.4329071045,1073.0,embedding_reranker_comparable
8,emb_730d_nearest_price,emb_730d_nearest_price,1044750.9651794434,877.0,embedding_reranker_comparable
8,emb_730d_max_similarity,emb_730d_max_similarity,496645.87474823,561.0,embedding_reranker_comparable
8,emb_730d_mean_similarity,emb_730d_mean_similarity,491043.7217178345,515.0,embedding_reranker_comparable
8,emb_730d_median_similarity,emb_730d_median_similarity,511110.52697753906,580.0,embedding_reranker_comparable
8,emb_730d_mean_reranker_score,emb_730d_mean_reranker_score,712182.0632095337,623.0,embedding_reranker_comparable
8,emb_730d_max_reranker_score,emb_730d_max_reranker_score,1242497.1295928955,910.0,embedding_reranker_comparable
8,emb_730d_median_days_diff,emb_730d_median_days_diff,855285.2098464966,899.0,embedding_reranker_comparable
8,emb_730d_median_area_diff_pct,emb_730d_median_area_diff_pct,830368.7893371582,909.0,embedding_reranker_comparable
8,emb_730d_median_age_diff,emb_730d_median_age_diff,1216706.6940917969,941.0,embedding_reranker_comparable
8,emb_1095d_count,emb_1095d_count,0.0,0.0,embedding_reranker_comparable
8,emb_1095d_median_price,emb_1095d_median_price,663745.697341919,669.0,embedding_reranker_comparable
8,emb_1095d_mean_price,emb_1095d_mean_price,639579.415184021,588.0,embedding_reranker_comparable
8,emb_1095d_weighted_mean_price,emb_1095d_weighted_mean_price,33399973.971343994,1007.0,embedding_reranker_comparable
8,emb_1095d_std_price,emb_1095d_std_price,1272088.213432312,1113.0,embedding_reranker_comparable
8,emb_1095d_nearest_price,emb_1095d_nearest_price,1377248.812034607,991.0,embedding_reranker_comparable
8,emb_1095d_max_similarity,emb_1095d_max_similarity,644951.2316589355,616.0,embedding_reranker_comparable
8,emb_1095d_mean_similarity,emb_1095d_mean_similarity,541900.6990356445,553.0,embedding_reranker_comparable
8,emb_1095d_median_similarity,emb_1095d_median_similarity,554212.6418914795,593.0,embedding_reranker_comparable
8,emb_1095d_mean_reranker_score,emb_1095d_mean_reranker_score,793052.5238418579,711.0,embedding_reranker_comparable
8,emb_1095d_max_reranker_score,emb_1095d_max_reranker_score,1401453.6673278809,986.0,embedding_reranker_comparable
8,emb_1095d_median_days_diff,emb_1095d_median_days_diff,1054594.9067230225,992.0,embedding_reranker_comparable
8,emb_1095d_median_area_diff_pct,emb_1095d_median_area_diff_pct,845186.5603637695,880.0,embedding_reranker_comparable
8,emb_1095d_median_age_diff,emb_1095d_median_age_diff,1032935.1127624512,935.0,embedding_reranker_comparable
8,district_中山區,district,124159.56562805176,59.0,location_time
8,district_中正區,district,94105.79772949219,49.0,location_time
8,district_信義區,district,89028.11639404297,83.0,location_time
8,district_內湖區,district,29928.40689086914,29.0,location_time
8,district_北投區,district,31180.90301513672,29.0,location_time
8,district_南港區,district,13276.999969482422,14.0,location_time
8,district_士林區,district,134902.50408935547,86.0,location_time
8,district_大同區,district,24929.008880615234,21.0,location_time
8,district_大安區,district,25818.706939697266,11.0,location_time
8,district_文山區,district,6465.704986572266,11.0,location_time
8,district_松山區,district,86452.01572418213,52.0,location_time
8,district_萬華區,district,17652.972885131836,36.0,location_time
8,trade_month_1.0,trade_month,6373.758056640625,7.0,location_time
8,trade_month_2.0,trade_month,39684.733253479004,42.0,location_time
8,trade_month_3.0,trade_month,24803.080139160156,28.0,location_time
8,trade_month_4.0,trade_month,18157.547882080078,27.0,location_time
8,trade_month_5.0,trade_month,33944.707580566406,27.0,location_time
8,trade_month_6.0,trade_month,24961.561935424805,32.0,location_time
8,trade_month_7.0,trade_month,8419.933044433594,11.0,location_time
8,trade_month_8.0,trade_month,20749.820281982422,18.0,location_time
8,trade_month_9.0,trade_month,14295.86294555664,19.0,location_time
8,trade_month_10.0,trade_month,8004.450988769531,17.0,location_time
8,trade_month_11.0,trade_month,55209.16145324707,53.0,location_time
8,trade_month_12.0,trade_month,12960.61489868164,17.0,location_time
8,trade_quarter_1.0,trade_quarter,39257.14709472656,31.0,location_time
8,trade_quarter_2.0,trade_quarter,18497.80596923828,29.0,location_time
8,trade_quarter_3.0,trade_quarter,30650.785766601562,35.0,location_time
8,trade_quarter_4.0,trade_quarter,26950.203903198242,26.0,location_time
8,trade_yq_2020Q4,trade_yq,2598.1080017089844,3.0,location_time
8,trade_yq_2021Q1,trade_yq,10717.265075683594,13.0,location_time
8,trade_yq_2021Q2,trade_yq,24845.353927612305,30.0,location_time
8,trade_yq_2021Q3,trade_yq,10734.448944091797,15.0,location_time
8,trade_yq_2021Q4,trade_yq,47989.249198913574,51.0,location_time
8,trade_yq_2022Q1,trade_yq,35982.15567779541,46.0,location_time
8,trade_yq_2022Q2,trade_yq,21483.297088623047,28.0,location_time
8,trade_yq_2022Q3,trade_yq,850.9580078125,2.0,location_time
8,trade_yq_2022Q4,trade_yq,3039.7210083007812,4.0,location_time
8,trade_yq_2023Q1,trade_yq,13509.56021118164,14.0,location_time
8,trade_yq_2023Q2,trade_yq,12311.434844970703,17.0,location_time
8,trade_yq_2023Q3,trade_yq,14857.592102050781,17.0,location_time
8,building_type_住宅大樓(11層含以上有電梯),building_type,20643.99203491211,15.0,location_time
8,building_type_公寓(5樓含以下無電梯),building_type,8420.828002929688,5.0,location_time
8,building_type_套房(1房1廳1衛),building_type,0.0,0.0,location_time
8,building_type_華廈(10層含以下有電梯),building_type,100282.88751220703,98.0,location_time
8,material_加強磚,material,0.0,0.0,location_time
8,material_加強磚造,material,23571.317016601562,19.0,location_time
8,material_壁式預鑄鋼筋混凝土造,material,0.0,0.0,location_time
8,material_磚石造,material,0.0,0.0,location_time
8,material_磚造,material,0.0,0.0,location_time
8,material_見使用執照,material,0.0,0.0,location_time
8,material_見其他登記事項,material,299.6340026855469,1.0,location_time
8,material_鋼構造,material,0.0,0.0,location_time
8,material_鋼筋混凝土加強磚造,material,0.0,0.0,location_time
8,material_鋼筋混凝土造,material,507894.8725280762,143.0,location_time
8,material_鋼筋混凝土造，鋼骨鋼筋混凝土造,material,0.0,0.0,location_time
8,material_鋼骨混凝土造,material,0.0,0.0,location_time
8,material_鋼骨造,material,34887.00452423096,49.0,location_time
8,material_鋼骨鋼筋混凝土造,material,177015.0026550293,80.0,location_time
8,material_鋼骨鋼筋混凝土造；鋼骨造,material,0.0,0.0,location_time
8,material_鋼骨ＲＣ造,material,0.0,0.0,location_time
8,material_預力混凝土造,material,0.0,0.0,location_time
8,material_ＲＣ造,material,0.0,0.0,location_time
9,trade_year,trade_year,106592.20802307129,119.0,location_time
9,main_use_missing,main_use_missing,15215.956115722656,14.0,note_or_quality_flags
9,building_age,building_age,4253062.074508667,2304.0,basic_housing
9,building_age_missing,building_age_missing,84035.22897338867,48.0,basic_housing
9,building_area_m2,building_area_m2,1862298.3549423218,1360.0,basic_housing
9,building_area_ping,building_area_ping,333137.6229248047,278.0,basic_housing
9,main_building_area_m2,main_building_area_m2,1685477.5920944214,1397.0,basic_housing
9,main_building_area_ping,main_building_area_ping,409673.950592041,318.0,basic_housing
9,auxiliary_area_m2,auxiliary_area_m2,1544014.0843963623,1128.0,basic_housing
9,balcony_area_m2,balcony_area_m2,1461662.6412200928,1285.0,basic_housing
9,land_area_m2,land_area_m2,2418462.499633789,1839.0,basic_housing
9,floor,floor,3339281.5278778076,896.0,basic_housing
9,total_floor,total_floor,1302409.6060638428,961.0,basic_housing
9,floor_ratio,floor_ratio,839600.1006317139,729.0,basic_housing
9,is_basement,is_basement,0.0,0.0,basic_housing
9,multi_floor,multi_floor,186882.38208007812,111.0,basic_housing
9,rooms,rooms,1104078.022140503,460.0,basic_housing
9,living_rooms,living_rooms,400303.50562286377,266.0,basic_housing
9,bathrooms,bathrooms,283185.4587402344,226.0,basic_housing
9,has_management,has_management,160355.91352844238,118.0,basic_housing
9,has_elevator,has_elevator,61462.66647338867,22.0,basic_housing
9,has_parking,has_parking,722146.9498596191,188.0,basic_housing
9,parking_area_m2,parking_area_m2,2033468.4029464722,1010.0,basic_housing
9,physical_condition_flag,physical_condition_flag,276304.13066101074,183.0,note_or_quality_flags
9,renovation_flag,renovation_flag,28128.59423828125,50.0,note_or_quality_flags
9,broad_note_flag,broad_note_flag,83604.41577148438,80.0,note_or_quality_flags
9,district_median_price_180d,district_median_price_180d,1518057.1348953247,890.0,time_aware_market
9,district_median_price_365d,district_median_price_365d,1229855.8096313477,854.0,time_aware_market
9,district_count_180d,district_count_180d,933641.5151138306,926.0,time_aware_market
9,district_type_median_price_180d,district_type_median_price_180d,931357.3622207642,722.0,time_aware_market
9,district_type_median_price_365d,district_type_median_price_365d,913451.1489181519,690.0,time_aware_market
9,district_type_count_180d,district_type_count_180d,742011.7878952026,759.0,time_aware_market
9,district_price_change_180_365,district_price_change_180_365,862434.7166976929,1004.0,time_aware_market
9,district_type_price_change_180_365,district_type_price_change_180_365,994753.4272003174,1160.0,time_aware_market
9,comp_365d_count,comp_365d_count,0.0,0.0,rule_based_comparable
9,comp_365d_median_price,comp_365d_median_price,721847.5018615723,675.0,rule_based_comparable
9,comp_365d_mean_price,comp_365d_mean_price,532122.9198608398,480.0,rule_based_comparable
9,comp_365d_weighted_mean_price,comp_365d_weighted_mean_price,16514780.719543457,500.0,rule_based_comparable
9,comp_365d_std_price,comp_365d_std_price,1243596.4434509277,1089.0,rule_based_comparable
9,comp_365d_nearest_price,comp_365d_nearest_price,1275407.4531173706,928.0,rule_based_comparable
9,comp_365d_nearest_distance,comp_365d_nearest_distance,872874.7896347046,863.0,rule_based_comparable
9,comp_365d_median_distance,comp_365d_median_distance,839932.0250244141,767.0,rule_based_comparable
9,comp_365d_median_days_diff,comp_365d_median_days_diff,845385.7700881958,920.0,rule_based_comparable
9,comp_365d_median_area_diff_pct,comp_365d_median_area_diff_pct,741263.6215667725,808.0,rule_based_comparable
9,comp_365d_median_age_diff,comp_365d_median_age_diff,1276256.1488494873,1041.0,rule_based_comparable
9,comp_730d_count,comp_730d_count,0.0,0.0,rule_based_comparable
9,comp_730d_median_price,comp_730d_median_price,2669086.4487609863,667.0,rule_based_comparable
9,comp_730d_mean_price,comp_730d_mean_price,45150013.91872406,611.0,rule_based_comparable
9,comp_730d_weighted_mean_price,comp_730d_weighted_mean_price,105780742.36380005,880.0,rule_based_comparable
9,comp_730d_std_price,comp_730d_std_price,1696181.2978744507,1359.0,rule_based_comparable
9,comp_730d_nearest_price,comp_730d_nearest_price,1855338.5242843628,987.0,rule_based_comparable
9,comp_730d_nearest_distance,comp_730d_nearest_distance,861311.232711792,824.0,rule_based_comparable
9,comp_730d_median_distance,comp_730d_median_distance,783163.7498397827,719.0,rule_based_comparable
9,comp_730d_median_days_diff,comp_730d_median_days_diff,897707.6854095459,937.0,rule_based_comparable
9,comp_730d_median_area_diff_pct,comp_730d_median_area_diff_pct,940523.2495727539,964.0,rule_based_comparable
9,comp_730d_median_age_diff,comp_730d_median_age_diff,1488426.39793396,1158.0,rule_based_comparable
9,emb_730d_count,emb_730d_count,0.0,0.0,embedding_reranker_comparable
9,emb_730d_median_price,emb_730d_median_price,658747.2666397095,683.0,embedding_reranker_comparable
9,emb_730d_mean_price,emb_730d_mean_price,416836.3902130127,483.0,embedding_reranker_comparable
9,emb_730d_weighted_mean_price,emb_730d_weighted_mean_price,20806247.49784851,796.0,embedding_reranker_comparable
9,emb_730d_std_price,emb_730d_std_price,1263778.5228118896,1094.0,embedding_reranker_comparable
9,emb_730d_nearest_price,emb_730d_nearest_price,1243317.842300415,951.0,embedding_reranker_comparable
9,emb_730d_max_similarity,emb_730d_max_similarity,567631.9867858887,647.0,embedding_reranker_comparable
9,emb_730d_mean_similarity,emb_730d_mean_similarity,564516.2681350708,566.0,embedding_reranker_comparable
9,emb_730d_median_similarity,emb_730d_median_similarity,514147.06672668457,552.0,embedding_reranker_comparable
9,emb_730d_mean_reranker_score,emb_730d_mean_reranker_score,798780.8946533203,683.0,embedding_reranker_comparable
9,emb_730d_max_reranker_score,emb_730d_max_reranker_score,1153126.9106063843,894.0,embedding_reranker_comparable
9,emb_730d_median_days_diff,emb_730d_median_days_diff,886301.1689376831,978.0,embedding_reranker_comparable
9,emb_730d_median_area_diff_pct,emb_730d_median_area_diff_pct,970873.6348876953,1003.0,embedding_reranker_comparable
9,emb_730d_median_age_diff,emb_730d_median_age_diff,1155405.6930389404,947.0,embedding_reranker_comparable
9,emb_1095d_count,emb_1095d_count,0.0,0.0,embedding_reranker_comparable
9,emb_1095d_median_price,emb_1095d_median_price,618968.5751800537,662.0,embedding_reranker_comparable
9,emb_1095d_mean_price,emb_1095d_mean_price,848555.7767715454,589.0,embedding_reranker_comparable
9,emb_1095d_weighted_mean_price,emb_1095d_weighted_mean_price,40431860.3013916,1021.0,embedding_reranker_comparable
9,emb_1095d_std_price,emb_1095d_std_price,1208619.3651657104,1161.0,embedding_reranker_comparable
9,emb_1095d_nearest_price,emb_1095d_nearest_price,1509664.6737365723,954.0,embedding_reranker_comparable
9,emb_1095d_max_similarity,emb_1095d_max_similarity,576506.1005401611,620.0,embedding_reranker_comparable
9,emb_1095d_mean_similarity,emb_1095d_mean_similarity,564651.5552825928,588.0,embedding_reranker_comparable
9,emb_1095d_median_similarity,emb_1095d_median_similarity,515760.6662750244,561.0,embedding_reranker_comparable
9,emb_1095d_mean_reranker_score,emb_1095d_mean_reranker_score,735332.8482818604,696.0,embedding_reranker_comparable
9,emb_1095d_max_reranker_score,emb_1095d_max_reranker_score,1235421.4673614502,929.0,embedding_reranker_comparable
9,emb_1095d_median_days_diff,emb_1095d_median_days_diff,1033894.3330230713,989.0,embedding_reranker_comparable
9,emb_1095d_median_area_diff_pct,emb_1095d_median_area_diff_pct,893633.291557312,907.0,embedding_reranker_comparable
9,emb_1095d_median_age_diff,emb_1095d_median_age_diff,1129912.549156189,942.0,embedding_reranker_comparable
9,district_中山區,district,91185.75375366211,66.0,location_time
9,district_中正區,district,73980.14190673828,54.0,location_time
9,district_信義區,district,102064.28117370605,80.0,location_time
9,district_內湖區,district,26383.568756103516,20.0,location_time
9,district_北投區,district,19553.897003173828,22.0,location_time
9,district_南港區,district,13903.050079345703,16.0,location_time
9,district_士林區,district,120678.66654968262,83.0,location_time
9,district_大同區,district,27636.578216552734,22.0,location_time
9,district_大安區,district,31237.629028320312,10.0,location_time
9,district_文山區,district,7844.840026855469,13.0,location_time
9,district_松山區,district,112309.51583862305,51.0,location_time
9,district_萬華區,district,36149.345878601074,56.0,location_time
9,trade_month_1.0,trade_month,9815.231948852539,15.0,location_time
9,trade_month_2.0,trade_month,40779.21221160889,40.0,location_time
9,trade_month_3.0,trade_month,22469.12109375,31.0,location_time
9,trade_month_4.0,trade_month,19469.787963867188,32.0,location_time
9,trade_month_5.0,trade_month,37386.959396362305,39.0,location_time
9,trade_month_6.0,trade_month,17192.193161010742,31.0,location_time
9,trade_month_7.0,trade_month,7176.938995361328,13.0,location_time
9,trade_month_8.0,trade_month,15659.22705078125,12.0,location_time
9,trade_month_9.0,trade_month,15724.662109375,20.0,location_time
9,trade_month_10.0,trade_month,18401.98699951172,26.0,location_time
9,trade_month_11.0,trade_month,30336.11605834961,33.0,location_time
9,trade_month_12.0,trade_month,12509.580932617188,22.0,location_time
9,trade_quarter_1.0,trade_quarter,13246.543975830078,20.0,location_time
9,trade_quarter_2.0,trade_quarter,16969.893951416016,23.0,location_time
9,trade_quarter_3.0,trade_quarter,22579.371002197266,26.0,location_time
9,trade_quarter_4.0,trade_quarter,48936.953216552734,59.0,location_time
9,trade_yq_2021Q1,trade_yq,24202.714813232422,26.0,location_time
9,trade_yq_2021Q2,trade_yq,25319.317901611328,30.0,location_time
9,trade_yq_2021Q3,trade_yq,11616.767150878906,16.0,location_time
9,trade_yq_2021Q4,trade_yq,32859.43814086914,28.0,location_time
9,trade_yq_2022Q1,trade_yq,34921.1862487793,43.0,location_time
9,trade_yq_2022Q2,trade_yq,25517.432098388672,31.0,location_time
9,trade_yq_2022Q3,trade_yq,6580.644073486328,9.0,location_time
9,trade_yq_2022Q4,trade_yq,2385.342010498047,4.0,location_time
9,trade_yq_2023Q1,trade_yq,10114.090942382812,9.0,location_time
9,trade_yq_2023Q2,trade_yq,9067.24105834961,14.0,location_time
9,trade_yq_2023Q3,trade_yq,24361.49203491211,25.0,location_time
9,trade_yq_2023Q4,trade_yq,3578.8890380859375,4.0,location_time
9,building_type_住宅大樓(11層含以上有電梯),building_type,21708.126953125,14.0,location_time
9,building_type_公寓(5樓含以下無電梯),building_type,16693.157287597656,6.0,location_time
9,building_type_套房(1房1廳1衛),building_type,0.0,0.0,location_time
9,building_type_華廈(10層含以下有電梯),building_type,65079.65219116211,73.0,location_time
9,material_加強磚,material,0.0,0.0,location_time
9,material_加強磚造,material,28415.90509033203,23.0,location_time
9,material_壁式預鑄鋼筋混凝土造,material,0.0,0.0,location_time
9,material_磚石造,material,0.0,0.0,location_time
9,material_磚造,material,0.0,0.0,location_time
9,material_見使用執照,material,0.0,0.0,location_time
9,material_見其他登記事項,material,0.0,0.0,location_time
9,material_鋼構造,material,0.0,0.0,location_time
9,material_鋼筋混凝土加強磚造,material,0.0,0.0,location_time
9,material_鋼筋混凝土造,material,337648.0925292969,121.0,location_time
9,material_鋼筋混凝土造，鋼骨鋼筋混凝土造,material,0.0,0.0,location_time
9,material_鋼骨混凝土造,material,0.0,0.0,location_time
9,material_鋼骨造,material,53557.9327545166,54.0,location_time
9,material_鋼骨鋼筋混凝土造,material,130588.18545532227,67.0,location_time
9,material_鋼骨鋼筋混凝土造；鋼骨造,material,0.0,0.0,location_time
9,material_鋼骨ＲＣ造,material,0.0,0.0,location_time
9,material_預力混凝土造,material,0.0,0.0,location_time
9,material_ＲＣ造,material,0.0,0.0,location_time
10,trade_year,trade_year,168929.67881774902,168.0,location_time
10,main_use_missing,main_use_missing,86949.6781616211,54.0,note_or_quality_flags
10,building_age,building_age,4584435.285079956,2423.0,basic_housing
10,building_age_missing,building_age_missing,85269.02322387695,47.0,basic_housing
10,building_area_m2,building_area_m2,2018022.1925811768,1406.0,basic_housing
10,building_area_ping,building_area_ping,379422.1552886963,307.0,basic_housing
10,main_building_area_m2,main_building_area_m2,1741798.0752868652,1382.0,basic_housing
10,main_building_area_ping,main_building_area_ping,367823.8000946045,294.0,basic_housing
10,auxiliary_area_m2,auxiliary_area_m2,1639318.9374542236,1162.0,basic_housing
10,balcony_area_m2,balcony_area_m2,1554534.3893737793,1340.0,basic_housing
10,land_area_m2,land_area_m2,2295658.537322998,1788.0,basic_housing
10,floor,floor,3320155.838294983,917.0,basic_housing
10,total_floor,total_floor,1384150.3809661865,943.0,basic_housing
10,floor_ratio,floor_ratio,809481.0391616821,754.0,basic_housing
10,is_basement,is_basement,0.0,0.0,basic_housing
10,multi_floor,multi_floor,216847.01025390625,97.0,basic_housing
10,rooms,rooms,1137905.2951812744,473.0,basic_housing
10,living_rooms,living_rooms,438788.0300140381,279.0,basic_housing
10,bathrooms,bathrooms,341138.41481018066,245.0,basic_housing
10,has_management,has_management,158158.5121459961,107.0,basic_housing
10,has_elevator,has_elevator,37945.39791870117,19.0,basic_housing
10,has_parking,has_parking,771742.8279876709,184.0,basic_housing
10,parking_area_m2,parking_area_m2,2014766.1550674438,979.0,basic_housing
10,physical_condition_flag,physical_condition_flag,329320.20403289795,187.0,note_or_quality_flags
10,renovation_flag,renovation_flag,20349.316131591797,46.0,note_or_quality_flags
10,broad_note_flag,broad_note_flag,77877.34501647949,81.0,note_or_quality_flags
10,district_median_price_180d,district_median_price_180d,1365949.8671417236,891.0,time_aware_market
10,district_median_price_365d,district_median_price_365d,1318788.2104949951,864.0,time_aware_market
10,district_count_180d,district_count_180d,1017090.4214401245,995.0,time_aware_market
10,district_type_median_price_180d,district_type_median_price_180d,934367.0123062134,710.0,time_aware_market
10,district_type_median_price_365d,district_type_median_price_365d,990270.4411849976,657.0,time_aware_market
10,district_type_count_180d,district_type_count_180d,777649.7280273438,784.0,time_aware_market
10,district_price_change_180_365,district_price_change_180_365,846626.3822479248,973.0,time_aware_market
10,district_type_price_change_180_365,district_type_price_change_180_365,909628.6989593506,987.0,time_aware_market
10,comp_365d_count,comp_365d_count,0.0,0.0,rule_based_comparable
10,comp_365d_median_price,comp_365d_median_price,803426.0332641602,623.0,rule_based_comparable
10,comp_365d_mean_price,comp_365d_mean_price,663446.3157653809,530.0,rule_based_comparable
10,comp_365d_weighted_mean_price,comp_365d_weighted_mean_price,16814740.11882782,482.0,rule_based_comparable
10,comp_365d_std_price,comp_365d_std_price,1246424.0162506104,1111.0,rule_based_comparable
10,comp_365d_nearest_price,comp_365d_nearest_price,1074674.8007583618,913.0,rule_based_comparable
10,comp_365d_nearest_distance,comp_365d_nearest_distance,799091.4928588867,818.0,rule_based_comparable
10,comp_365d_median_distance,comp_365d_median_distance,732281.8350219727,693.0,rule_based_comparable
10,comp_365d_median_days_diff,comp_365d_median_days_diff,873925.7614822388,916.0,rule_based_comparable
10,comp_365d_median_area_diff_pct,comp_365d_median_area_diff_pct,705022.3906555176,808.0,rule_based_comparable
10,comp_365d_median_age_diff,comp_365d_median_age_diff,1176234.9680252075,1064.0,rule_based_comparable
10,comp_730d_count,comp_730d_count,0.0,0.0,rule_based_comparable
10,comp_730d_median_price,comp_730d_median_price,2541447.8504486084,692.0,rule_based_comparable
10,comp_730d_mean_price,comp_730d_mean_price,48139381.60596466,610.0,rule_based_comparable
10,comp_730d_weighted_mean_price,comp_730d_weighted_mean_price,109856415.68418884,868.0,rule_based_comparable
10,comp_730d_std_price,comp_730d_std_price,1705438.3247528076,1378.0,rule_based_comparable
10,comp_730d_nearest_price,comp_730d_nearest_price,2316362.5386657715,1015.0,rule_based_comparable
10,comp_730d_nearest_distance,comp_730d_nearest_distance,791201.2546081543,797.0,rule_based_comparable
10,comp_730d_median_distance,comp_730d_median_distance,694960.8717498779,666.0,rule_based_comparable
10,comp_730d_median_days_diff,comp_730d_median_days_diff,902820.4135284424,949.0,rule_based_comparable
10,comp_730d_median_area_diff_pct,comp_730d_median_area_diff_pct,915301.5983886719,909.0,rule_based_comparable
10,comp_730d_median_age_diff,comp_730d_median_age_diff,1489700.6724853516,1165.0,rule_based_comparable
10,emb_730d_count,emb_730d_count,0.0,0.0,embedding_reranker_comparable
10,emb_730d_median_price,emb_730d_median_price,664506.7843399048,615.0,embedding_reranker_comparable
10,emb_730d_mean_price,emb_730d_mean_price,553498.8489074707,500.0,embedding_reranker_comparable
10,emb_730d_weighted_mean_price,emb_730d_weighted_mean_price,27350195.956878662,857.0,embedding_reranker_comparable
10,emb_730d_std_price,emb_730d_std_price,1313690.0404968262,1136.0,embedding_reranker_comparable
10,emb_730d_nearest_price,emb_730d_nearest_price,1262761.0376739502,918.0,embedding_reranker_comparable
10,emb_730d_max_similarity,emb_730d_max_similarity,529776.3527832031,544.0,embedding_reranker_comparable
10,emb_730d_mean_similarity,emb_730d_mean_similarity,585114.4171829224,556.0,embedding_reranker_comparable
10,emb_730d_median_similarity,emb_730d_median_similarity,602709.8588867188,618.0,embedding_reranker_comparable
10,emb_730d_mean_reranker_score,emb_730d_mean_reranker_score,766086.2972259521,686.0,embedding_reranker_comparable
10,emb_730d_max_reranker_score,emb_730d_max_reranker_score,1127271.1504364014,850.0,embedding_reranker_comparable
10,emb_730d_median_days_diff,emb_730d_median_days_diff,866883.3242340088,972.0,embedding_reranker_comparable
10,emb_730d_median_area_diff_pct,emb_730d_median_area_diff_pct,907950.9482955933,910.0,embedding_reranker_comparable
10,emb_730d_median_age_diff,emb_730d_median_age_diff,1274150.8510665894,1053.0,embedding_reranker_comparable
10,emb_1095d_count,emb_1095d_count,0.0,0.0,embedding_reranker_comparable
10,emb_1095d_median_price,emb_1095d_median_price,705182.0875167847,697.0,embedding_reranker_comparable
10,emb_1095d_mean_price,emb_1095d_mean_price,1028395.7925491333,594.0,embedding_reranker_comparable
10,emb_1095d_weighted_mean_price,emb_1095d_weighted_mean_price,33445845.87536621,973.0,embedding_reranker_comparable
10,emb_1095d_std_price,emb_1095d_std_price,1209044.923980713,1109.0,embedding_reranker_comparable
10,emb_1095d_nearest_price,emb_1095d_nearest_price,1478745.0606384277,967.0,embedding_reranker_comparable
10,emb_1095d_max_similarity,emb_1095d_max_similarity,640686.6942138672,665.0,embedding_reranker_comparable
10,emb_1095d_mean_similarity,emb_1095d_mean_similarity,518406.9276275635,525.0,embedding_reranker_comparable
10,emb_1095d_median_similarity,emb_1095d_median_similarity,495622.37184906006,542.0,embedding_reranker_comparable
10,emb_1095d_mean_reranker_score,emb_1095d_mean_reranker_score,801846.1534881592,718.0,embedding_reranker_comparable
10,emb_1095d_max_reranker_score,emb_1095d_max_reranker_score,1274592.8650512695,970.0,embedding_reranker_comparable
10,emb_1095d_median_days_diff,emb_1095d_median_days_diff,1140613.023147583,1073.0,embedding_reranker_comparable
10,emb_1095d_median_area_diff_pct,emb_1095d_median_area_diff_pct,963413.3661193848,962.0,embedding_reranker_comparable
10,emb_1095d_median_age_diff,emb_1095d_median_age_diff,1244800.6004867554,997.0,embedding_reranker_comparable
10,district_中山區,district,82161.89419555664,53.0,location_time
10,district_中正區,district,104078.5092163086,72.0,location_time
10,district_信義區,district,86927.91383361816,58.0,location_time
10,district_內湖區,district,35994.76501464844,34.0,location_time
10,district_北投區,district,11911.990142822266,13.0,location_time
10,district_南港區,district,29832.449249267578,27.0,location_time
10,district_士林區,district,91975.94827270508,69.0,location_time
10,district_大同區,district,9904.549896240234,12.0,location_time
10,district_大安區,district,24588.687866210938,9.0,location_time
10,district_文山區,district,3624.2279663085938,6.0,location_time
10,district_松山區,district,60044.19448852539,35.0,location_time
10,district_萬華區,district,12342.338821411133,29.0,location_time
10,trade_month_1.0,trade_month,24775.831024169922,30.0,location_time
10,trade_month_2.0,trade_month,36637.72482299805,39.0,location_time
10,trade_month_3.0,trade_month,20125.40045928955,33.0,location_time
10,trade_month_4.0,trade_month,24156.432189941406,36.0,location_time
10,trade_month_5.0,trade_month,27594.627899169922,32.0,location_time
10,trade_month_6.0,trade_month,17832.88298034668,28.0,location_time
10,trade_month_7.0,trade_month,12665.317886352539,16.0,location_time
10,trade_month_8.0,trade_month,21030.013946533203,24.0,location_time
10,trade_month_9.0,trade_month,13608.719970703125,17.0,location_time
10,trade_month_10.0,trade_month,14308.67495727539,27.0,location_time
10,trade_month_11.0,trade_month,12204.024932861328,18.0,location_time
10,trade_month_12.0,trade_month,8044.817962646484,14.0,location_time
10,trade_quarter_1.0,trade_quarter,25443.424224853516,34.0,location_time
10,trade_quarter_2.0,trade_quarter,18468.077270507812,27.0,location_time
10,trade_quarter_3.0,trade_quarter,30921.72982788086,38.0,location_time
10,trade_quarter_4.0,trade_quarter,37519.31700134277,44.0,location_time
10,trade_yq_2021Q2,trade_yq,61156.60053253174,50.0,location_time
10,trade_yq_2021Q3,trade_yq,11008.319946289062,16.0,location_time
10,trade_yq_2021Q4,trade_yq,20654.924865722656,23.0,location_time
10,trade_yq_2022Q1,trade_yq,34653.76498413086,29.0,location_time
10,trade_yq_2022Q2,trade_yq,16594.487243652344,21.0,location_time
10,trade_yq_2022Q3,trade_yq,1263.739013671875,2.0,location_time
10,trade_yq_2022Q4,trade_yq,2934.9759216308594,4.0,location_time
10,trade_yq_2023Q1,trade_yq,7988.751983642578,10.0,location_time
10,trade_yq_2023Q2,trade_yq,7854.141143798828,8.0,location_time
10,trade_yq_2023Q3,trade_yq,12508.703063964844,16.0,location_time
10,trade_yq_2023Q4,trade_yq,5765.529052734375,8.0,location_time
10,trade_yq_2024Q1,trade_yq,14307.074798583984,13.0,location_time
10,building_type_住宅大樓(11層含以上有電梯),building_type,9682.131866455078,9.0,location_time
10,building_type_公寓(5樓含以下無電梯),building_type,22574.89306640625,9.0,location_time
10,building_type_套房(1房1廳1衛),building_type,0.0,0.0,location_time
10,building_type_華廈(10層含以下有電梯),building_type,52968.03673553467,72.0,location_time
10,material_加強磚,material,0.0,0.0,location_time
10,material_加強磚造,material,32312.379119873047,30.0,location_time
10,material_壁式預鑄鋼筋混凝土造,material,0.0,0.0,location_time
10,material_磚石造,material,0.0,0.0,location_time
10,material_磚造,material,0.0,0.0,location_time
10,material_見使用執照,material,0.0,0.0,location_time
10,material_鋼構造,material,0.0,0.0,location_time
10,material_鋼筋混凝土加強磚造,material,0.0,0.0,location_time
10,material_鋼筋混凝土造,material,396699.44438171387,127.0,location_time
10,material_鋼筋混凝土造，鋼骨鋼筋混凝土造,material,0.0,0.0,location_time
10,material_鋼骨混凝土造,material,0.0,0.0,location_time
10,material_鋼骨造,material,48188.63562774658,59.0,location_time
10,material_鋼骨鋼筋混凝土造,material,80551.35275268555,63.0,location_time
10,material_鋼骨鋼筋混凝土造；鋼骨造,material,0.0,0.0,location_time
10,material_鋼骨ＲＣ造,material,0.0,0.0,location_time
10,material_預力混凝土造,material,0.0,0.0,location_time
10,material_ＲＣ造,material,0.0,0.0,location_time
11,trade_year,trade_year,220083.73905944824,177.0,location_time
11,main_use_missing,main_use_missing,81312.20306396484,44.0,note_or_quality_flags
11,building_age,building_age,5037450.719779968,2386.0,basic_housing
11,building_age_missing,building_age_missing,90851.22192382812,55.0,basic_housing
11,building_area_m2,building_area_m2,2046562.588760376,1410.0,basic_housing
11,building_area_ping,building_area_ping,435753.06092071533,350.0,basic_housing
11,main_building_area_m2,main_building_area_m2,1832356.3139419556,1316.0,basic_housing
11,main_building_area_ping,main_building_area_ping,436154.36053466797,324.0,basic_housing
11,auxiliary_area_m2,auxiliary_area_m2,1743577.2006454468,1137.0,basic_housing
11,balcony_area_m2,balcony_area_m2,1650971.9764709473,1300.0,basic_housing
11,land_area_m2,land_area_m2,2612816.9651870728,1890.0,basic_housing
11,floor,floor,3279159.813179016,934.0,basic_housing
11,total_floor,total_floor,1553593.1218032837,938.0,basic_housing
11,floor_ratio,floor_ratio,912780.2447662354,712.0,basic_housing
11,is_basement,is_basement,0.0,0.0,basic_housing
11,multi_floor,multi_floor,237129.69732666016,120.0,basic_housing
11,rooms,rooms,1264628.0734100342,478.0,basic_housing
11,living_rooms,living_rooms,526404.0300369263,292.0,basic_housing
11,bathrooms,bathrooms,276320.0217895508,224.0,basic_housing
11,has_management,has_management,89069.3415222168,80.0,basic_housing
11,has_elevator,has_elevator,64829.229064941406,33.0,basic_housing
11,has_parking,has_parking,770933.5991821289,160.0,basic_housing
11,parking_area_m2,parking_area_m2,2089604.353088379,956.0,basic_housing
11,physical_condition_flag,physical_condition_flag,349727.49505615234,190.0,note_or_quality_flags
11,renovation_flag,renovation_flag,30404.89887237549,54.0,note_or_quality_flags
11,broad_note_flag,broad_note_flag,124476.91989135742,87.0,note_or_quality_flags
11,district_median_price_180d,district_median_price_180d,1415243.6657791138,910.0,time_aware_market
11,district_median_price_365d,district_median_price_365d,1393110.9477767944,849.0,time_aware_market
11,district_count_180d,district_count_180d,1141237.1821289062,974.0,time_aware_market
11,district_type_median_price_180d,district_type_median_price_180d,1075035.4587097168,708.0,time_aware_market
11,district_type_median_price_365d,district_type_median_price_365d,976444.3469161987,638.0,time_aware_market
11,district_type_count_180d,district_type_count_180d,819119.0007171631,740.0,time_aware_market
11,district_price_change_180_365,district_price_change_180_365,940315.7360916138,998.0,time_aware_market
11,district_type_price_change_180_365,district_type_price_change_180_365,1022578.5761260986,1070.0,time_aware_market
11,comp_365d_count,comp_365d_count,0.0,0.0,rule_based_comparable
11,comp_365d_median_price,comp_365d_median_price,698129.6430206299,631.0,rule_based_comparable
11,comp_365d_mean_price,comp_365d_mean_price,636275.0541992188,530.0,rule_based_comparable
11,comp_365d_weighted_mean_price,comp_365d_weighted_mean_price,19058435.403282166,545.0,rule_based_comparable
11,comp_365d_std_price,comp_365d_std_price,1296931.7854232788,1069.0,rule_based_comparable
11,comp_365d_nearest_price,comp_365d_nearest_price,1060937.9930343628,928.0,rule_based_comparable
11,comp_365d_nearest_distance,comp_365d_nearest_distance,813324.3653564453,813.0,rule_based_comparable
11,comp_365d_median_distance,comp_365d_median_distance,711869.9124908447,654.0,rule_based_comparable
11,comp_365d_median_days_diff,comp_365d_median_days_diff,929724.1034164429,936.0,rule_based_comparable
11,comp_365d_median_area_diff_pct,comp_365d_median_area_diff_pct,692925.4850921631,740.0,rule_based_comparable
11,comp_365d_median_age_diff,comp_365d_median_age_diff,1179861.972366333,1019.0,rule_based_comparable
11,comp_730d_count,comp_730d_count,0.0,0.0,rule_based_comparable
11,comp_730d_median_price,comp_730d_median_price,2957474.559234619,641.0,rule_based_comparable
11,comp_730d_mean_price,comp_730d_mean_price,50810393.4417038,598.0,rule_based_comparable
11,comp_730d_weighted_mean_price,comp_730d_weighted_mean_price,115755802.06124878,803.0,rule_based_comparable
11,comp_730d_std_price,comp_730d_std_price,1808851.536895752,1426.0,rule_based_comparable
11,comp_730d_nearest_price,comp_730d_nearest_price,2309675.5027008057,959.0,rule_based_comparable
11,comp_730d_nearest_distance,comp_730d_nearest_distance,923467.3760910034,834.0,rule_based_comparable
11,comp_730d_median_distance,comp_730d_median_distance,781921.1957397461,705.0,rule_based_comparable
11,comp_730d_median_days_diff,comp_730d_median_days_diff,903153.5220794678,966.0,rule_based_comparable
11,comp_730d_median_area_diff_pct,comp_730d_median_area_diff_pct,908302.0408935547,896.0,rule_based_comparable
11,comp_730d_median_age_diff,comp_730d_median_age_diff,1433224.6058654785,1129.0,rule_based_comparable
11,emb_730d_count,emb_730d_count,0.0,0.0,embedding_reranker_comparable
11,emb_730d_median_price,emb_730d_median_price,660773.5871047974,623.0,embedding_reranker_comparable
11,emb_730d_mean_price,emb_730d_mean_price,619584.9823913574,489.0,embedding_reranker_comparable
11,emb_730d_weighted_mean_price,emb_730d_weighted_mean_price,25041650.61012268,803.0,embedding_reranker_comparable
11,emb_730d_std_price,emb_730d_std_price,1534342.4115142822,1253.0,embedding_reranker_comparable
11,emb_730d_nearest_price,emb_730d_nearest_price,1411999.0458450317,905.0,embedding_reranker_comparable
11,emb_730d_max_similarity,emb_730d_max_similarity,600879.8692321777,655.0,embedding_reranker_comparable
11,emb_730d_mean_similarity,emb_730d_mean_similarity,537217.946685791,559.0,embedding_reranker_comparable
11,emb_730d_median_similarity,emb_730d_median_similarity,609544.420211792,625.0,embedding_reranker_comparable
11,emb_730d_mean_reranker_score,emb_730d_mean_reranker_score,689527.4198913574,657.0,embedding_reranker_comparable
11,emb_730d_max_reranker_score,emb_730d_max_reranker_score,1096227.784942627,858.0,embedding_reranker_comparable
11,emb_730d_median_days_diff,emb_730d_median_days_diff,1049525.2128677368,1080.0,embedding_reranker_comparable
11,emb_730d_median_area_diff_pct,emb_730d_median_area_diff_pct,1002146.068145752,946.0,embedding_reranker_comparable
11,emb_730d_median_age_diff,emb_730d_median_age_diff,1399365.4051818848,1011.0,embedding_reranker_comparable
11,emb_1095d_count,emb_1095d_count,0.0,0.0,embedding_reranker_comparable
11,emb_1095d_median_price,emb_1095d_median_price,696145.6029815674,649.0,embedding_reranker_comparable
11,emb_1095d_mean_price,emb_1095d_mean_price,927010.5826339722,540.0,embedding_reranker_comparable
11,emb_1095d_weighted_mean_price,emb_1095d_weighted_mean_price,37077444.584198,979.0,embedding_reranker_comparable
11,emb_1095d_std_price,emb_1095d_std_price,1300187.3494415283,1202.0,embedding_reranker_comparable
11,emb_1095d_nearest_price,emb_1095d_nearest_price,1497237.4938354492,1019.0,embedding_reranker_comparable
11,emb_1095d_max_similarity,emb_1095d_max_similarity,671256.4467468262,677.0,embedding_reranker_comparable
11,emb_1095d_mean_similarity,emb_1095d_mean_similarity,483889.5893859863,493.0,embedding_reranker_comparable
11,emb_1095d_median_similarity,emb_1095d_median_similarity,537803.5724487305,546.0,embedding_reranker_comparable
11,emb_1095d_mean_reranker_score,emb_1095d_mean_reranker_score,782683.7965698242,713.0,embedding_reranker_comparable
11,emb_1095d_max_reranker_score,emb_1095d_max_reranker_score,1326782.4609146118,945.0,embedding_reranker_comparable
11,emb_1095d_median_days_diff,emb_1095d_median_days_diff,1007706.3924560547,1017.0,embedding_reranker_comparable
11,emb_1095d_median_area_diff_pct,emb_1095d_median_area_diff_pct,959935.5814208984,918.0,embedding_reranker_comparable
11,emb_1095d_median_age_diff,emb_1095d_median_age_diff,1311888.9259490967,1005.0,embedding_reranker_comparable
11,district_中山區,district,54522.67037963867,46.0,location_time
11,district_中正區,district,85096.14099121094,56.0,location_time
11,district_信義區,district,91058.2145690918,58.0,location_time
11,district_內湖區,district,18602.456115722656,20.0,location_time
11,district_北投區,district,26372.87567138672,24.0,location_time
11,district_南港區,district,37331.788970947266,38.0,location_time
11,district_士林區,district,108963.95013427734,83.0,location_time
11,district_大同區,district,11034.483032226562,10.0,location_time
11,district_大安區,district,20617.81005859375,4.0,location_time
11,district_文山區,district,3682.7530517578125,5.0,location_time
11,district_松山區,district,70213.73358154297,46.0,location_time
11,district_萬華區,district,26181.38628387451,36.0,location_time
11,trade_month_1.0,trade_month,20546.349822998047,23.0,location_time
11,trade_month_2.0,trade_month,44160.312103271484,40.0,location_time
11,trade_month_3.0,trade_month,21230.2173538208,32.0,location_time
11,trade_month_4.0,trade_month,9539.920928955078,13.0,location_time
11,trade_month_5.0,trade_month,15719.801788330078,17.0,location_time
11,trade_month_6.0,trade_month,26316.731994628906,31.0,location_time
11,trade_month_7.0,trade_month,6931.26904296875,13.0,location_time
11,trade_month_8.0,trade_month,22338.696807861328,22.0,location_time
11,trade_month_9.0,trade_month,7127.279022216797,9.0,location_time
11,trade_month_10.0,trade_month,23337.99104309082,37.0,location_time
11,trade_month_11.0,trade_month,20016.553985595703,26.0,location_time
11,trade_month_12.0,trade_month,6697.7369384765625,8.0,location_time
11,trade_quarter_1.0,trade_quarter,22827.982940673828,25.0,location_time
11,trade_quarter_2.0,trade_quarter,54871.68502807617,50.0,location_time
11,trade_quarter_3.0,trade_quarter,42485.451248168945,39.0,location_time
11,trade_quarter_4.0,trade_quarter,25152.563995361328,35.0,location_time
11,trade_yq_2021Q3,trade_yq,24935.42706298828,29.0,location_time
11,trade_yq_2021Q4,trade_yq,18227.307067871094,25.0,location_time
11,trade_yq_2022Q1,trade_yq,14293.320907592773,22.0,location_time
11,trade_yq_2022Q2,trade_yq,21428.64715576172,29.0,location_time
11,trade_yq_2022Q3,trade_yq,9170.50912475586,11.0,location_time
11,trade_yq_2022Q4,trade_yq,5452.227935791016,6.0,location_time
11,trade_yq_2023Q1,trade_yq,2983.550994873047,3.0,location_time
11,trade_yq_2023Q2,trade_yq,8592.546997070312,12.0,location_time
11,trade_yq_2023Q3,trade_yq,14534.711944580078,16.0,location_time
11,trade_yq_2023Q4,trade_yq,8064.345031738281,11.0,location_time
11,trade_yq_2024Q1,trade_yq,23476.659118652344,19.0,location_time
11,trade_yq_2024Q2,trade_yq,78112.84909057617,49.0,location_time
11,building_type_住宅大樓(11層含以上有電梯),building_type,30644.17401123047,17.0,location_time
11,building_type_公寓(5樓含以下無電梯),building_type,15666.036865234375,9.0,location_time
11,building_type_套房(1房1廳1衛),building_type,0.0,0.0,location_time
11,building_type_華廈(10層含以下有電梯),building_type,74281.07878875732,86.0,location_time
11,material_加強磚,material,0.0,0.0,location_time
11,material_加強磚造,material,42194.037689208984,29.0,location_time
11,material_壁式預鑄鋼筋混凝土造,material,0.0,0.0,location_time
11,material_磚石造,material,0.0,0.0,location_time
11,material_磚造,material,0.0,0.0,location_time
11,material_見使用執照,material,0.0,0.0,location_time
11,material_鋼筋混凝土加強磚造,material,0.0,0.0,location_time
11,material_鋼筋混凝土造,material,460135.04528808594,139.0,location_time
11,material_鋼筋混凝土造，鋼骨鋼筋混凝土造,material,0.0,0.0,location_time
11,material_鋼骨混凝土造,material,0.0,0.0,location_time
11,material_鋼骨造,material,66145.3363647461,57.0,location_time
11,material_鋼骨鋼筋混凝土造,material,100622.90433502197,62.0,location_time
11,material_鋼骨鋼筋混凝土造；鋼骨造,material,0.0,0.0,location_time
11,material_鋼骨ＲＣ造,material,0.0,0.0,location_time
11,material_預力混凝土造,material,0.0,0.0,location_time
11,material_ＲＣ造,material,0.0,0.0,location_time
12,trade_year,trade_year,334123.16317749023,227.0,location_time
12,main_use_missing,main_use_missing,128133.44665527344,66.0,note_or_quality_flags
12,building_age,building_age,5075948.267578125,2431.0,basic_housing
12,building_age_missing,building_age_missing,49846.22546386719,22.0,basic_housing
12,building_area_m2,building_area_m2,2115896.299674988,1347.0,basic_housing
12,building_area_ping,building_area_ping,428026.1896209717,308.0,basic_housing
12,main_building_area_m2,main_building_area_m2,1906427.458480835,1374.0,basic_housing
12,main_building_area_ping,main_building_area_ping,383888.9915008545,272.0,basic_housing
12,auxiliary_area_m2,auxiliary_area_m2,1633225.6730575562,1065.0,basic_housing
12,balcony_area_m2,balcony_area_m2,1505365.3318023682,1221.0,basic_housing
12,land_area_m2,land_area_m2,2590474.5330429077,1791.0,basic_housing
12,floor,floor,3454152.548110962,974.0,basic_housing
12,total_floor,total_floor,1513700.6494293213,846.0,basic_housing
12,floor_ratio,floor_ratio,827598.3637084961,707.0,basic_housing
12,is_basement,is_basement,0.0,0.0,basic_housing
12,multi_floor,multi_floor,196852.76358032227,100.0,basic_housing
12,rooms,rooms,1241912.691696167,451.0,basic_housing
12,living_rooms,living_rooms,534269.5372924805,298.0,basic_housing
12,bathrooms,bathrooms,267618.88677978516,219.0,basic_housing
12,has_management,has_management,97895.18911743164,74.0,basic_housing
12,has_elevator,has_elevator,96496.13598632812,51.0,basic_housing
12,has_parking,has_parking,809119.4566650391,169.0,basic_housing
12,parking_area_m2,parking_area_m2,2062472.189300537,995.0,basic_housing
12,physical_condition_flag,physical_condition_flag,411489.41748046875,191.0,note_or_quality_flags
12,renovation_flag,renovation_flag,37432.25154876709,57.0,note_or_quality_flags
12,broad_note_flag,broad_note_flag,171587.22247314453,103.0,note_or_quality_flags
12,district_median_price_180d,district_median_price_180d,1542666.9821243286,896.0,time_aware_market
12,district_median_price_365d,district_median_price_365d,1447490.9468154907,897.0,time_aware_market
12,district_count_180d,district_count_180d,1155201.483795166,984.0,time_aware_market
12,district_type_median_price_180d,district_type_median_price_180d,1031461.8098907471,748.0,time_aware_market
12,district_type_median_price_365d,district_type_median_price_365d,983879.2370223999,662.0,time_aware_market
12,district_type_count_180d,district_type_count_180d,930689.8206634521,784.0,time_aware_market
12,district_price_change_180_365,district_price_change_180_365,1034667.1033782959,1003.0,time_aware_market
12,district_type_price_change_180_365,district_type_price_change_180_365,920855.230255127,1022.0,time_aware_market
12,comp_365d_count,comp_365d_count,0.0,0.0,rule_based_comparable
12,comp_365d_median_price,comp_365d_median_price,743757.8226165771,574.0,rule_based_comparable
12,comp_365d_mean_price,comp_365d_mean_price,848335.3120803833,586.0,rule_based_comparable
12,comp_365d_weighted_mean_price,comp_365d_weighted_mean_price,18735791.161224365,545.0,rule_based_comparable
12,comp_365d_std_price,comp_365d_std_price,1243137.2715835571,1027.0,rule_based_comparable
12,comp_365d_nearest_price,comp_365d_nearest_price,1153499.0273742676,969.0,rule_based_comparable
12,comp_365d_nearest_distance,comp_365d_nearest_distance,839203.5963439941,772.0,rule_based_comparable
12,comp_365d_median_distance,comp_365d_median_distance,740229.0300292969,702.0,rule_based_comparable
12,comp_365d_median_days_diff,comp_365d_median_days_diff,946732.2758331299,938.0,rule_based_comparable
12,comp_365d_median_area_diff_pct,comp_365d_median_area_diff_pct,755454.3855895996,805.0,rule_based_comparable
12,comp_365d_median_age_diff,comp_365d_median_age_diff,1200000.7347106934,1086.0,rule_based_comparable
12,comp_730d_count,comp_730d_count,0.0,0.0,rule_based_comparable
12,comp_730d_median_price,comp_730d_median_price,2449555.1722106934,623.0,rule_based_comparable
12,comp_730d_mean_price,comp_730d_mean_price,50350112.63744354,645.0,rule_based_comparable
12,comp_730d_weighted_mean_price,comp_730d_weighted_mean_price,117597006.62922668,782.0,rule_based_comparable
12,comp_730d_std_price,comp_730d_std_price,1669506.6433105469,1368.0,rule_based_comparable
12,comp_730d_nearest_price,comp_730d_nearest_price,2899169.0445861816,1000.0,rule_based_comparable
12,comp_730d_nearest_distance,comp_730d_nearest_distance,915985.8918914795,813.0,rule_based_comparable
12,comp_730d_median_distance,comp_730d_median_distance,794197.2114715576,688.0,rule_based_comparable
12,comp_730d_median_days_diff,comp_730d_median_days_diff,856202.8044052124,884.0,rule_based_comparable
12,comp_730d_median_area_diff_pct,comp_730d_median_area_diff_pct,1020000.0360412598,918.0,rule_based_comparable
12,comp_730d_median_age_diff,comp_730d_median_age_diff,1494011.5108642578,1223.0,rule_based_comparable
12,emb_730d_count,emb_730d_count,0.0,0.0,embedding_reranker_comparable
12,emb_730d_median_price,emb_730d_median_price,611208.7138137817,561.0,embedding_reranker_comparable
12,emb_730d_mean_price,emb_730d_mean_price,626215.1770324707,535.0,embedding_reranker_comparable
12,emb_730d_weighted_mean_price,emb_730d_weighted_mean_price,27883395.820770264,765.0,embedding_reranker_comparable
12,emb_730d_std_price,emb_730d_std_price,1487029.578552246,1156.0,embedding_reranker_comparable
12,emb_730d_nearest_price,emb_730d_nearest_price,1391652.478881836,929.0,embedding_reranker_comparable
12,emb_730d_max_similarity,emb_730d_max_similarity,622404.2238006592,615.0,embedding_reranker_comparable
12,emb_730d_mean_similarity,emb_730d_mean_similarity,597534.4083709717,566.0,embedding_reranker_comparable
12,emb_730d_median_similarity,emb_730d_median_similarity,658716.2085113525,634.0,embedding_reranker_comparable
12,emb_730d_mean_reranker_score,emb_730d_mean_reranker_score,771302.8529815674,721.0,embedding_reranker_comparable
12,emb_730d_max_reranker_score,emb_730d_max_reranker_score,1129797.7395477295,810.0,embedding_reranker_comparable
12,emb_730d_median_days_diff,emb_730d_median_days_diff,1081929.3343811035,1115.0,embedding_reranker_comparable
12,emb_730d_median_area_diff_pct,emb_730d_median_area_diff_pct,1008247.4169540405,938.0,embedding_reranker_comparable
12,emb_730d_median_age_diff,emb_730d_median_age_diff,1451549.6053771973,1082.0,embedding_reranker_comparable
12,emb_1095d_count,emb_1095d_count,0.0,0.0,embedding_reranker_comparable
12,emb_1095d_median_price,emb_1095d_median_price,847956.1174621582,675.0,embedding_reranker_comparable
12,emb_1095d_mean_price,emb_1095d_mean_price,1249312.8173828125,562.0,embedding_reranker_comparable
12,emb_1095d_weighted_mean_price,emb_1095d_weighted_mean_price,34586519.03657532,932.0,embedding_reranker_comparable
12,emb_1095d_std_price,emb_1095d_std_price,1303706.2582855225,1186.0,embedding_reranker_comparable
12,emb_1095d_nearest_price,emb_1095d_nearest_price,1339007.405052185,989.0,embedding_reranker_comparable
12,emb_1095d_max_similarity,emb_1095d_max_similarity,707470.1212844849,689.0,embedding_reranker_comparable
12,emb_1095d_mean_similarity,emb_1095d_mean_similarity,522271.7448577881,532.0,embedding_reranker_comparable
12,emb_1095d_median_similarity,emb_1095d_median_similarity,579008.0305786133,568.0,embedding_reranker_comparable
12,emb_1095d_mean_reranker_score,emb_1095d_mean_reranker_score,799238.8731994629,756.0,embedding_reranker_comparable
12,emb_1095d_max_reranker_score,emb_1095d_max_reranker_score,1232439.368461609,967.0,embedding_reranker_comparable
12,emb_1095d_median_days_diff,emb_1095d_median_days_diff,1015471.0782775879,998.0,embedding_reranker_comparable
12,emb_1095d_median_area_diff_pct,emb_1095d_median_area_diff_pct,1086209.5301742554,964.0,embedding_reranker_comparable
12,emb_1095d_median_age_diff,emb_1095d_median_age_diff,1379612.4831848145,1003.0,embedding_reranker_comparable
12,district_中山區,district,51134.129318237305,41.0,location_time
12,district_中正區,district,51077.847076416016,43.0,location_time
12,district_信義區,district,78414.78012084961,57.0,location_time
12,district_內湖區,district,35300.26403808594,28.0,location_time
12,district_北投區,district,44188.32579040527,41.0,location_time
12,district_南港區,district,30010.522033691406,31.0,location_time
12,district_士林區,district,97732.0451965332,79.0,location_time
12,district_大同區,district,16641.127868652344,16.0,location_time
12,district_大安區,district,28646.44903564453,13.0,location_time
12,district_文山區,district,3957.132049560547,7.0,location_time
12,district_松山區,district,76439.61907958984,55.0,location_time
12,district_萬華區,district,48826.05107879639,52.0,location_time
12,trade_month_1.0,trade_month,21636.796844482422,27.0,location_time
12,trade_month_2.0,trade_month,42281.22491455078,40.0,location_time
12,trade_month_3.0,trade_month,9476.347900390625,15.0,location_time
12,trade_month_4.0,trade_month,9053.450988769531,13.0,location_time
12,trade_month_5.0,trade_month,28383.320068359375,29.0,location_time
12,trade_month_6.0,trade_month,28639.780975341797,33.0,location_time
12,trade_month_7.0,trade_month,23509.733001708984,23.0,location_time
12,trade_month_8.0,trade_month,15861.490112304688,15.0,location_time
12,trade_month_9.0,trade_month,22157.075897216797,28.0,location_time
12,trade_month_10.0,trade_month,11565.712036132812,17.0,location_time
12,trade_month_11.0,trade_month,22503.192932128906,30.0,location_time
12,trade_month_12.0,trade_month,6902.393981933594,13.0,location_time
12,trade_quarter_1.0,trade_quarter,41856.621032714844,38.0,location_time
12,trade_quarter_2.0,trade_quarter,45813.58694458008,49.0,location_time
12,trade_quarter_3.0,trade_quarter,19168.161895751953,23.0,location_time
12,trade_quarter_4.0,trade_quarter,27881.74005126953,33.0,location_time
12,trade_yq_2021Q4,trade_yq,562.4250183105469,2.0,location_time
12,trade_yq_2022Q1,trade_yq,21306.761962890625,20.0,location_time
12,trade_yq_2022Q2,trade_yq,12993.52294921875,19.0,location_time
12,trade_yq_2022Q3,trade_yq,7791.6820068359375,8.0,location_time
12,trade_yq_2022Q4,trade_yq,2265.488037109375,3.0,location_time
12,trade_yq_2023Q1,trade_yq,7099.60595703125,5.0,location_time
12,trade_yq_2023Q2,trade_yq,14161.246978759766,17.0,location_time
12,trade_yq_2023Q3,trade_yq,19194.66827392578,15.0,location_time
12,trade_yq_2023Q4,trade_yq,10649.24592590332,14.0,location_time
12,trade_yq_2024Q1,trade_yq,9312.692199707031,10.0,location_time
12,trade_yq_2024Q2,trade_yq,60274.03494262695,50.0,location_time
12,trade_yq_2024Q3,trade_yq,39201.7239074707,35.0,location_time
12,building_type_住宅大樓(11層含以上有電梯),building_type,18730.740234375,15.0,location_time
12,building_type_公寓(5樓含以下無電梯),building_type,17487.604064941406,10.0,location_time
12,building_type_套房(1房1廳1衛),building_type,0.0,0.0,location_time
12,building_type_華廈(10層含以下有電梯),building_type,62432.644035339355,73.0,location_time
12,material_加強磚,material,0.0,0.0,location_time
12,material_加強磚造,material,51582.39360046387,37.0,location_time
12,material_壁式預鑄鋼筋混凝土造,material,0.0,0.0,location_time
12,material_磚石造,material,0.0,0.0,location_time
12,material_磚造,material,0.0,0.0,location_time
12,material_見使用執照,material,0.0,0.0,location_time
12,material_鋼筋混凝土加強磚造,material,0.0,0.0,location_time
12,material_鋼筋混凝土造,material,480841.8759765625,128.0,location_time
12,material_鋼筋混凝土造，鋼骨鋼筋混凝土造,material,0.0,0.0,location_time
12,material_鋼骨混凝土造,material,0.0,0.0,location_time
12,material_鋼骨造,material,58172.30983734131,51.0,location_time
12,material_鋼骨鋼筋混凝土造,material,71938.43307495117,48.0,location_time
12,material_鋼骨鋼筋混凝土造；鋼骨造,material,0.0,0.0,location_time
12,material_鋼骨ＲＣ造,material,0.0,0.0,location_time
12,material_預力混凝土造,material,0.0,0.0,location_time
12,material_ＲＣ造,material,0.0,0.0,location_time
13,trade_year,trade_year,199316.72470092773,153.0,location_time
13,main_use_missing,main_use_missing,145517.18884277344,64.0,note_or_quality_flags
13,building_age,building_age,5042295.644813538,2461.0,basic_housing
13,building_age_missing,building_age_missing,49066.77722167969,25.0,basic_housing
13,building_area_m2,building_area_m2,2168430.619529724,1455.0,basic_housing
13,building_area_ping,building_area_ping,498440.023475647,352.0,basic_housing
13,main_building_area_m2,main_building_area_m2,1823870.3220214844,1351.0,basic_housing
13,main_building_area_ping,main_building_area_ping,429567.12928009033,314.0,basic_housing
13,auxiliary_area_m2,auxiliary_area_m2,1572403.871520996,1069.0,basic_housing
13,balcony_area_m2,balcony_area_m2,1463846.4492797852,1180.0,basic_housing
13,land_area_m2,land_area_m2,2558762.222137451,1838.0,basic_housing
13,floor,floor,3242855.227836609,901.0,basic_housing
13,total_floor,total_floor,1417262.3630599976,847.0,basic_housing
13,floor_ratio,floor_ratio,861228.8578491211,743.0,basic_housing
13,is_basement,is_basement,0.0,0.0,basic_housing
13,multi_floor,multi_floor,233790.99592590332,106.0,basic_housing
13,rooms,rooms,989358.9739685059,420.0,basic_housing
13,living_rooms,living_rooms,557359.1910552979,298.0,basic_housing
13,bathrooms,bathrooms,308019.44815063477,206.0,basic_housing
13,has_management,has_management,104024.70761108398,65.0,basic_housing
13,has_elevator,has_elevator,91106.06405639648,31.0,basic_housing
13,has_parking,has_parking,661594.8846130371,148.0,basic_housing
13,parking_area_m2,parking_area_m2,1993996.7940368652,1003.0,basic_housing
13,physical_condition_flag,physical_condition_flag,436711.1501464844,207.0,note_or_quality_flags
13,renovation_flag,renovation_flag,41923.56203460693,51.0,note_or_quality_flags
13,broad_note_flag,broad_note_flag,143880.2501220703,98.0,note_or_quality_flags
13,district_median_price_180d,district_median_price_180d,1238100.6009521484,819.0,time_aware_market
13,district_median_price_365d,district_median_price_365d,1625719.1154327393,920.0,time_aware_market
13,district_count_180d,district_count_180d,1205170.7424240112,995.0,time_aware_market
13,district_type_median_price_180d,district_type_median_price_180d,989460.7671279907,634.0,time_aware_market
13,district_type_median_price_365d,district_type_median_price_365d,1136958.023979187,734.0,time_aware_market
13,district_type_count_180d,district_type_count_180d,913715.9550628662,770.0,time_aware_market
13,district_price_change_180_365,district_price_change_180_365,1041252.9072875977,1028.0,time_aware_market
13,district_type_price_change_180_365,district_type_price_change_180_365,909283.8341369629,958.0,time_aware_market
13,comp_365d_count,comp_365d_count,0.0,0.0,rule_based_comparable
13,comp_365d_median_price,comp_365d_median_price,631536.9023742676,577.0,rule_based_comparable
13,comp_365d_mean_price,comp_365d_mean_price,711800.5037765503,514.0,rule_based_comparable
13,comp_365d_weighted_mean_price,comp_365d_weighted_mean_price,18889771.50051117,524.0,rule_based_comparable
13,comp_365d_std_price,comp_365d_std_price,1314466.1406402588,1062.0,rule_based_comparable
13,comp_365d_nearest_price,comp_365d_nearest_price,1259935.244277954,1011.0,rule_based_comparable
13,comp_365d_nearest_distance,comp_365d_nearest_distance,937488.237411499,816.0,rule_based_comparable
13,comp_365d_median_distance,comp_365d_median_distance,724889.4084777832,663.0,rule_based_comparable
13,comp_365d_median_days_diff,comp_365d_median_days_diff,947839.4326019287,944.0,rule_based_comparable
13,comp_365d_median_area_diff_pct,comp_365d_median_area_diff_pct,752448.1390228271,821.0,rule_based_comparable
13,comp_365d_median_age_diff,comp_365d_median_age_diff,1136763.694343567,1050.0,rule_based_comparable
13,comp_730d_count,comp_730d_count,0.0,0.0,rule_based_comparable
13,comp_730d_median_price,comp_730d_median_price,2821720.8359069824,704.0,rule_based_comparable
13,comp_730d_mean_price,comp_730d_mean_price,47505990.13071442,569.0,rule_based_comparable
13,comp_730d_weighted_mean_price,comp_730d_weighted_mean_price,115308847.38944244,732.0,rule_based_comparable
13,comp_730d_std_price,comp_730d_std_price,1560626.924835205,1308.0,rule_based_comparable
13,comp_730d_nearest_price,comp_730d_nearest_price,2471828.2640838623,1002.0,rule_based_comparable
13,comp_730d_nearest_distance,comp_730d_nearest_distance,978861.9354400635,852.0,rule_based_comparable
13,comp_730d_median_distance,comp_730d_median_distance,759250.4818115234,670.0,rule_based_comparable
13,comp_730d_median_days_diff,comp_730d_median_days_diff,898443.0911102295,916.0,rule_based_comparable
13,comp_730d_median_area_diff_pct,comp_730d_median_area_diff_pct,892626.5771636963,851.0,rule_based_comparable
13,comp_730d_median_age_diff,comp_730d_median_age_diff,1385472.1593780518,1136.0,rule_based_comparable
13,emb_730d_count,emb_730d_count,0.0,0.0,embedding_reranker_comparable
13,emb_730d_median_price,emb_730d_median_price,686295.4682846069,620.0,embedding_reranker_comparable
13,emb_730d_mean_price,emb_730d_mean_price,705681.7820892334,529.0,embedding_reranker_comparable
13,emb_730d_weighted_mean_price,emb_730d_weighted_mean_price,28508032.970352173,808.0,embedding_reranker_comparable
13,emb_730d_std_price,emb_730d_std_price,1500963.7048187256,1212.0,embedding_reranker_comparable
13,emb_730d_nearest_price,emb_730d_nearest_price,1254255.4288787842,902.0,embedding_reranker_comparable
13,emb_730d_max_similarity,emb_730d_max_similarity,603961.4058074951,621.0,embedding_reranker_comparable
13,emb_730d_mean_similarity,emb_730d_mean_similarity,545365.2642974854,557.0,embedding_reranker_comparable
13,emb_730d_median_similarity,emb_730d_median_similarity,672425.6977539062,623.0,embedding_reranker_comparable
13,emb_730d_mean_reranker_score,emb_730d_mean_reranker_score,810786.9410705566,714.0,embedding_reranker_comparable
13,emb_730d_max_reranker_score,emb_730d_max_reranker_score,1054337.573348999,827.0,embedding_reranker_comparable
13,emb_730d_median_days_diff,emb_730d_median_days_diff,1041285.8690872192,1109.0,embedding_reranker_comparable
13,emb_730d_median_area_diff_pct,emb_730d_median_area_diff_pct,1042757.3573608398,970.0,embedding_reranker_comparable
13,emb_730d_median_age_diff,emb_730d_median_age_diff,1413027.647567749,1128.0,embedding_reranker_comparable
13,emb_1095d_count,emb_1095d_count,0.0,0.0,embedding_reranker_comparable
13,emb_1095d_median_price,emb_1095d_median_price,759762.475769043,756.0,embedding_reranker_comparable
13,emb_1095d_mean_price,emb_1095d_mean_price,988154.4404602051,533.0,embedding_reranker_comparable
13,emb_1095d_weighted_mean_price,emb_1095d_weighted_mean_price,27634554.047439575,972.0,embedding_reranker_comparable
13,emb_1095d_std_price,emb_1095d_std_price,1289207.794998169,1150.0,embedding_reranker_comparable
13,emb_1095d_nearest_price,emb_1095d_nearest_price,1343536.3937530518,1011.0,embedding_reranker_comparable
13,emb_1095d_max_similarity,emb_1095d_max_similarity,757560.0450744629,684.0,embedding_reranker_comparable
13,emb_1095d_mean_similarity,emb_1095d_mean_similarity,550580.527633667,552.0,embedding_reranker_comparable
13,emb_1095d_median_similarity,emb_1095d_median_similarity,552323.1748504639,575.0,embedding_reranker_comparable
13,emb_1095d_mean_reranker_score,emb_1095d_mean_reranker_score,817033.8132095337,745.0,embedding_reranker_comparable
13,emb_1095d_max_reranker_score,emb_1095d_max_reranker_score,1240406.1479110718,964.0,embedding_reranker_comparable
13,emb_1095d_median_days_diff,emb_1095d_median_days_diff,1022870.356918335,1023.0,embedding_reranker_comparable
13,emb_1095d_median_area_diff_pct,emb_1095d_median_area_diff_pct,1017308.6790618896,956.0,embedding_reranker_comparable
13,emb_1095d_median_age_diff,emb_1095d_median_age_diff,1344034.799911499,1082.0,embedding_reranker_comparable
13,district_中山區,district,29538.11737060547,21.0,location_time
13,district_中正區,district,90596.80786132812,46.0,location_time
13,district_信義區,district,80491.7367553711,54.0,location_time
13,district_內湖區,district,12085.069946289062,11.0,location_time
13,district_北投區,district,38907.24786376953,46.0,location_time
13,district_南港區,district,32015.349822998047,35.0,location_time
13,district_士林區,district,71203.7660522461,79.0,location_time
13,district_大同區,district,5223.0030517578125,7.0,location_time
13,district_大安區,district,35763.03659057617,10.0,location_time
13,district_文山區,district,4310.97607421875,6.0,location_time
13,district_松山區,district,48131.91864013672,38.0,location_time
13,district_萬華區,district,29460.05992126465,32.0,location_time
13,trade_month_1.0,trade_month,15624.52392578125,19.0,location_time
13,trade_month_2.0,trade_month,39813.63088989258,38.0,location_time
13,trade_month_3.0,trade_month,13639.273162841797,16.0,location_time
13,trade_month_4.0,trade_month,10532.0,15.0,location_time
13,trade_month_5.0,trade_month,10059.672912597656,13.0,location_time
13,trade_month_6.0,trade_month,24518.367156982422,31.0,location_time
13,trade_month_7.0,trade_month,16418.426147460938,20.0,location_time
13,trade_month_8.0,trade_month,23649.51580810547,20.0,location_time
13,trade_month_9.0,trade_month,19615.08169555664,22.0,location_time
13,trade_month_10.0,trade_month,18285.499938964844,24.0,location_time
13,trade_month_11.0,trade_month,21815.708953857422,26.0,location_time
13,trade_month_12.0,trade_month,23182.601135253906,22.0,location_time
13,trade_quarter_1.0,trade_quarter,26670.624877929688,34.0,location_time
13,trade_quarter_2.0,trade_quarter,49986.19955444336,58.0,location_time
13,trade_quarter_3.0,trade_quarter,27036.996795654297,27.0,location_time
13,trade_quarter_4.0,trade_quarter,41703.459899902344,37.0,location_time
13,trade_yq_2022Q1,trade_yq,17495.488983154297,19.0,location_time
13,trade_yq_2022Q2,trade_yq,10878.922912597656,13.0,location_time
13,trade_yq_2022Q3,trade_yq,1938.9479370117188,2.0,location_time
13,trade_yq_2022Q4,trade_yq,1362.5790100097656,2.0,location_time
13,trade_yq_2023Q1,trade_yq,10076.49203491211,12.0,location_time
13,trade_yq_2023Q2,trade_yq,8816.080841064453,14.0,location_time
13,trade_yq_2023Q3,trade_yq,35750.30026245117,27.0,location_time
13,trade_yq_2023Q4,trade_yq,9692.703918457031,14.0,location_time
13,trade_yq_2024Q1,trade_yq,14175.4560546875,14.0,location_time
13,trade_yq_2024Q2,trade_yq,79426.73309326172,48.0,location_time
13,trade_yq_2024Q3,trade_yq,73067.6948852539,52.0,location_time
13,trade_yq_2024Q4,trade_yq,32892.49624633789,33.0,location_time
13,building_type_住宅大樓(11層含以上有電梯),building_type,22501.640014648438,12.0,location_time
13,building_type_公寓(5樓含以下無電梯),building_type,18896.384246826172,19.0,location_time
13,building_type_套房(1房1廳1衛),building_type,0.0,0.0,location_time
13,building_type_華廈(10層含以下有電梯),building_type,58193.980224609375,78.0,location_time
13,material_加強磚,material,0.0,0.0,location_time
13,material_加強磚造,material,67204.21447753906,35.0,location_time
13,material_壁式預鑄鋼筋混凝土造,material,0.0,0.0,location_time
13,material_磚石造,material,0.0,0.0,location_time
13,material_磚造,material,0.0,0.0,location_time
13,material_見使用執照,material,0.0,0.0,location_time
13,material_鋼筋混凝土加強磚造,material,0.0,0.0,location_time
13,material_鋼筋混凝土造,material,539691.0433654785,119.0,location_time
13,material_鋼筋混凝土造，鋼骨鋼筋混凝土造,material,0.0,0.0,location_time
13,material_鋼骨混凝土造,material,0.0,0.0,location_time
13,material_鋼骨造,material,46920.94711303711,41.0,location_time
13,material_鋼骨鋼筋混凝土造,material,86420.55247497559,50.0,location_time
13,material_鋼骨鋼筋混凝土造；鋼骨造,material,0.0,0.0,location_time
13,material_鋼骨ＲＣ造,material,0.0,0.0,location_time
13,material_預力混凝土造,material,0.0,0.0,location_time
13,material_ＲＣ造,material,0.0,0.0,location_time
14,trade_year,trade_year,172798.53414916992,162.0,location_time
14,main_use_missing,main_use_missing,214721.59259033203,87.0,note_or_quality_flags
14,building_age,building_age,4842439.979980469,2355.0,basic_housing
14,building_age_missing,building_age_missing,73330.6650390625,26.0,basic_housing
14,building_area_m2,building_area_m2,2205619.130104065,1441.0,basic_housing
14,building_area_ping,building_area_ping,428869.37701416016,291.0,basic_housing
14,main_building_area_m2,main_building_area_m2,1762961.2854309082,1298.0,basic_housing
14,main_building_area_ping,main_building_area_ping,362073.28495025635,280.0,basic_housing
14,auxiliary_area_m2,auxiliary_area_m2,1579257.7160339355,1058.0,basic_housing
14,balcony_area_m2,balcony_area_m2,1494507.6044921875,1209.0,basic_housing
14,land_area_m2,land_area_m2,2574143.9359283447,1811.0,basic_housing
14,floor,floor,3169369.530433655,897.0,basic_housing
14,total_floor,total_floor,1401077.3116073608,878.0,basic_housing
14,floor_ratio,floor_ratio,877976.8477096558,710.0,basic_housing
14,is_basement,is_basement,0.0,0.0,basic_housing
14,multi_floor,multi_floor,215996.26202392578,119.0,basic_housing
14,rooms,rooms,796523.7957763672,377.0,basic_housing
14,living_rooms,living_rooms,525544.5126419067,300.0,basic_housing
14,bathrooms,bathrooms,326626.9240722656,228.0,basic_housing
14,has_management,has_management,104228.37088012695,74.0,basic_housing
14,has_elevator,has_elevator,72113.97079467773,25.0,basic_housing
14,has_parking,has_parking,653723.8157958984,156.0,basic_housing
14,parking_area_m2,parking_area_m2,1859366.591506958,905.0,basic_housing
14,physical_condition_flag,physical_condition_flag,483616.40047454834,223.0,note_or_quality_flags
14,renovation_flag,renovation_flag,30398.01636505127,48.0,note_or_quality_flags
14,broad_note_flag,broad_note_flag,134125.07426452637,91.0,note_or_quality_flags
14,district_median_price_180d,district_median_price_180d,1301061.4235839844,866.0,time_aware_market
14,district_median_price_365d,district_median_price_365d,1443440.740371704,855.0,time_aware_market
14,district_count_180d,district_count_180d,1179354.8145980835,947.0,time_aware_market
14,district_type_median_price_180d,district_type_median_price_180d,1017877.5740127563,696.0,time_aware_market
14,district_type_median_price_365d,district_type_median_price_365d,879238.173500061,645.0,time_aware_market
14,district_type_count_180d,district_type_count_180d,854563.6783447266,761.0,time_aware_market
14,district_price_change_180_365,district_price_change_180_365,1068845.6328277588,982.0,time_aware_market
14,district_type_price_change_180_365,district_type_price_change_180_365,968331.1328125,1022.0,time_aware_market
14,comp_365d_count,comp_365d_count,0.0,0.0,rule_based_comparable
14,comp_365d_median_price,comp_365d_median_price,742626.9446563721,620.0,rule_based_comparable
14,comp_365d_mean_price,comp_365d_mean_price,801709.3053894043,505.0,rule_based_comparable
14,comp_365d_weighted_mean_price,comp_365d_weighted_mean_price,18673892.13534546,519.0,rule_based_comparable
14,comp_365d_std_price,comp_365d_std_price,1311022.4396514893,1085.0,rule_based_comparable
14,comp_365d_nearest_price,comp_365d_nearest_price,1146524.8320541382,924.0,rule_based_comparable
14,comp_365d_nearest_distance,comp_365d_nearest_distance,854389.6095123291,834.0,rule_based_comparable
14,comp_365d_median_distance,comp_365d_median_distance,771757.804107666,771.0,rule_based_comparable
14,comp_365d_median_days_diff,comp_365d_median_days_diff,887350.4681243896,914.0,rule_based_comparable
14,comp_365d_median_area_diff_pct,comp_365d_median_area_diff_pct,784734.12059021,808.0,rule_based_comparable
14,comp_365d_median_age_diff,comp_365d_median_age_diff,1139701.8647766113,1046.0,rule_based_comparable
14,comp_730d_count,comp_730d_count,0.0,0.0,rule_based_comparable
14,comp_730d_median_price,comp_730d_median_price,2078625.166999817,569.0,rule_based_comparable
14,comp_730d_mean_price,comp_730d_mean_price,46591655.16718292,590.0,rule_based_comparable
14,comp_730d_weighted_mean_price,comp_730d_weighted_mean_price,114251669.02462006,739.0,rule_based_comparable
14,comp_730d_std_price,comp_730d_std_price,1566744.2013015747,1239.0,rule_based_comparable
14,comp_730d_nearest_price,comp_730d_nearest_price,2599319.8350372314,954.0,rule_based_comparable
14,comp_730d_nearest_distance,comp_730d_nearest_distance,967237.3489685059,876.0,rule_based_comparable
14,comp_730d_median_distance,comp_730d_median_distance,778979.2592926025,690.0,rule_based_comparable
14,comp_730d_median_days_diff,comp_730d_median_days_diff,958364.9821929932,968.0,rule_based_comparable
14,comp_730d_median_area_diff_pct,comp_730d_median_area_diff_pct,1005175.5724487305,893.0,rule_based_comparable
14,comp_730d_median_age_diff,comp_730d_median_age_diff,1382519.6992874146,1129.0,rule_based_comparable
14,emb_730d_count,emb_730d_count,0.0,0.0,embedding_reranker_comparable
14,emb_730d_median_price,emb_730d_median_price,730176.236831665,684.0,embedding_reranker_comparable
14,emb_730d_mean_price,emb_730d_mean_price,660186.4238204956,547.0,embedding_reranker_comparable
14,emb_730d_weighted_mean_price,emb_730d_weighted_mean_price,25625570.70677185,832.0,embedding_reranker_comparable
14,emb_730d_std_price,emb_730d_std_price,1412063.9510498047,1212.0,embedding_reranker_comparable
14,emb_730d_nearest_price,emb_730d_nearest_price,1225874.6844024658,957.0,embedding_reranker_comparable
14,emb_730d_max_similarity,emb_730d_max_similarity,677016.0717926025,677.0,embedding_reranker_comparable
14,emb_730d_mean_similarity,emb_730d_mean_similarity,584338.6522064209,593.0,embedding_reranker_comparable
14,emb_730d_median_similarity,emb_730d_median_similarity,648254.8474884033,632.0,embedding_reranker_comparable
14,emb_730d_mean_reranker_score,emb_730d_mean_reranker_score,717853.8294219971,700.0,embedding_reranker_comparable
14,emb_730d_max_reranker_score,emb_730d_max_reranker_score,985882.7593765259,818.0,embedding_reranker_comparable
14,emb_730d_median_days_diff,emb_730d_median_days_diff,1036461.3112411499,1053.0,embedding_reranker_comparable
14,emb_730d_median_area_diff_pct,emb_730d_median_area_diff_pct,1076355.660522461,1005.0,embedding_reranker_comparable
14,emb_730d_median_age_diff,emb_730d_median_age_diff,1540789.0992584229,1164.0,embedding_reranker_comparable
14,emb_1095d_count,emb_1095d_count,0.0,0.0,embedding_reranker_comparable
14,emb_1095d_median_price,emb_1095d_median_price,735230.0585021973,678.0,embedding_reranker_comparable
14,emb_1095d_mean_price,emb_1095d_mean_price,1096486.9794006348,553.0,embedding_reranker_comparable
14,emb_1095d_weighted_mean_price,emb_1095d_weighted_mean_price,28055924.654678345,1019.0,embedding_reranker_comparable
14,emb_1095d_std_price,emb_1095d_std_price,1232722.529220581,1182.0,embedding_reranker_comparable
14,emb_1095d_nearest_price,emb_1095d_nearest_price,1168809.538383484,961.0,embedding_reranker_comparable
14,emb_1095d_max_similarity,emb_1095d_max_similarity,795148.5054473877,724.0,embedding_reranker_comparable
14,emb_1095d_mean_similarity,emb_1095d_mean_similarity,584780.5179443359,564.0,embedding_reranker_comparable
14,emb_1095d_median_similarity,emb_1095d_median_similarity,577421.5612335205,587.0,embedding_reranker_comparable
14,emb_1095d_mean_reranker_score,emb_1095d_mean_reranker_score,920815.0477523804,807.0,embedding_reranker_comparable
14,emb_1095d_max_reranker_score,emb_1095d_max_reranker_score,1218314.8404922485,991.0,embedding_reranker_comparable
14,emb_1095d_median_days_diff,emb_1095d_median_days_diff,1109239.1832199097,1067.0,embedding_reranker_comparable
14,emb_1095d_median_area_diff_pct,emb_1095d_median_area_diff_pct,1032581.8222351074,978.0,embedding_reranker_comparable
14,emb_1095d_median_age_diff,emb_1095d_median_age_diff,1450489.293258667,1141.0,embedding_reranker_comparable
14,district_中山區,district,62738.514892578125,38.0,location_time
14,district_中正區,district,102488.35009765625,53.0,location_time
14,district_信義區,district,76606.72811889648,59.0,location_time
14,district_內湖區,district,19522.579193115234,21.0,location_time
14,district_北投區,district,30825.7911529541,34.0,location_time
14,district_南港區,district,14967.152923583984,21.0,location_time
14,district_士林區,district,124844.63958740234,93.0,location_time
14,district_大同區,district,6716.5509033203125,8.0,location_time
14,district_大安區,district,31949.820190429688,8.0,location_time
14,district_文山區,district,3935.3809814453125,4.0,location_time
14,district_松山區,district,52325.80926513672,35.0,location_time
14,district_萬華區,district,26057.34994506836,26.0,location_time
14,trade_month_1.0,trade_month,41874.59045410156,37.0,location_time
14,trade_month_2.0,trade_month,24951.157989501953,31.0,location_time
14,trade_month_3.0,trade_month,12475.833953857422,19.0,location_time
14,trade_month_4.0,trade_month,10522.425079345703,11.0,location_time
14,trade_month_5.0,trade_month,18710.16473388672,18.0,location_time
14,trade_month_6.0,trade_month,16570.809997558594,22.0,location_time
14,trade_month_7.0,trade_month,9672.40005493164,15.0,location_time
14,trade_month_8.0,trade_month,13848.419952392578,19.0,location_time
14,trade_month_9.0,trade_month,8500.423065185547,13.0,location_time
14,trade_month_10.0,trade_month,26625.415985107422,35.0,location_time
14,trade_month_11.0,trade_month,25602.03611755371,31.0,location_time
14,trade_month_12.0,trade_month,24903.474243164062,23.0,location_time
14,trade_quarter_1.0,trade_quarter,31154.62907409668,32.0,location_time
14,trade_quarter_2.0,trade_quarter,40347.740966796875,39.0,location_time
14,trade_quarter_3.0,trade_quarter,22541.142852783203,22.0,location_time
14,trade_quarter_4.0,trade_quarter,43953.99102783203,41.0,location_time
14,trade_yq_2022Q2,trade_yq,9658.872955322266,12.0,location_time
14,trade_yq_2022Q3,trade_yq,4873.027862548828,7.0,location_time
14,trade_yq_2022Q4,trade_yq,5349.888000488281,6.0,location_time
14,trade_yq_2023Q1,trade_yq,3563.6680603027344,4.0,location_time
14,trade_yq_2023Q2,trade_yq,10356.864166259766,18.0,location_time
14,trade_yq_2023Q3,trade_yq,23521.107147216797,21.0,location_time
14,trade_yq_2023Q4,trade_yq,13897.203094482422,15.0,location_time
14,trade_yq_2024Q1,trade_yq,10560.573150634766,17.0,location_time
14,trade_yq_2024Q2,trade_yq,72619.87481689453,46.0,location_time
14,trade_yq_2024Q3,trade_yq,67651.73666381836,47.0,location_time
14,trade_yq_2024Q4,trade_yq,33377.29112243652,35.0,location_time
14,trade_yq_2025Q1,trade_yq,1095.7659912109375,2.0,location_time
14,building_type_住宅大樓(11層含以上有電梯),building_type,1537.7900390625,1.0,location_time
14,building_type_公寓(5樓含以下無電梯),building_type,26853.608840942383,12.0,location_time
14,building_type_華廈(10層含以下有電梯),building_type,56584.793113708496,78.0,location_time
14,material_加強磚,material,0.0,0.0,location_time
14,material_加強磚造,material,53077.23159790039,28.0,location_time
14,material_壁式預鑄鋼筋混凝土造,material,0.0,0.0,location_time
14,material_磚石造,material,0.0,0.0,location_time
14,material_磚造,material,0.0,0.0,location_time
14,material_見使用執照,material,0.0,0.0,location_time
14,material_鋼筋混凝土加強磚造,material,0.0,0.0,location_time
14,material_鋼筋混凝土造,material,516519.41204833984,122.0,location_time
14,material_鋼筋混凝土造，鋼骨鋼筋混凝土造,material,0.0,0.0,location_time
14,material_鋼骨混凝土造,material,0.0,0.0,location_time
14,material_鋼骨造,material,46910.5235748291,45.0,location_time
14,material_鋼骨鋼筋混凝土造,material,105493.77188110352,54.0,location_time
14,material_鋼骨鋼筋混凝土造；鋼骨造,material,0.0,0.0,location_time
14,material_鋼骨ＲＣ造,material,0.0,0.0,location_time
14,material_預力混凝土造,material,0.0,0.0,location_time
14,material_ＲＣ造,material,0.0,0.0,location_time
15,trade_year,trade_year,174174.71127319336,151.0,location_time
15,main_use_missing,main_use_missing,223855.79034423828,89.0,note_or_quality_flags
15,building_age,building_age,4992110.269592285,2359.0,basic_housing
15,building_age_missing,building_age_missing,93976.99526977539,43.0,basic_housing
15,building_area_m2,building_area_m2,2258286.2441711426,1458.0,basic_housing
15,building_area_ping,building_area_ping,592518.9308013916,382.0,basic_housing
15,main_building_area_m2,main_building_area_m2,1747477.9358139038,1264.0,basic_housing
15,main_building_area_ping,main_building_area_ping,435495.01374816895,310.0,basic_housing
15,auxiliary_area_m2,auxiliary_area_m2,1727689.757965088,1031.0,basic_housing
15,balcony_area_m2,balcony_area_m2,1484052.3342819214,1203.0,basic_housing
15,land_area_m2,land_area_m2,2638747.7239837646,1795.0,basic_housing
15,floor,floor,3158026.156517029,866.0,basic_housing
15,total_floor,total_floor,1487885.6789474487,914.0,basic_housing
15,floor_ratio,floor_ratio,802669.5235595703,683.0,basic_housing
15,is_basement,is_basement,0.0,0.0,basic_housing
15,multi_floor,multi_floor,189890.14129638672,119.0,basic_housing
15,rooms,rooms,1091462.9262313843,410.0,basic_housing
15,living_rooms,living_rooms,496311.81547546387,314.0,basic_housing
15,bathrooms,bathrooms,339272.6721572876,243.0,basic_housing
15,has_management,has_management,73921.51947021484,49.0,basic_housing
15,has_elevator,has_elevator,42958.56103515625,16.0,basic_housing
15,has_parking,has_parking,639923.725769043,136.0,basic_housing
15,parking_area_m2,parking_area_m2,1838430.0762939453,913.0,basic_housing
15,physical_condition_flag,physical_condition_flag,515296.1831359863,211.0,note_or_quality_flags
15,renovation_flag,renovation_flag,27189.81605529785,41.0,note_or_quality_flags
15,broad_note_flag,broad_note_flag,156062.60162353516,91.0,note_or_quality_flags
15,district_median_price_180d,district_median_price_180d,1194093.605682373,811.0,time_aware_market
15,district_median_price_365d,district_median_price_365d,1426447.9338226318,872.0,time_aware_market
15,district_count_180d,district_count_180d,1204296.8478469849,894.0,time_aware_market
15,district_type_median_price_180d,district_type_median_price_180d,1025909.4457321167,692.0,time_aware_market
15,district_type_median_price_365d,district_type_median_price_365d,882455.6424560547,658.0,time_aware_market
15,district_type_count_180d,district_type_count_180d,955883.6885223389,770.0,time_aware_market
15,district_price_change_180_365,district_price_change_180_365,1093904.505859375,1075.0,time_aware_market
15,district_type_price_change_180_365,district_type_price_change_180_365,941386.6204681396,1016.0,time_aware_market
15,comp_365d_count,comp_365d_count,0.0,0.0,rule_based_comparable
15,comp_365d_median_price,comp_365d_median_price,773102.0762939453,643.0,rule_based_comparable
15,comp_365d_mean_price,comp_365d_mean_price,990651.7370834351,493.0,rule_based_comparable
15,comp_365d_weighted_mean_price,comp_365d_weighted_mean_price,19057915.333503723,512.0,rule_based_comparable
15,comp_365d_std_price,comp_365d_std_price,1354882.0055541992,1126.0,rule_based_comparable
15,comp_365d_nearest_price,comp_365d_nearest_price,1001989.7951202393,910.0,rule_based_comparable
15,comp_365d_nearest_distance,comp_365d_nearest_distance,750193.5443115234,788.0,rule_based_comparable
15,comp_365d_median_distance,comp_365d_median_distance,859999.1354217529,764.0,rule_based_comparable
15,comp_365d_median_days_diff,comp_365d_median_days_diff,924979.9008407593,951.0,rule_based_comparable
15,comp_365d_median_area_diff_pct,comp_365d_median_area_diff_pct,773663.5841827393,806.0,rule_based_comparable
15,comp_365d_median_age_diff,comp_365d_median_age_diff,1147723.421508789,1067.0,rule_based_comparable
15,comp_730d_count,comp_730d_count,0.0,0.0,rule_based_comparable
15,comp_730d_median_price,comp_730d_median_price,1794596.0998077393,605.0,rule_based_comparable
15,comp_730d_mean_price,comp_730d_mean_price,48383413.5705719,568.0,rule_based_comparable
15,comp_730d_weighted_mean_price,comp_730d_weighted_mean_price,118217720.97807312,722.0,rule_based_comparable
15,comp_730d_std_price,comp_730d_std_price,1579135.6207504272,1301.0,rule_based_comparable
15,comp_730d_nearest_price,comp_730d_nearest_price,2413105.8946533203,981.0,rule_based_comparable
15,comp_730d_nearest_distance,comp_730d_nearest_distance,903204.0479125977,798.0,rule_based_comparable
15,comp_730d_median_distance,comp_730d_median_distance,874220.9801330566,736.0,rule_based_comparable
15,comp_730d_median_days_diff,comp_730d_median_days_diff,916282.1801681519,897.0,rule_based_comparable
15,comp_730d_median_area_diff_pct,comp_730d_median_area_diff_pct,902204.0806274414,886.0,rule_based_comparable
15,comp_730d_median_age_diff,comp_730d_median_age_diff,1319379.8228683472,1096.0,rule_based_comparable
15,emb_730d_count,emb_730d_count,0.0,0.0,embedding_reranker_comparable
15,emb_730d_median_price,emb_730d_median_price,787304.266204834,722.0,embedding_reranker_comparable
15,emb_730d_mean_price,emb_730d_mean_price,614267.0612869263,509.0,embedding_reranker_comparable
15,emb_730d_weighted_mean_price,emb_730d_weighted_mean_price,24019404.812820435,884.0,embedding_reranker_comparable
15,emb_730d_std_price,emb_730d_std_price,1356301.4075012207,1141.0,embedding_reranker_comparable
15,emb_730d_nearest_price,emb_730d_nearest_price,1207983.6855697632,931.0,embedding_reranker_comparable
15,emb_730d_max_similarity,emb_730d_max_similarity,753344.2629394531,724.0,embedding_reranker_comparable
15,emb_730d_mean_similarity,emb_730d_mean_similarity,545125.457107544,581.0,embedding_reranker_comparable
15,emb_730d_median_similarity,emb_730d_median_similarity,640895.3319244385,644.0,embedding_reranker_comparable
15,emb_730d_mean_reranker_score,emb_730d_mean_reranker_score,750077.7209625244,768.0,embedding_reranker_comparable
15,emb_730d_max_reranker_score,emb_730d_max_reranker_score,1013604.749420166,801.0,embedding_reranker_comparable
15,emb_730d_median_days_diff,emb_730d_median_days_diff,1020600.4915466309,1051.0,embedding_reranker_comparable
15,emb_730d_median_area_diff_pct,emb_730d_median_area_diff_pct,1138441.4865570068,1013.0,embedding_reranker_comparable
15,emb_730d_median_age_diff,emb_730d_median_age_diff,1530890.9912338257,1144.0,embedding_reranker_comparable
15,emb_1095d_count,emb_1095d_count,0.0,0.0,embedding_reranker_comparable
15,emb_1095d_median_price,emb_1095d_median_price,657136.0570678711,640.0,embedding_reranker_comparable
15,emb_1095d_mean_price,emb_1095d_mean_price,1011133.0747375488,589.0,embedding_reranker_comparable
15,emb_1095d_weighted_mean_price,emb_1095d_weighted_mean_price,22881676.285110474,911.0,embedding_reranker_comparable
15,emb_1095d_std_price,emb_1095d_std_price,1252291.3301010132,1183.0,embedding_reranker_comparable
15,emb_1095d_nearest_price,emb_1095d_nearest_price,1251799.7087860107,951.0,embedding_reranker_comparable
15,emb_1095d_max_similarity,emb_1095d_max_similarity,816844.9147262573,747.0,embedding_reranker_comparable
15,emb_1095d_mean_similarity,emb_1095d_mean_similarity,603320.1857452393,584.0,embedding_reranker_comparable
15,emb_1095d_median_similarity,emb_1095d_median_similarity,578438.2183685303,595.0,embedding_reranker_comparable
15,emb_1095d_mean_reranker_score,emb_1095d_mean_reranker_score,794028.3580703735,783.0,embedding_reranker_comparable
15,emb_1095d_max_reranker_score,emb_1095d_max_reranker_score,1164020.0669937134,998.0,embedding_reranker_comparable
15,emb_1095d_median_days_diff,emb_1095d_median_days_diff,1039295.8052368164,1040.0,embedding_reranker_comparable
15,emb_1095d_median_area_diff_pct,emb_1095d_median_area_diff_pct,1013248.6788330078,947.0,embedding_reranker_comparable
15,emb_1095d_median_age_diff,emb_1095d_median_age_diff,1570003.5194473267,1190.0,embedding_reranker_comparable
15,district_中山區,district,63761.279724121094,53.0,location_time
15,district_中正區,district,75104.93432617188,50.0,location_time
15,district_信義區,district,66829.03588867188,57.0,location_time
15,district_內湖區,district,16841.67694091797,21.0,location_time
15,district_北投區,district,27238.867904663086,31.0,location_time
15,district_南港區,district,5233.704071044922,6.0,location_time
15,district_士林區,district,114540.11602783203,82.0,location_time
15,district_大同區,district,11412.448059082031,14.0,location_time
15,district_大安區,district,13943.47021484375,3.0,location_time
15,district_文山區,district,6478.750030517578,9.0,location_time
15,district_松山區,district,58049.78625488281,44.0,location_time
15,district_萬華區,district,23042.631492614746,28.0,location_time
15,trade_month_1.0,trade_month,22097.117935180664,25.0,location_time
15,trade_month_2.0,trade_month,10537.077026367188,11.0,location_time
15,trade_month_3.0,trade_month,21746.13702392578,30.0,location_time
15,trade_month_4.0,trade_month,14487.258117675781,13.0,location_time
15,trade_month_5.0,trade_month,36947.21701049805,30.0,location_time
15,trade_month_6.0,trade_month,39401.948822021484,32.0,location_time
15,trade_month_7.0,trade_month,9319.177062988281,13.0,location_time
15,trade_month_8.0,trade_month,10394.339080810547,13.0,location_time
15,trade_month_9.0,trade_month,11693.942901611328,15.0,location_time
15,trade_month_10.0,trade_month,35778.630859375,48.0,location_time
15,trade_month_11.0,trade_month,18203.399047851562,21.0,location_time
15,trade_month_12.0,trade_month,16408.20489501953,19.0,location_time
15,trade_quarter_1.0,trade_quarter,53062.8508605957,50.0,location_time
15,trade_quarter_2.0,trade_quarter,52642.048919677734,50.0,location_time
15,trade_quarter_3.0,trade_quarter,30832.324188232422,28.0,location_time
15,trade_quarter_4.0,trade_quarter,37023.812103271484,33.0,location_time
15,trade_yq_2022Q3,trade_yq,1148.4749755859375,2.0,location_time
15,trade_yq_2022Q4,trade_yq,4118.8369140625,5.0,location_time
15,trade_yq_2023Q1,trade_yq,8743.10205078125,10.0,location_time
15,trade_yq_2023Q2,trade_yq,5707.426055908203,9.0,location_time
15,trade_yq_2023Q3,trade_yq,38115.791076660156,25.0,location_time
15,trade_yq_2023Q4,trade_yq,17960.9921875,17.0,location_time
15,trade_yq_2024Q1,trade_yq,11084.790008544922,15.0,location_time
15,trade_yq_2024Q2,trade_yq,75359.25479125977,53.0,location_time
15,trade_yq_2024Q3,trade_yq,87537.51965332031,59.0,location_time
15,trade_yq_2024Q4,trade_yq,14738.691009521484,19.0,location_time
15,trade_yq_2025Q1,trade_yq,16202.491882324219,18.0,location_time
15,trade_yq_2025Q2,trade_yq,41192.15100097656,39.0,location_time
15,building_type_住宅大樓(11層含以上有電梯),building_type,14145.706237792969,12.0,location_time
15,building_type_公寓(5樓含以下無電梯),building_type,23990.010665893555,13.0,location_time
15,building_type_華廈(10層含以下有電梯),building_type,65380.27667236328,76.0,location_time
15,material_加強磚,material,0.0,0.0,location_time
15,material_加強磚造,material,75470.61666870117,33.0,location_time
15,material_壁式預鑄鋼筋混凝土造,material,0.0,0.0,location_time
15,material_磚石造,material,0.0,0.0,location_time
15,material_磚造,material,0.0,0.0,location_time
15,material_見使用執照,material,0.0,0.0,location_time
15,material_鋼構造,material,0.0,0.0,location_time
15,material_鋼筋混凝土加強磚造,material,0.0,0.0,location_time
15,material_鋼筋混凝土造,material,467744.84996032715,92.0,location_time
15,material_鋼筋混凝土造，鋼骨鋼筋混凝土造,material,0.0,0.0,location_time
15,material_鋼骨混凝土造,material,0.0,0.0,location_time
15,material_鋼骨造,material,57750.31392669678,40.0,location_time
15,material_鋼骨鋼筋混凝土造,material,46847.41732788086,34.0,location_time
15,material_鋼骨鋼筋混凝土造；鋼骨造,material,0.0,0.0,location_time
15,material_鋼骨ＲＣ造,material,0.0,0.0,location_time
15,material_預力混凝土造,material,0.0,0.0,location_time
15,material_ＲＣ造,material,0.0,0.0,location_time
