fold_id,transformed_feature,original_feature,gain_importance,split_importance,feature_group
1,trade_year,trade_year,316460.7566680908,131.0,location_time
1,main_use_missing,main_use_missing,1110.81005859375,1.0,note_or_quality_flags
1,building_age,building_age,4722422.9427948,1817.0,basic_housing
1,building_age_missing,building_age_missing,303980.6904296875,74.0,basic_housing
1,building_area_m2,building_area_m2,1315645.3728485107,711.0,basic_housing
1,building_area_ping,building_area_ping,437485.67596435547,213.0,basic_housing
1,main_building_area_m2,main_building_area_m2,1893889.3543395996,928.0,basic_housing
1,main_building_area_ping,main_building_area_ping,402574.3187561035,169.0,basic_housing
1,auxiliary_area_m2,auxiliary_area_m2,1818538.0014038086,799.0,basic_housing
1,balcony_area_m2,balcony_area_m2,1283247.465637207,701.0,basic_housing
1,land_area_m2,land_area_m2,2791091.6228637695,1190.0,basic_housing
1,floor,floor,3949659.2091674805,641.0,basic_housing
1,total_floor,total_floor,2490375.1676483154,896.0,basic_housing
1,floor_ratio,floor_ratio,867962.2380981445,498.0,basic_housing
1,is_basement,is_basement,0.0,0.0,basic_housing
1,multi_floor,multi_floor,96208.15789794922,57.0,basic_housing
1,rooms,rooms,1641282.0399627686,403.0,basic_housing
1,living_rooms,living_rooms,675614.5187683105,233.0,basic_housing
1,bathrooms,bathrooms,297800.49462890625,145.0,basic_housing
1,has_management,has_management,368165.83892822266,139.0,basic_housing
1,has_elevator,has_elevator,76021.57122802734,18.0,basic_housing
1,has_parking,has_parking,787754.1744384766,124.0,basic_housing
1,parking_area_m2,parking_area_m2,2316535.1871032715,694.0,basic_housing
1,physical_condition_flag,physical_condition_flag,234217.12258911133,100.0,note_or_quality_flags
1,renovation_flag,renovation_flag,85308.46728515625,43.0,note_or_quality_flags
1,broad_note_flag,broad_note_flag,69311.0747680664,23.0,note_or_quality_flags
1,district_median_price_180d,district_median_price_180d,1210386.404876709,459.0,time_aware_market
1,district_median_price_365d,district_median_price_365d,1502807.9752807617,556.0,time_aware_market
1,district_count_180d,district_count_180d,836401.4634399414,526.0,time_aware_market
1,district_type_median_price_180d,district_type_median_price_180d,607536.23828125,361.0,time_aware_market
1,district_type_median_price_365d,district_type_median_price_365d,598865.5181884766,359.0,time_aware_market
1,district_type_count_180d,district_type_count_180d,610893.1573486328,412.0,time_aware_market
1,district_price_change_180_365,district_price_change_180_365,560074.9964141846,393.0,time_aware_market
1,district_type_price_change_180_365,district_type_price_change_180_365,620146.4208679199,460.0,time_aware_market
1,comp_365d_count,comp_365d_count,0.0,0.0,rule_based_comparable
1,comp_365d_median_price,comp_365d_median_price,478133.9913330078,331.0,rule_based_comparable
1,comp_365d_mean_price,comp_365d_mean_price,393127.9499206543,237.0,rule_based_comparable
1,comp_365d_weighted_mean_price,comp_365d_weighted_mean_price,10328463.541564941,231.0,rule_based_comparable
1,comp_365d_std_price,comp_365d_std_price,933526.4373474121,507.0,rule_based_comparable
1,comp_365d_nearest_price,comp_365d_nearest_price,750781.4211120605,459.0,rule_based_comparable
1,comp_365d_nearest_distance,comp_365d_nearest_distance,651630.6562957764,327.0,rule_based_comparable
1,comp_365d_median_distance,comp_365d_median_distance,588816.6254577637,305.0,rule_based_comparable
1,comp_365d_median_days_diff,comp_365d_median_days_diff,391714.41271972656,310.0,rule_based_comparable
1,comp_365d_median_area_diff_pct,comp_365d_median_area_diff_pct,426586.0630950928,339.0,rule_based_comparable
1,comp_365d_median_age_diff,comp_365d_median_age_diff,1021510.0621948242,469.0,rule_based_comparable
1,comp_730d_count,comp_730d_count,0.0,0.0,rule_based_comparable
1,comp_730d_median_price,comp_730d_median_price,628332.8947143555,401.0,rule_based_comparable
1,comp_730d_mean_price,comp_730d_mean_price,20673190.181671143,401.0,rule_based_comparable
1,comp_730d_weighted_mean_price,comp_730d_weighted_mean_price,183700044.73713684,644.0,rule_based_comparable
1,comp_730d_std_price,comp_730d_std_price,1074086.064880371,609.0,rule_based_comparable
1,comp_730d_nearest_price,comp_730d_nearest_price,3273551.7200775146,546.0,rule_based_comparable
1,comp_730d_nearest_distance,comp_730d_nearest_distance,898122.8184204102,442.0,rule_based_comparable
1,comp_730d_median_distance,comp_730d_median_distance,406744.4914550781,249.0,rule_based_comparable
1,comp_730d_median_days_diff,comp_730d_median_days_diff,419356.8557739258,325.0,rule_based_comparable
1,comp_730d_median_area_diff_pct,comp_730d_median_area_diff_pct,447371.22564697266,377.0,rule_based_comparable
1,comp_730d_median_age_diff,comp_730d_median_age_diff,1336938.637145996,604.0,rule_based_comparable
1,emb_730d_count,emb_730d_count,0.0,0.0,embedding_comparable
1,emb_730d_median_price,emb_730d_median_price,926100.7333679199,350.0,embedding_comparable
1,emb_730d_mean_price,emb_730d_mean_price,3322885.511779785,269.0,embedding_comparable
1,emb_730d_weighted_mean_price,emb_730d_weighted_mean_price,2476004.5337524414,121.0,embedding_comparable
1,emb_730d_std_price,emb_730d_std_price,874931.2493286133,405.0,embedding_comparable
1,emb_730d_nearest_price,emb_730d_nearest_price,2363717.8653411865,463.0,embedding_comparable
1,emb_730d_max_similarity,emb_730d_max_similarity,612818.0051574707,323.0,embedding_comparable
1,emb_730d_mean_similarity,emb_730d_mean_similarity,455865.6572570801,235.0,embedding_comparable
1,emb_730d_median_similarity,emb_730d_median_similarity,461706.4875793457,247.0,embedding_comparable
1,emb_730d_median_days_diff,emb_730d_median_days_diff,452432.5953063965,300.0,embedding_comparable
1,emb_730d_median_area_diff_pct,emb_730d_median_area_diff_pct,428471.0895996094,284.0,embedding_comparable
1,emb_730d_median_age_diff,emb_730d_median_age_diff,745401.0732574463,401.0,embedding_comparable
1,emb_1095d_count,emb_1095d_count,0.0,0.0,embedding_comparable
1,emb_1095d_median_price,emb_1095d_median_price,730054.1163330078,258.0,embedding_comparable
1,emb_1095d_mean_price,emb_1095d_mean_price,4091210.196685791,236.0,embedding_comparable
1,emb_1095d_weighted_mean_price,emb_1095d_weighted_mean_price,2225631.1381225586,104.0,embedding_comparable
1,emb_1095d_std_price,emb_1095d_std_price,986655.7130126953,438.0,embedding_comparable
1,emb_1095d_nearest_price,emb_1095d_nearest_price,3073667.4341430664,426.0,embedding_comparable
1,emb_1095d_max_similarity,emb_1095d_max_similarity,396418.2732849121,208.0,embedding_comparable
1,emb_1095d_mean_similarity,emb_1095d_mean_similarity,240881.08737182617,135.0,embedding_comparable
1,emb_1095d_median_similarity,emb_1095d_median_similarity,302556.0560913086,174.0,embedding_comparable
1,emb_1095d_median_days_diff,emb_1095d_median_days_diff,719640.5603027344,271.0,embedding_comparable
1,emb_1095d_median_area_diff_pct,emb_1095d_median_area_diff_pct,605160.4576416016,359.0,embedding_comparable
1,emb_1095d_median_age_diff,emb_1095d_median_age_diff,624011.2720947266,347.0,embedding_comparable
1,district_中山區,district,76646.68194580078,45.0,location_time
1,district_中正區,district,141093.52142333984,58.0,location_time
1,district_信義區,district,126304.71633911133,66.0,location_time
1,district_內湖區,district,42148.252868652344,21.0,location_time
1,district_北投區,district,73360.59582519531,40.0,location_time
1,district_南港區,district,11707.635070800781,8.0,location_time
1,district_士林區,district,63774.48828125,34.0,location_time
1,district_大同區,district,27325.89616394043,34.0,location_time
1,district_大安區,district,44985.03829956055,24.0,location_time
1,district_文山區,district,9483.886901855469,7.0,location_time
1,district_松山區,district,234721.6661376953,62.0,location_time
1,district_萬華區,district,12089.068054199219,22.0,location_time
1,trade_month_1.0,trade_month,5101.249938964844,5.0,location_time
1,trade_month_2.0,trade_month,7636.276062011719,6.0,location_time
1,trade_month_3.0,trade_month,9241.345947265625,5.0,location_time
1,trade_month_4.0,trade_month,5504.364074707031,6.0,location_time
1,trade_month_5.0,trade_month,6843.498046875,7.0,location_time
1,trade_month_6.0,trade_month,9707.642883300781,10.0,location_time
1,trade_month_7.0,trade_month,2573.0660400390625,3.0,location_time
1,trade_month_8.0,trade_month,1991.375,3.0,location_time
1,trade_month_9.0,trade_month,7660.020065307617,12.0,location_time
1,trade_month_10.0,trade_month,5956.8609619140625,6.0,location_time
1,trade_month_11.0,trade_month,25556.399200439453,26.0,location_time
1,trade_month_12.0,trade_month,28818.616943359375,22.0,location_time
1,trade_quarter_1.0,trade_quarter,25374.121154785156,16.0,location_time
1,trade_quarter_2.0,trade_quarter,19878.705169677734,20.0,location_time
1,trade_quarter_3.0,trade_quarter,16213.941955566406,14.0,location_time
1,trade_quarter_4.0,trade_quarter,47353.2470703125,39.0,location_time
1,trade_yq_2019Q1,trade_yq,27190.32501220703,12.0,location_time
1,trade_yq_2019Q2,trade_yq,3291.4470825195312,2.0,location_time
1,trade_yq_2019Q3,trade_yq,6459.760009765625,3.0,location_time
1,trade_yq_2019Q4,trade_yq,10028.869873046875,5.0,location_time
1,trade_yq_2020Q1,trade_yq,6739.120986938477,15.0,location_time
1,trade_yq_2020Q2,trade_yq,5440.356018066406,5.0,location_time
1,trade_yq_2020Q3,trade_yq,9990.506896972656,7.0,location_time
1,trade_yq_2020Q4,trade_yq,27996.173950195312,14.0,location_time
1,trade_yq_2021Q1,trade_yq,21663.307983398438,10.0,location_time
1,trade_yq_2021Q2,trade_yq,3978.2999877929688,3.0,location_time
1,trade_yq_2021Q3,trade_yq,6091.490966796875,6.0,location_time
1,trade_yq_2021Q4,trade_yq,79769.62084960938,39.0,location_time
1,building_type_住宅大樓(11層含以上有電梯),building_type,18135.68896484375,11.0,location_time
1,building_type_公寓(5樓含以下無電梯),building_type,151075.59197998047,23.0,location_time
1,building_type_套房(1房1廳1衛),building_type,5321.013977050781,4.0,location_time
1,building_type_華廈(10層含以下有電梯),building_type,217887.62326049805,90.0,location_time
1,material_加強磚造,material,27889.901077270508,32.0,location_time
1,material_壁式預鑄鋼筋混凝土造,material,0.0,0.0,location_time
1,material_混凝土造,material,0.0,0.0,location_time
1,material_磚造,material,0.0,0.0,location_time
1,material_見使用執照,material,16320.91796875,22.0,location_time
1,material_見其他登記事項,material,350745.35247802734,63.0,location_time
1,material_鋼構造,material,0.0,0.0,location_time
1,material_鋼筋混凝土加強磚造,material,0.0,0.0,location_time
1,material_鋼筋混凝土造,material,1256722.9661560059,135.0,location_time
1,material_鋼筋混凝土造，鋼骨鋼筋混凝土造,material,9354.66098022461,15.0,location_time
1,material_鋼骨混凝土造,material,0.0,0.0,location_time
1,material_鋼骨造,material,115708.6905670166,39.0,location_time
1,material_鋼骨鋼筋混凝土造,material,214041.77911376953,83.0,location_time
1,material_鋼骨鋼筋混凝土造；鋼骨造,material,0.0,0.0,location_time
1,material_鋼骨ＲＣ造,material,0.0,0.0,location_time
1,material_預力混凝土造,material,0.0,0.0,location_time
2,trade_year,trade_year,358424.8627471924,149.0,location_time
2,main_use_missing,main_use_missing,3028.208953857422,9.0,note_or_quality_flags
2,building_age,building_age,4898212.536956787,1811.0,basic_housing
2,building_age_missing,building_age_missing,238337.4434814453,63.0,basic_housing
2,building_area_m2,building_area_m2,1362554.9927368164,728.0,basic_housing
2,building_area_ping,building_area_ping,272863.38943481445,153.0,basic_housing
2,main_building_area_m2,main_building_area_m2,1742900.5091247559,858.0,basic_housing
2,main_building_area_ping,main_building_area_ping,328690.98080444336,144.0,basic_housing
2,auxiliary_area_m2,auxiliary_area_m2,1922558.7831115723,833.0,basic_housing
2,balcony_area_m2,balcony_area_m2,1351304.764038086,657.0,basic_housing
2,land_area_m2,land_area_m2,2546397.983734131,1124.0,basic_housing
2,floor,floor,4133805.013977051,659.0,basic_housing
2,total_floor,total_floor,2237838.349914551,798.0,basic_housing
2,floor_ratio,floor_ratio,688076.1017608643,447.0,basic_housing
2,is_basement,is_basement,0.0,0.0,basic_housing
2,multi_floor,multi_floor,114558.1148071289,47.0,basic_housing
2,rooms,rooms,1571248.3072509766,375.0,basic_housing
2,living_rooms,living_rooms,557770.8993530273,219.0,basic_housing
2,bathrooms,bathrooms,329029.0487060547,166.0,basic_housing
2,has_management,has_management,326622.41900634766,120.0,basic_housing
2,has_elevator,has_elevator,87168.76013183594,12.0,basic_housing
2,has_parking,has_parking,815920.809967041,135.0,basic_housing
2,parking_area_m2,parking_area_m2,2581498.0663146973,721.0,basic_housing
2,physical_condition_flag,physical_condition_flag,280673.3258972168,103.0,note_or_quality_flags
2,renovation_flag,renovation_flag,84992.28414916992,49.0,note_or_quality_flags
2,broad_note_flag,broad_note_flag,62602.59927368164,31.0,note_or_quality_flags
2,district_median_price_180d,district_median_price_180d,1192167.208267212,467.0,time_aware_market
2,district_median_price_365d,district_median_price_365d,1382080.3971710205,503.0,time_aware_market
2,district_count_180d,district_count_180d,756765.1820220947,508.0,time_aware_market
2,district_type_median_price_180d,district_type_median_price_180d,627151.6326904297,346.0,time_aware_market
2,district_type_median_price_365d,district_type_median_price_365d,605810.3263549805,315.0,time_aware_market
2,district_type_count_180d,district_type_count_180d,549046.9796447754,357.0,time_aware_market
2,district_price_change_180_365,district_price_change_180_365,544660.0637054443,380.0,time_aware_market
2,district_type_price_change_180_365,district_type_price_change_180_365,651400.9301147461,478.0,time_aware_market
2,comp_365d_count,comp_365d_count,0.0,0.0,rule_based_comparable
2,comp_365d_median_price,comp_365d_median_price,464982.5751953125,310.0,rule_based_comparable
2,comp_365d_mean_price,comp_365d_mean_price,427007.5185241699,226.0,rule_based_comparable
2,comp_365d_weighted_mean_price,comp_365d_weighted_mean_price,8047062.975662231,249.0,rule_based_comparable
2,comp_365d_std_price,comp_365d_std_price,952631.9831237793,499.0,rule_based_comparable
2,comp_365d_nearest_price,comp_365d_nearest_price,806067.4402008057,462.0,rule_based_comparable
2,comp_365d_nearest_distance,comp_365d_nearest_distance,699163.7324523926,365.0,rule_based_comparable
2,comp_365d_median_distance,comp_365d_median_distance,640572.973236084,334.0,rule_based_comparable
2,comp_365d_median_days_diff,comp_365d_median_days_diff,499632.49407958984,378.0,rule_based_comparable
2,comp_365d_median_area_diff_pct,comp_365d_median_area_diff_pct,426157.5563354492,332.0,rule_based_comparable
2,comp_365d_median_age_diff,comp_365d_median_age_diff,1075333.5858154297,515.0,rule_based_comparable
2,comp_730d_count,comp_730d_count,0.0,0.0,rule_based_comparable
2,comp_730d_median_price,comp_730d_median_price,746852.9329071045,412.0,rule_based_comparable
2,comp_730d_mean_price,comp_730d_mean_price,23575664.74092102,375.0,rule_based_comparable
2,comp_730d_weighted_mean_price,comp_730d_weighted_mean_price,190784003.05340576,568.0,rule_based_comparable
2,comp_730d_std_price,comp_730d_std_price,1174068.2192993164,622.0,rule_based_comparable
2,comp_730d_nearest_price,comp_730d_nearest_price,3148470.0612487793,556.0,rule_based_comparable
2,comp_730d_nearest_distance,comp_730d_nearest_distance,917955.8851013184,422.0,rule_based_comparable
2,comp_730d_median_distance,comp_730d_median_distance,543244.5463256836,289.0,rule_based_comparable
2,comp_730d_median_days_diff,comp_730d_median_days_diff,417159.9031982422,316.0,rule_based_comparable
2,comp_730d_median_area_diff_pct,comp_730d_median_area_diff_pct,505265.33584594727,393.0,rule_based_comparable
2,comp_730d_median_age_diff,comp_730d_median_age_diff,1274061.8033599854,615.0,rule_based_comparable
2,emb_730d_count,emb_730d_count,0.0,0.0,embedding_comparable
2,emb_730d_median_price,emb_730d_median_price,705175.0631103516,296.0,embedding_comparable
2,emb_730d_mean_price,emb_730d_mean_price,3083937.053741455,278.0,embedding_comparable
2,emb_730d_weighted_mean_price,emb_730d_weighted_mean_price,2317266.601715088,136.0,embedding_comparable
2,emb_730d_std_price,emb_730d_std_price,940976.2346191406,481.0,embedding_comparable
2,emb_730d_nearest_price,emb_730d_nearest_price,2977434.5423583984,497.0,embedding_comparable
2,emb_730d_max_similarity,emb_730d_max_similarity,496858.41802978516,288.0,embedding_comparable
2,emb_730d_mean_similarity,emb_730d_mean_similarity,581108.0625457764,256.0,embedding_comparable
2,emb_730d_median_similarity,emb_730d_median_similarity,474844.36697387695,246.0,embedding_comparable
2,emb_730d_median_days_diff,emb_730d_median_days_diff,437356.4702453613,299.0,embedding_comparable
2,emb_730d_median_area_diff_pct,emb_730d_median_area_diff_pct,437631.98849487305,296.0,embedding_comparable
2,emb_730d_median_age_diff,emb_730d_median_age_diff,776458.3297119141,428.0,embedding_comparable
2,emb_1095d_count,emb_1095d_count,0.0,0.0,embedding_comparable
2,emb_1095d_median_price,emb_1095d_median_price,1901488.3158874512,283.0,embedding_comparable
2,emb_1095d_mean_price,emb_1095d_mean_price,4501228.475952148,287.0,embedding_comparable
2,emb_1095d_weighted_mean_price,emb_1095d_weighted_mean_price,3438107.6867980957,144.0,embedding_comparable
2,emb_1095d_std_price,emb_1095d_std_price,865144.7644500732,437.0,embedding_comparable
2,emb_1095d_nearest_price,emb_1095d_nearest_price,2898539.1418304443,434.0,embedding_comparable
2,emb_1095d_max_similarity,emb_1095d_max_similarity,465764.8943786621,248.0,embedding_comparable
2,emb_1095d_mean_similarity,emb_1095d_mean_similarity,363240.2485961914,174.0,embedding_comparable
2,emb_1095d_median_similarity,emb_1095d_median_similarity,306639.2830505371,172.0,embedding_comparable
2,emb_1095d_median_days_diff,emb_1095d_median_days_diff,817328.4694519043,359.0,embedding_comparable
2,emb_1095d_median_area_diff_pct,emb_1095d_median_area_diff_pct,622271.6924743652,377.0,embedding_comparable
2,emb_1095d_median_age_diff,emb_1095d_median_age_diff,657518.6092224121,363.0,embedding_comparable
2,district_中山區,district,97519.13690185547,54.0,location_time
2,district_中正區,district,139414.00592041016,48.0,location_time
2,district_信義區,district,129487.2373046875,71.0,location_time
2,district_內湖區,district,33491.25109863281,14.0,location_time
2,district_北投區,district,57858.623962402344,35.0,location_time
2,district_南港區,district,31930.89031982422,17.0,location_time
2,district_士林區,district,54398.992431640625,30.0,location_time
2,district_大同區,district,28498.582153320312,36.0,location_time
2,district_大安區,district,16107.50717163086,8.0,location_time
2,district_文山區,district,10303.43310546875,5.0,location_time
2,district_松山區,district,254478.7833251953,65.0,location_time
2,district_萬華區,district,7050.191009521484,18.0,location_time
2,trade_month_1.0,trade_month,11275.280944824219,10.0,location_time
2,trade_month_2.0,trade_month,15106.326797485352,18.0,location_time
2,trade_month_3.0,trade_month,5846.176025390625,7.0,location_time
2,trade_month_4.0,trade_month,2976.289031982422,4.0,location_time
2,trade_month_5.0,trade_month,8182.80517578125,5.0,location_time
2,trade_month_6.0,trade_month,14149.293151855469,16.0,location_time
2,trade_month_7.0,trade_month,7286.523010253906,7.0,location_time
2,trade_month_8.0,trade_month,4086.2180786132812,4.0,location_time
2,trade_month_9.0,trade_month,10387.873168945312,11.0,location_time
2,trade_month_10.0,trade_month,3539.337921142578,4.0,location_time
2,trade_month_11.0,trade_month,28832.162200927734,27.0,location_time
2,trade_month_12.0,trade_month,15625.547973632812,13.0,location_time
2,trade_quarter_1.0,trade_quarter,20350.97625732422,16.0,location_time
2,trade_quarter_2.0,trade_quarter,43893.180236816406,27.0,location_time
2,trade_quarter_3.0,trade_quarter,7421.545013427734,7.0,location_time
2,trade_quarter_4.0,trade_quarter,27788.598083496094,29.0,location_time
2,trade_yq_2019Q2,trade_yq,15426.39599609375,7.0,location_time
2,trade_yq_2019Q3,trade_yq,4572.324996948242,6.0,location_time
2,trade_yq_2019Q4,trade_yq,3300.93701171875,3.0,location_time
2,trade_yq_2020Q1,trade_yq,5814.418914794922,15.0,location_time
2,trade_yq_2020Q2,trade_yq,3810.6029663085938,4.0,location_time
2,trade_yq_2020Q3,trade_yq,8461.35888671875,6.0,location_time
2,trade_yq_2020Q4,trade_yq,24656.36492919922,14.0,location_time
2,trade_yq_2021Q1,trade_yq,21194.471130371094,11.0,location_time
2,trade_yq_2021Q2,trade_yq,5322.186950683594,5.0,location_time
2,trade_yq_2021Q3,trade_yq,7042.253021240234,5.0,location_time
2,trade_yq_2021Q4,trade_yq,44389.53500366211,34.0,location_time
2,trade_yq_2022Q1,trade_yq,8963.779083251953,12.0,location_time
2,building_type_住宅大樓(11層含以上有電梯),building_type,9862.336853027344,8.0,location_time
2,building_type_公寓(5樓含以下無電梯),building_type,194731.73345947266,29.0,location_time
2,building_type_套房(1房1廳1衛),building_type,4395.988098144531,2.0,location_time
2,building_type_華廈(10層含以下有電梯),building_type,177695.02853393555,86.0,location_time
2,material_加強磚造,material,31796.968002319336,32.0,location_time
2,material_壁式預鑄鋼筋混凝土造,material,0.0,0.0,location_time
2,material_混凝土造,material,0.0,0.0,location_time
2,material_磚造,material,0.0,0.0,location_time
2,material_見使用執照,material,19939.711944580078,22.0,location_time
2,material_見其他登記事項,material,249098.3794555664,52.0,location_time
2,material_鋼構造,material,0.0,0.0,location_time
2,material_鋼筋混凝土加強磚造,material,0.0,0.0,location_time
2,material_鋼筋混凝土造,material,1104649.2863769531,125.0,location_time
2,material_鋼筋混凝土造，鋼骨鋼筋混凝土造,material,17251.106811523438,12.0,location_time
2,material_鋼骨混凝土造,material,0.0,0.0,location_time
2,material_鋼骨造,material,114798.21890258789,37.0,location_time
2,material_鋼骨鋼筋混凝土造,material,173604.46392822266,85.0,location_time
2,material_鋼骨鋼筋混凝土造；鋼骨造,material,0.0,0.0,location_time
2,material_鋼骨ＲＣ造,material,0.0,0.0,location_time
2,material_預力混凝土造,material,0.0,0.0,location_time
3,trade_year,trade_year,363399.8974304199,160.0,location_time
3,main_use_missing,main_use_missing,1170.5400390625,1.0,note_or_quality_flags
3,building_age,building_age,4676149.754959106,1698.0,basic_housing
3,building_age_missing,building_age_missing,272559.5022583008,83.0,basic_housing
3,building_area_m2,building_area_m2,1204560.091506958,599.0,basic_housing
3,building_area_ping,building_area_ping,501176.8499908447,256.0,basic_housing
3,main_building_area_m2,main_building_area_m2,1681616.9136047363,835.0,basic_housing
3,main_building_area_ping,main_building_area_ping,247363.0821533203,153.0,basic_housing
3,auxiliary_area_m2,auxiliary_area_m2,1718751.5144958496,765.0,basic_housing
3,balcony_area_m2,balcony_area_m2,1283038.7370605469,674.0,basic_housing
3,land_area_m2,land_area_m2,2768526.3682250977,1218.0,basic_housing
3,floor,floor,4054053.681716919,649.0,basic_housing
3,total_floor,total_floor,2343689.6725006104,794.0,basic_housing
3,floor_ratio,floor_ratio,694862.6650695801,436.0,basic_housing
3,is_basement,is_basement,0.0,0.0,basic_housing
3,multi_floor,multi_floor,86028.4857788086,38.0,basic_housing
3,rooms,rooms,1666448.7112731934,406.0,basic_housing
3,living_rooms,living_rooms,495342.9200286865,182.0,basic_housing
3,bathrooms,bathrooms,306170.0182647705,143.0,basic_housing
3,has_management,has_management,288427.84704589844,92.0,basic_housing
3,has_elevator,has_elevator,72159.47088623047,14.0,basic_housing
3,has_parking,has_parking,875056.1165161133,132.0,basic_housing
3,parking_area_m2,parking_area_m2,2619168.7572631836,744.0,basic_housing
3,physical_condition_flag,physical_condition_flag,280189.3454589844,111.0,note_or_quality_flags
3,renovation_flag,renovation_flag,72462.84053039551,47.0,note_or_quality_flags
3,broad_note_flag,broad_note_flag,74844.38934326172,27.0,note_or_quality_flags
3,district_median_price_180d,district_median_price_180d,1180276.1727905273,465.0,time_aware_market
3,district_median_price_365d,district_median_price_365d,1264387.1399383545,459.0,time_aware_market
3,district_count_180d,district_count_180d,748975.1823730469,464.0,time_aware_market
3,district_type_median_price_180d,district_type_median_price_180d,577604.6071472168,308.0,time_aware_market
3,district_type_median_price_365d,district_type_median_price_365d,625677.9634399414,361.0,time_aware_market
3,district_type_count_180d,district_type_count_180d,536684.0428314209,375.0,time_aware_market
3,district_price_change_180_365,district_price_change_180_365,543269.4104309082,365.0,time_aware_market
3,district_type_price_change_180_365,district_type_price_change_180_365,662338.0021972656,471.0,time_aware_market
3,comp_365d_count,comp_365d_count,0.0,0.0,rule_based_comparable
3,comp_365d_median_price,comp_365d_median_price,556424.5263824463,363.0,rule_based_comparable
3,comp_365d_mean_price,comp_365d_mean_price,410093.9951477051,259.0,rule_based_comparable
3,comp_365d_weighted_mean_price,comp_365d_weighted_mean_price,5689400.198608398,253.0,rule_based_comparable
3,comp_365d_std_price,comp_365d_std_price,1043900.809753418,557.0,rule_based_comparable
3,comp_365d_nearest_price,comp_365d_nearest_price,1005777.0879058838,523.0,rule_based_comparable
3,comp_365d_nearest_distance,comp_365d_nearest_distance,646428.915435791,370.0,rule_based_comparable
3,comp_365d_median_distance,comp_365d_median_distance,609199.8242492676,319.0,rule_based_comparable
3,comp_365d_median_days_diff,comp_365d_median_days_diff,459493.88122558594,361.0,rule_based_comparable
3,comp_365d_median_area_diff_pct,comp_365d_median_area_diff_pct,430419.43435668945,314.0,rule_based_comparable
3,comp_365d_median_age_diff,comp_365d_median_age_diff,1165956.3179626465,540.0,rule_based_comparable
3,comp_730d_count,comp_730d_count,0.0,0.0,rule_based_comparable
3,comp_730d_median_price,comp_730d_median_price,715083.0751342773,372.0,rule_based_comparable
3,comp_730d_mean_price,comp_730d_mean_price,25499153.042114258,366.0,rule_based_comparable
3,comp_730d_weighted_mean_price,comp_730d_weighted_mean_price,188728846.8284912,564.0,rule_based_comparable
3,comp_730d_std_price,comp_730d_std_price,1095929.8806762695,581.0,rule_based_comparable
3,comp_730d_nearest_price,comp_730d_nearest_price,4084906.627319336,619.0,rule_based_comparable
3,comp_730d_nearest_distance,comp_730d_nearest_distance,760824.4002380371,399.0,rule_based_comparable
3,comp_730d_median_distance,comp_730d_median_distance,547092.3788452148,284.0,rule_based_comparable
3,comp_730d_median_days_diff,comp_730d_median_days_diff,423686.0725097656,318.0,rule_based_comparable
3,comp_730d_median_area_diff_pct,comp_730d_median_area_diff_pct,589233.0309143066,435.0,rule_based_comparable
3,comp_730d_median_age_diff,comp_730d_median_age_diff,1284488.9452972412,640.0,rule_based_comparable
3,emb_730d_count,emb_730d_count,0.0,0.0,embedding_comparable
3,emb_730d_median_price,emb_730d_median_price,659247.7718811035,309.0,embedding_comparable
3,emb_730d_mean_price,emb_730d_mean_price,2398180.5267944336,269.0,embedding_comparable
3,emb_730d_weighted_mean_price,emb_730d_weighted_mean_price,2950856.9655151367,137.0,embedding_comparable
3,emb_730d_std_price,emb_730d_std_price,918753.9301452637,500.0,embedding_comparable
3,emb_730d_nearest_price,emb_730d_nearest_price,2597095.4167785645,444.0,embedding_comparable
3,emb_730d_max_similarity,emb_730d_max_similarity,602787.480255127,313.0,embedding_comparable
3,emb_730d_mean_similarity,emb_730d_mean_similarity,557917.3875427246,269.0,embedding_comparable
3,emb_730d_median_similarity,emb_730d_median_similarity,549415.6686401367,236.0,embedding_comparable
3,emb_730d_median_days_diff,emb_730d_median_days_diff,601682.2591247559,370.0,embedding_comparable
3,emb_730d_median_area_diff_pct,emb_730d_median_area_diff_pct,507318.3519744873,352.0,embedding_comparable
3,emb_730d_median_age_diff,emb_730d_median_age_diff,868615.2525939941,448.0,embedding_comparable
3,emb_1095d_count,emb_1095d_count,0.0,0.0,embedding_comparable
3,emb_1095d_median_price,emb_1095d_median_price,1775743.3298034668,275.0,embedding_comparable
3,emb_1095d_mean_price,emb_1095d_mean_price,2744659.2922668457,272.0,embedding_comparable
3,emb_1095d_weighted_mean_price,emb_1095d_weighted_mean_price,8554173.55255127,147.0,embedding_comparable
3,emb_1095d_std_price,emb_1095d_std_price,842973.2108459473,424.0,embedding_comparable
3,emb_1095d_nearest_price,emb_1095d_nearest_price,3711759.8672332764,466.0,embedding_comparable
3,emb_1095d_max_similarity,emb_1095d_max_similarity,473738.9112548828,210.0,embedding_comparable
3,emb_1095d_mean_similarity,emb_1095d_mean_similarity,317850.2406311035,173.0,embedding_comparable
3,emb_1095d_median_similarity,emb_1095d_median_similarity,329825.5529785156,173.0,embedding_comparable
3,emb_1095d_median_days_diff,emb_1095d_median_days_diff,720055.6154174805,355.0,embedding_comparable
3,emb_1095d_median_area_diff_pct,emb_1095d_median_area_diff_pct,520385.2015533447,286.0,embedding_comparable
3,emb_1095d_median_age_diff,emb_1095d_median_age_diff,791943.6359558105,402.0,embedding_comparable
3,district_中山區,district,67996.12677001953,24.0,location_time
3,district_中正區,district,133940.74237060547,55.0,location_time
3,district_信義區,district,136859.12310791016,73.0,location_time
3,district_內湖區,district,33488.92153930664,20.0,location_time
3,district_北投區,district,54274.93493652344,34.0,location_time
3,district_南港區,district,33900.19689941406,20.0,location_time
3,district_士林區,district,50805.39440917969,27.0,location_time
3,district_大同區,district,38070.74214172363,38.0,location_time
3,district_大安區,district,26818.926879882812,15.0,location_time
3,district_文山區,district,6340.272033691406,6.0,location_time
3,district_松山區,district,224741.02532958984,78.0,location_time
3,district_萬華區,district,29902.243286132812,20.0,location_time
3,trade_month_1.0,trade_month,9459.230102539062,9.0,location_time
3,trade_month_2.0,trade_month,25017.479721069336,26.0,location_time
3,trade_month_3.0,trade_month,17597.384155273438,15.0,location_time
3,trade_month_4.0,trade_month,13986.165954589844,14.0,location_time
3,trade_month_5.0,trade_month,15808.355895996094,15.0,location_time
3,trade_month_6.0,trade_month,8795.661071777344,11.0,location_time
3,trade_month_7.0,trade_month,10360.557922363281,10.0,location_time
3,trade_month_8.0,trade_month,8831.865051269531,7.0,location_time
3,trade_month_9.0,trade_month,17130.949096679688,16.0,location_time
3,trade_month_10.0,trade_month,2449.9620056152344,4.0,location_time
3,trade_month_11.0,trade_month,16666.90106201172,19.0,location_time
3,trade_month_12.0,trade_month,11797.872924804688,10.0,location_time
3,trade_quarter_1.0,trade_quarter,14358.906066894531,13.0,location_time
3,trade_quarter_2.0,trade_quarter,23655.434936523438,20.0,location_time
3,trade_quarter_3.0,trade_quarter,11393.481018066406,9.0,location_time
3,trade_quarter_4.0,trade_quarter,36900.37705993652,34.0,location_time
3,trade_yq_2019Q3,trade_yq,7009.182769775391,6.0,location_time
3,trade_yq_2019Q4,trade_yq,4193.7899169921875,3.0,location_time
3,trade_yq_2020Q1,trade_yq,9606.358016967773,16.0,location_time
3,trade_yq_2020Q2,trade_yq,12178.370971679688,16.0,location_time
3,trade_yq_2020Q3,trade_yq,8231.180755615234,6.0,location_time
3,trade_yq_2020Q4,trade_yq,17195.899780273438,8.0,location_time
3,trade_yq_2021Q1,trade_yq,27544.37078857422,18.0,location_time
3,trade_yq_2021Q2,trade_yq,2023.77001953125,2.0,location_time
3,trade_yq_2021Q3,trade_yq,10706.777954101562,7.0,location_time
3,trade_yq_2021Q4,trade_yq,33388.934982299805,30.0,location_time
3,trade_yq_2022Q1,trade_yq,8877.456115722656,8.0,location_time
3,trade_yq_2022Q2,trade_yq,10012.359130859375,7.0,location_time
3,building_type_住宅大樓(11層含以上有電梯),building_type,28195.239501953125,13.0,location_time
3,building_type_公寓(5樓含以下無電梯),building_type,182769.22131347656,22.0,location_time
3,building_type_套房(1房1廳1衛),building_type,11516.770141601562,4.0,location_time
3,building_type_華廈(10層含以下有電梯),building_type,197027.47972106934,76.0,location_time
3,material_加強磚造,material,21579.261962890625,17.0,location_time
3,material_壁式預鑄鋼筋混凝土造,material,0.0,0.0,location_time
3,material_混凝土造,material,0.0,0.0,location_time
3,material_磚造,material,0.0,0.0,location_time
3,material_見使用執照,material,13959.961807250977,20.0,location_time
3,material_見其他登記事項,material,124240.2158203125,35.0,location_time
3,material_鋼構造,material,0.0,0.0,location_time
3,material_鋼筋混凝土加強磚造,material,0.0,0.0,location_time
3,material_鋼筋混凝土造,material,1124584.3053588867,116.0,location_time
3,material_鋼筋混凝土造，鋼骨鋼筋混凝土造,material,16404.70782470703,11.0,location_time
3,material_鋼骨混凝土造,material,0.0,0.0,location_time
3,material_鋼骨造,material,81885.16833496094,32.0,location_time
3,material_鋼骨鋼筋混凝土造,material,203074.01947021484,93.0,location_time
3,material_鋼骨鋼筋混凝土造；鋼骨造,material,0.0,0.0,location_time
3,material_鋼骨ＲＣ造,material,0.0,0.0,location_time
3,material_預力混凝土造,material,0.0,0.0,location_time
4,trade_year,trade_year,323257.41983032227,137.0,location_time
4,main_use_missing,main_use_missing,950.6099853515625,1.0,note_or_quality_flags
4,building_age,building_age,4416804.689041138,1621.0,basic_housing
4,building_age_missing,building_age_missing,309406.5562133789,74.0,basic_housing
4,building_area_m2,building_area_m2,1451033.4976348877,696.0,basic_housing
4,building_area_ping,building_area_ping,299093.8517150879,160.0,basic_housing
4,main_building_area_m2,main_building_area_m2,1565684.0046691895,800.0,basic_housing
4,main_building_area_ping,main_building_area_ping,298210.08877563477,147.0,basic_housing
4,auxiliary_area_m2,auxiliary_area_m2,1633001.3216552734,781.0,basic_housing
4,balcony_area_m2,balcony_area_m2,1359018.3586730957,688.0,basic_housing
4,land_area_m2,land_area_m2,2566459.721511841,1148.0,basic_housing
4,floor,floor,3916167.0473632812,643.0,basic_housing
4,total_floor,total_floor,2288547.6487579346,794.0,basic_housing
4,floor_ratio,floor_ratio,744651.4108581543,457.0,basic_housing
4,is_basement,is_basement,0.0,0.0,basic_housing
4,multi_floor,multi_floor,90161.08560180664,50.0,basic_housing
4,rooms,rooms,1507947.8766479492,405.0,basic_housing
4,living_rooms,living_rooms,530143.0379180908,200.0,basic_housing
4,bathrooms,bathrooms,256076.99063110352,134.0,basic_housing
4,has_management,has_management,346856.3374633789,103.0,basic_housing
4,has_elevator,has_elevator,104747.33483886719,20.0,basic_housing
4,has_parking,has_parking,934029.349395752,135.0,basic_housing
4,parking_area_m2,parking_area_m2,2404149.778778076,743.0,basic_housing
4,physical_condition_flag,physical_condition_flag,243747.85470581055,100.0,note_or_quality_flags
4,renovation_flag,renovation_flag,79878.34326171875,48.0,note_or_quality_flags
4,broad_note_flag,broad_note_flag,70369.76776123047,33.0,note_or_quality_flags
4,district_median_price_180d,district_median_price_180d,1024505.9349975586,431.0,time_aware_market
4,district_median_price_365d,district_median_price_365d,1188550.6421051025,489.0,time_aware_market
4,district_count_180d,district_count_180d,732326.9996948242,496.0,time_aware_market
4,district_type_median_price_180d,district_type_median_price_180d,561219.080291748,270.0,time_aware_market
4,district_type_median_price_365d,district_type_median_price_365d,469488.49295043945,286.0,time_aware_market
4,district_type_count_180d,district_type_count_180d,535245.8319854736,366.0,time_aware_market
4,district_price_change_180_365,district_price_change_180_365,552058.3991851807,377.0,time_aware_market
4,district_type_price_change_180_365,district_type_price_change_180_365,714636.3863983154,501.0,time_aware_market
4,comp_365d_count,comp_365d_count,0.0,0.0,rule_based_comparable
4,comp_365d_median_price,comp_365d_median_price,537921.4142913818,358.0,rule_based_comparable
4,comp_365d_mean_price,comp_365d_mean_price,9562318.67791748,279.0,rule_based_comparable
4,comp_365d_weighted_mean_price,comp_365d_weighted_mean_price,14374378.459091187,259.0,rule_based_comparable
4,comp_365d_std_price,comp_365d_std_price,1045581.6220703125,553.0,rule_based_comparable
4,comp_365d_nearest_price,comp_365d_nearest_price,861492.262298584,484.0,rule_based_comparable
4,comp_365d_nearest_distance,comp_365d_nearest_distance,568468.3862609863,365.0,rule_based_comparable
4,comp_365d_median_distance,comp_365d_median_distance,543607.850402832,299.0,rule_based_comparable
4,comp_365d_median_days_diff,comp_365d_median_days_diff,417033.25604248047,304.0,rule_based_comparable
4,comp_365d_median_area_diff_pct,comp_365d_median_area_diff_pct,530797.4505004883,378.0,rule_based_comparable
4,comp_365d_median_age_diff,comp_365d_median_age_diff,1179165.952178955,530.0,rule_based_comparable
4,comp_730d_count,comp_730d_count,0.0,0.0,rule_based_comparable
4,comp_730d_median_price,comp_730d_median_price,1636032.789642334,388.0,rule_based_comparable
4,comp_730d_mean_price,comp_730d_mean_price,7020128.016647339,352.0,rule_based_comparable
4,comp_730d_weighted_mean_price,comp_730d_weighted_mean_price,177133594.94882202,589.0,rule_based_comparable
4,comp_730d_std_price,comp_730d_std_price,1263266.391998291,725.0,rule_based_comparable
4,comp_730d_nearest_price,comp_730d_nearest_price,4125025.6224975586,579.0,rule_based_comparable
4,comp_730d_nearest_distance,comp_730d_nearest_distance,727566.7181549072,363.0,rule_based_comparable
4,comp_730d_median_distance,comp_730d_median_distance,538188.4108886719,272.0,rule_based_comparable
4,comp_730d_median_days_diff,comp_730d_median_days_diff,449273.040435791,327.0,rule_based_comparable
4,comp_730d_median_area_diff_pct,comp_730d_median_area_diff_pct,595001.0514373779,445.0,rule_based_comparable
4,comp_730d_median_age_diff,comp_730d_median_age_diff,1142524.2210540771,643.0,rule_based_comparable
4,emb_730d_count,emb_730d_count,0.0,0.0,embedding_comparable
4,emb_730d_median_price,emb_730d_median_price,795646.6303710938,336.0,embedding_comparable
4,emb_730d_mean_price,emb_730d_mean_price,1438604.5515441895,302.0,embedding_comparable
4,emb_730d_weighted_mean_price,emb_730d_weighted_mean_price,2036233.8362121582,129.0,embedding_comparable
4,emb_730d_std_price,emb_730d_std_price,909485.1280822754,467.0,embedding_comparable
4,emb_730d_nearest_price,emb_730d_nearest_price,2243541.614440918,479.0,embedding_comparable
4,emb_730d_max_similarity,emb_730d_max_similarity,487853.5581665039,274.0,embedding_comparable
4,emb_730d_mean_similarity,emb_730d_mean_similarity,577206.1585540771,283.0,embedding_comparable
4,emb_730d_median_similarity,emb_730d_median_similarity,578049.1753692627,286.0,embedding_comparable
4,emb_730d_median_days_diff,emb_730d_median_days_diff,559757.071685791,367.0,embedding_comparable
4,emb_730d_median_area_diff_pct,emb_730d_median_area_diff_pct,478807.7192687988,344.0,embedding_comparable
4,emb_730d_median_age_diff,emb_730d_median_age_diff,880347.6564025879,450.0,embedding_comparable
4,emb_1095d_count,emb_1095d_count,0.0,0.0,embedding_comparable
4,emb_1095d_median_price,emb_1095d_median_price,1512821.3034973145,303.0,embedding_comparable
4,emb_1095d_mean_price,emb_1095d_mean_price,2231718.54095459,295.0,embedding_comparable
4,emb_1095d_weighted_mean_price,emb_1095d_weighted_mean_price,11314859.852172852,169.0,embedding_comparable
4,emb_1095d_std_price,emb_1095d_std_price,789360.4408569336,421.0,embedding_comparable
4,emb_1095d_nearest_price,emb_1095d_nearest_price,3814168.534301758,455.0,embedding_comparable
4,emb_1095d_max_similarity,emb_1095d_max_similarity,443529.9637451172,224.0,embedding_comparable
4,emb_1095d_mean_similarity,emb_1095d_mean_similarity,306962.96282958984,175.0,embedding_comparable
4,emb_1095d_median_similarity,emb_1095d_median_similarity,397997.87522888184,200.0,embedding_comparable
4,emb_1095d_median_days_diff,emb_1095d_median_days_diff,673487.5659179688,373.0,embedding_comparable
4,emb_1095d_median_area_diff_pct,emb_1095d_median_area_diff_pct,507825.6279602051,313.0,embedding_comparable
4,emb_1095d_median_age_diff,emb_1095d_median_age_diff,643030.3863830566,385.0,embedding_comparable
4,district_中山區,district,90892.4682006836,38.0,location_time
4,district_中正區,district,142126.62670898438,51.0,location_time
4,district_信義區,district,107131.837890625,62.0,location_time
4,district_內湖區,district,20678.0400390625,14.0,location_time
4,district_北投區,district,33566.73974609375,26.0,location_time
4,district_南港區,district,42232.00622558594,20.0,location_time
4,district_士林區,district,39222.57321166992,29.0,location_time
4,district_大同區,district,35412.58906555176,28.0,location_time
4,district_大安區,district,16446.491760253906,6.0,location_time
4,district_文山區,district,8289.684143066406,6.0,location_time
4,district_松山區,district,249355.0225830078,81.0,location_time
4,district_萬華區,district,3935.6919555664062,11.0,location_time
4,trade_month_1.0,trade_month,9553.741027832031,7.0,location_time
4,trade_month_2.0,trade_month,36204.77850341797,23.0,location_time
4,trade_month_3.0,trade_month,22280.737701416016,18.0,location_time
4,trade_month_4.0,trade_month,10052.507934570312,10.0,location_time
4,trade_month_5.0,trade_month,5506.606018066406,6.0,location_time
4,trade_month_6.0,trade_month,7975.330017089844,9.0,location_time
4,trade_month_7.0,trade_month,4349.941070556641,4.0,location_time
4,trade_month_8.0,trade_month,2445.3779907226562,4.0,location_time
4,trade_month_9.0,trade_month,10089.771911621094,11.0,location_time
4,trade_month_10.0,trade_month,5342.874938964844,6.0,location_time
4,trade_month_11.0,trade_month,23277.440002441406,21.0,location_time
4,trade_month_12.0,trade_month,22404.158935546875,19.0,location_time
4,trade_quarter_1.0,trade_quarter,10643.748046875,10.0,location_time
4,trade_quarter_2.0,trade_quarter,34532.288146972656,30.0,location_time
4,trade_quarter_3.0,trade_quarter,12782.927856445312,10.0,location_time
4,trade_quarter_4.0,trade_quarter,25408.52783203125,23.0,location_time
4,trade_yq_2019Q4,trade_yq,1124.1199951171875,2.0,location_time
4,trade_yq_2020Q1,trade_yq,15837.039306640625,20.0,location_time
4,trade_yq_2020Q2,trade_yq,20653.8310546875,19.0,location_time
4,trade_yq_2020Q3,trade_yq,7701.94189453125,6.0,location_time
4,trade_yq_2020Q4,trade_yq,15417.066177368164,9.0,location_time
4,trade_yq_2021Q1,trade_yq,18157.813842773438,11.0,location_time
4,trade_yq_2021Q2,trade_yq,3347.1309814453125,4.0,location_time
4,trade_yq_2021Q3,trade_yq,13215.7841796875,14.0,location_time
4,trade_yq_2021Q4,trade_yq,33009.92695617676,37.0,location_time
4,trade_yq_2022Q1,trade_yq,20784.25811767578,10.0,location_time
4,trade_yq_2022Q2,trade_yq,16169.441955566406,13.0,location_time
4,trade_yq_2022Q3,trade_yq,5493.265045166016,6.0,location_time
4,building_type_住宅大樓(11層含以上有電梯),building_type,18526.9921875,8.0,location_time
4,building_type_公寓(5樓含以下無電梯),building_type,152786.6990966797,24.0,location_time
4,building_type_套房(1房1廳1衛),building_type,2954.133056640625,2.0,location_time
4,building_type_華廈(10層含以下有電梯),building_type,221788.66151428223,77.0,location_time
4,material_加強磚造,material,16775.872955322266,15.0,location_time
4,material_壁式預鑄鋼筋混凝土造,material,0.0,0.0,location_time
4,material_磚造,material,0.0,0.0,location_time
4,material_見使用執照,material,17920.97105407715,24.0,location_time
4,material_見其他登記事項,material,63284.161224365234,21.0,location_time
4,material_鋼構造,material,0.0,0.0,location_time
4,material_鋼筋混凝土加強磚造,material,0.0,0.0,location_time
4,material_鋼筋混凝土造,material,837365.1126098633,110.0,location_time
4,material_鋼筋混凝土造，鋼骨鋼筋混凝土造,material,20103.640106201172,15.0,location_time
4,material_鋼骨混凝土造,material,0.0,0.0,location_time
4,material_鋼骨造,material,73852.28106689453,32.0,location_time
4,material_鋼骨鋼筋混凝土造,material,195003.3409423828,82.0,location_time
4,material_鋼骨鋼筋混凝土造；鋼骨造,material,0.0,0.0,location_time
4,material_鋼骨ＲＣ造,material,0.0,0.0,location_time
4,material_預力混凝土造,material,0.0,0.0,location_time
5,trade_year,trade_year,246663.70039367676,109.0,location_time
5,main_use_missing,main_use_missing,1086.3900146484375,1.0,note_or_quality_flags
5,building_age,building_age,4432855.68812561,1590.0,basic_housing
5,building_age_missing,building_age_missing,279926.7983093262,66.0,basic_housing
5,building_area_m2,building_area_m2,1382276.667388916,710.0,basic_housing
5,building_area_ping,building_area_ping,242389.41160583496,151.0,basic_housing
5,main_building_area_m2,main_building_area_m2,1625692.6643218994,833.0,basic_housing
5,main_building_area_ping,main_building_area_ping,251070.48126220703,135.0,basic_housing
5,auxiliary_area_m2,auxiliary_area_m2,1644221.1133728027,748.0,basic_housing
5,balcony_area_m2,balcony_area_m2,1167791.5588378906,649.0,basic_housing
5,land_area_m2,land_area_m2,2522313.3748931885,1133.0,basic_housing
5,floor,floor,4091733.654067993,675.0,basic_housing
5,total_floor,total_floor,2148812.4000091553,774.0,basic_housing
5,floor_ratio,floor_ratio,788592.5862426758,482.0,basic_housing
5,is_basement,is_basement,0.0,0.0,basic_housing
5,multi_floor,multi_floor,85835.96432495117,43.0,basic_housing
5,rooms,rooms,1495266.8465576172,384.0,basic_housing
5,living_rooms,living_rooms,403398.6565551758,189.0,basic_housing
5,bathrooms,bathrooms,209374.75102233887,131.0,basic_housing
5,has_management,has_management,348314.2384338379,99.0,basic_housing
5,has_elevator,has_elevator,136469.7608642578,17.0,basic_housing
5,has_parking,has_parking,861658.8422241211,132.0,basic_housing
5,parking_area_m2,parking_area_m2,2261573.5168151855,680.0,basic_housing
5,physical_condition_flag,physical_condition_flag,236974.8935546875,99.0,note_or_quality_flags
5,renovation_flag,renovation_flag,98000.17276000977,50.0,note_or_quality_flags
5,broad_note_flag,broad_note_flag,76335.10043334961,37.0,note_or_quality_flags
5,district_median_price_180d,district_median_price_180d,1018493.5996398926,447.0,time_aware_market
5,district_median_price_365d,district_median_price_365d,1101418.390045166,512.0,time_aware_market
5,district_count_180d,district_count_180d,634854.4980926514,445.0,time_aware_market
5,district_type_median_price_180d,district_type_median_price_180d,492080.94219970703,296.0,time_aware_market
5,district_type_median_price_365d,district_type_median_price_365d,576075.3193969727,330.0,time_aware_market
5,district_type_count_180d,district_type_count_180d,512091.1439819336,377.0,time_aware_market
5,district_price_change_180_365,district_price_change_180_365,574405.7302856445,408.0,time_aware_market
5,district_type_price_change_180_365,district_type_price_change_180_365,635158.9902954102,478.0,time_aware_market
5,comp_365d_count,comp_365d_count,0.0,0.0,rule_based_comparable
5,comp_365d_median_price,comp_365d_median_price,561037.5631256104,358.0,rule_based_comparable
5,comp_365d_mean_price,comp_365d_mean_price,7632736.324249268,261.0,rule_based_comparable
5,comp_365d_weighted_mean_price,comp_365d_weighted_mean_price,13562227.38671875,246.0,rule_based_comparable
5,comp_365d_std_price,comp_365d_std_price,1019790.5531921387,557.0,rule_based_comparable
5,comp_365d_nearest_price,comp_365d_nearest_price,815195.9505310059,511.0,rule_based_comparable
5,comp_365d_nearest_distance,comp_365d_nearest_distance,620594.5327148438,395.0,rule_based_comparable
5,comp_365d_median_distance,comp_365d_median_distance,602718.6367492676,315.0,rule_based_comparable
5,comp_365d_median_days_diff,comp_365d_median_days_diff,517826.8114929199,360.0,rule_based_comparable
5,comp_365d_median_area_diff_pct,comp_365d_median_area_diff_pct,438689.1389465332,328.0,rule_based_comparable
5,comp_365d_median_age_diff,comp_365d_median_age_diff,1164864.0050354004,570.0,rule_based_comparable
5,comp_730d_count,comp_730d_count,0.0,0.0,rule_based_comparable
5,comp_730d_median_price,comp_730d_median_price,1600459.638305664,338.0,rule_based_comparable
5,comp_730d_mean_price,comp_730d_mean_price,7062885.050247192,329.0,rule_based_comparable
5,comp_730d_weighted_mean_price,comp_730d_weighted_mean_price,172344129.48132324,612.0,rule_based_comparable
5,comp_730d_std_price,comp_730d_std_price,1205038.3001708984,674.0,rule_based_comparable
5,comp_730d_nearest_price,comp_730d_nearest_price,3841899.9695739746,585.0,rule_based_comparable
5,comp_730d_nearest_distance,comp_730d_nearest_distance,760884.9047241211,393.0,rule_based_comparable
5,comp_730d_median_distance,comp_730d_median_distance,565710.4042663574,276.0,rule_based_comparable
5,comp_730d_median_days_diff,comp_730d_median_days_diff,451366.6925048828,340.0,rule_based_comparable
5,comp_730d_median_area_diff_pct,comp_730d_median_area_diff_pct,584095.3094787598,438.0,rule_based_comparable
5,comp_730d_median_age_diff,comp_730d_median_age_diff,1298063.0423583984,678.0,rule_based_comparable
5,emb_730d_count,emb_730d_count,0.0,0.0,embedding_comparable
5,emb_730d_median_price,emb_730d_median_price,680714.7089233398,314.0,embedding_comparable
5,emb_730d_mean_price,emb_730d_mean_price,1563557.2131958008,283.0,embedding_comparable
5,emb_730d_weighted_mean_price,emb_730d_weighted_mean_price,3706513.6370544434,141.0,embedding_comparable
5,emb_730d_std_price,emb_730d_std_price,1044913.1883850098,481.0,embedding_comparable
5,emb_730d_nearest_price,emb_730d_nearest_price,2319323.488800049,433.0,embedding_comparable
5,emb_730d_max_similarity,emb_730d_max_similarity,436956.44369506836,266.0,embedding_comparable
5,emb_730d_mean_similarity,emb_730d_mean_similarity,439782.2470550537,209.0,embedding_comparable
5,emb_730d_median_similarity,emb_730d_median_similarity,525482.5519104004,267.0,embedding_comparable
5,emb_730d_median_days_diff,emb_730d_median_days_diff,651295.8657836914,401.0,embedding_comparable
5,emb_730d_median_area_diff_pct,emb_730d_median_area_diff_pct,445891.7756958008,337.0,embedding_comparable
5,emb_730d_median_age_diff,emb_730d_median_age_diff,860178.7926330566,481.0,embedding_comparable
5,emb_1095d_count,emb_1095d_count,0.0,0.0,embedding_comparable
5,emb_1095d_median_price,emb_1095d_median_price,2482993.7851867676,309.0,embedding_comparable
5,emb_1095d_mean_price,emb_1095d_mean_price,2409127.5873413086,249.0,embedding_comparable
5,emb_1095d_weighted_mean_price,emb_1095d_weighted_mean_price,9728692.869903564,175.0,embedding_comparable
5,emb_1095d_std_price,emb_1095d_std_price,958534.1314697266,501.0,embedding_comparable
5,emb_1095d_nearest_price,emb_1095d_nearest_price,3818215.9899902344,505.0,embedding_comparable
5,emb_1095d_max_similarity,emb_1095d_max_similarity,321729.7314758301,214.0,embedding_comparable
5,emb_1095d_mean_similarity,emb_1095d_mean_similarity,398142.4196777344,192.0,embedding_comparable
5,emb_1095d_median_similarity,emb_1095d_median_similarity,355210.26611328125,203.0,embedding_comparable
5,emb_1095d_median_days_diff,emb_1095d_median_days_diff,574680.1268005371,338.0,embedding_comparable
5,emb_1095d_median_area_diff_pct,emb_1095d_median_area_diff_pct,554845.5566101074,317.0,embedding_comparable
5,emb_1095d_median_age_diff,emb_1095d_median_age_diff,696330.3490905762,431.0,embedding_comparable
5,district_中山區,district,114384.98840332031,50.0,location_time
5,district_中正區,district,126290.4271850586,50.0,location_time
5,district_信義區,district,96218.96850585938,57.0,location_time
5,district_內湖區,district,35149.345764160156,18.0,location_time
5,district_北投區,district,22356.744018554688,14.0,location_time
5,district_南港區,district,66710.2348022461,36.0,location_time
5,district_士林區,district,56623.180603027344,45.0,location_time
5,district_大同區,district,47454.88200378418,34.0,location_time
5,district_大安區,district,5951.25,3.0,location_time
5,district_文山區,district,8186.512878417969,7.0,location_time
5,district_松山區,district,289605.46405029297,92.0,location_time
5,district_萬華區,district,6277.76399230957,22.0,location_time
5,trade_month_1.0,trade_month,22325.305236816406,13.0,location_time
5,trade_month_2.0,trade_month,30028.91893005371,26.0,location_time
5,trade_month_3.0,trade_month,13454.023864746094,9.0,location_time
5,trade_month_4.0,trade_month,13081.088928222656,11.0,location_time
5,trade_month_5.0,trade_month,13618.758850097656,13.0,location_time
5,trade_month_6.0,trade_month,19112.56103515625,19.0,location_time
5,trade_month_7.0,trade_month,5161.022033691406,8.0,location_time
5,trade_month_8.0,trade_month,4465.8900146484375,7.0,location_time
5,trade_month_9.0,trade_month,11233.196960449219,15.0,location_time
5,trade_month_10.0,trade_month,15470.293914794922,15.0,location_time
5,trade_month_11.0,trade_month,27361.52374267578,25.0,location_time
5,trade_month_12.0,trade_month,19250.166931152344,12.0,location_time
5,trade_quarter_1.0,trade_quarter,19519.992065429688,16.0,location_time
5,trade_quarter_2.0,trade_quarter,15569.651824951172,13.0,location_time
5,trade_quarter_3.0,trade_quarter,2482.3310546875,3.0,location_time
5,trade_quarter_4.0,trade_quarter,32681.920837402344,24.0,location_time
5,trade_yq_2020Q1,trade_yq,41067.411849975586,37.0,location_time
5,trade_yq_2020Q2,trade_yq,32810.28692626953,27.0,location_time
5,trade_yq_2020Q3,trade_yq,0.0,0.0,location_time
5,trade_yq_2020Q4,trade_yq,7198.390930175781,4.0,location_time
5,trade_yq_2021Q1,trade_yq,29748.075073242188,17.0,location_time
5,trade_yq_2021Q2,trade_yq,6154.199157714844,6.0,location_time
5,trade_yq_2021Q3,trade_yq,11147.305114746094,12.0,location_time
5,trade_yq_2021Q4,trade_yq,23435.626007080078,25.0,location_time
5,trade_yq_2022Q1,trade_yq,10551.691040039062,9.0,location_time
5,trade_yq_2022Q2,trade_yq,24319.7919921875,17.0,location_time
5,trade_yq_2022Q3,trade_yq,5676.455993652344,5.0,location_time
5,trade_yq_2022Q4,trade_yq,754.4459838867188,1.0,location_time
5,building_type_住宅大樓(11層含以上有電梯),building_type,2346.8400268554688,2.0,location_time
5,building_type_公寓(5樓含以下無電梯),building_type,104810.76629638672,19.0,location_time
5,building_type_套房(1房1廳1衛),building_type,1393.5899658203125,1.0,location_time
5,building_type_華廈(10層含以下有電梯),building_type,116056.2876586914,62.0,location_time
5,material_加強磚造,material,28458.31512451172,25.0,location_time
5,material_壁式預鑄鋼筋混凝土造,material,0.0,0.0,location_time
5,material_磚造,material,0.0,0.0,location_time
5,material_見使用執照,material,15223.589950561523,18.0,location_time
5,material_見其他登記事項,material,61921.88137817383,21.0,location_time
5,material_鋼構造,material,0.0,0.0,location_time
5,material_鋼筋混凝土加強磚造,material,0.0,0.0,location_time
5,material_鋼筋混凝土造,material,817300.1247253418,104.0,location_time
5,material_鋼筋混凝土造，鋼骨鋼筋混凝土造,material,17935.30096435547,15.0,location_time
5,material_鋼骨混凝土造,material,0.0,0.0,location_time
5,material_鋼骨造,material,67945.60232543945,31.0,location_time
5,material_鋼骨鋼筋混凝土造,material,129340.52947998047,64.0,location_time
5,material_鋼骨鋼筋混凝土造；鋼骨造,material,0.0,0.0,location_time
5,material_鋼骨ＲＣ造,material,0.0,0.0,location_time
5,material_預力混凝土造,material,0.0,0.0,location_time
5,material_ＲＣ造,material,0.0,0.0,location_time
6,trade_year,trade_year,118683.07655334473,83.0,location_time
6,main_use_missing,main_use_missing,2530.6870727539062,2.0,note_or_quality_flags
6,building_age,building_age,4815927.687469482,1637.0,basic_housing
6,building_age_missing,building_age_missing,343129.22399902344,81.0,basic_housing
6,building_area_m2,building_area_m2,1487076.297012329,785.0,basic_housing
6,building_area_ping,building_area_ping,366437.57640075684,174.0,basic_housing
6,main_building_area_m2,main_building_area_m2,1564044.177444458,830.0,basic_housing
6,main_building_area_ping,main_building_area_ping,281875.9076843262,143.0,basic_housing
6,auxiliary_area_m2,auxiliary_area_m2,1404760.0399475098,653.0,basic_housing
6,balcony_area_m2,balcony_area_m2,1211657.0477600098,685.0,basic_housing
6,land_area_m2,land_area_m2,2340975.046875,1084.0,basic_housing
6,floor,floor,4076770.0329589844,691.0,basic_housing
6,total_floor,total_floor,2044858.6856689453,719.0,basic_housing
6,floor_ratio,floor_ratio,838296.7701568604,518.0,basic_housing
6,is_basement,is_basement,0.0,0.0,basic_housing
6,multi_floor,multi_floor,99296.34307861328,48.0,basic_housing
6,rooms,rooms,1591125.628753662,375.0,basic_housing
6,living_rooms,living_rooms,399628.0747833252,179.0,basic_housing
6,bathrooms,bathrooms,262140.67738342285,150.0,basic_housing
6,has_management,has_management,196304.5239868164,62.0,basic_housing
6,has_elevator,has_elevator,192464.91796875,29.0,basic_housing
6,has_parking,has_parking,981936.0427856445,131.0,basic_housing
6,parking_area_m2,parking_area_m2,2313815.810836792,728.0,basic_housing
6,physical_condition_flag,physical_condition_flag,253675.30137634277,99.0,note_or_quality_flags
6,renovation_flag,renovation_flag,73500.09791564941,48.0,note_or_quality_flags
6,broad_note_flag,broad_note_flag,61190.47521972656,37.0,note_or_quality_flags
6,district_median_price_180d,district_median_price_180d,1155097.829421997,505.0,time_aware_market
6,district_median_price_365d,district_median_price_365d,1015990.7929840088,436.0,time_aware_market
6,district_count_180d,district_count_180d,614891.6641082764,443.0,time_aware_market
6,district_type_median_price_180d,district_type_median_price_180d,569434.4588470459,326.0,time_aware_market
6,district_type_median_price_365d,district_type_median_price_365d,599631.2827606201,323.0,time_aware_market
6,district_type_count_180d,district_type_count_180d,500552.8826599121,357.0,time_aware_market
6,district_price_change_180_365,district_price_change_180_365,552100.6140136719,392.0,time_aware_market
6,district_type_price_change_180_365,district_type_price_change_180_365,617243.6363830566,443.0,time_aware_market
6,comp_365d_count,comp_365d_count,0.0,0.0,rule_based_comparable
6,comp_365d_median_price,comp_365d_median_price,484843.36141967773,309.0,rule_based_comparable
6,comp_365d_mean_price,comp_365d_mean_price,410309.1449432373,258.0,rule_based_comparable
6,comp_365d_weighted_mean_price,comp_365d_weighted_mean_price,4494533.936737061,281.0,rule_based_comparable
6,comp_365d_std_price,comp_365d_std_price,809507.7149353027,513.0,rule_based_comparable
6,comp_365d_nearest_price,comp_365d_nearest_price,787617.3076324463,482.0,rule_based_comparable
6,comp_365d_nearest_distance,comp_365d_nearest_distance,634341.6936798096,317.0,rule_based_comparable
6,comp_365d_median_distance,comp_365d_median_distance,529610.0234680176,303.0,rule_based_comparable
6,comp_365d_median_days_diff,comp_365d_median_days_diff,457121.2596130371,315.0,rule_based_comparable
6,comp_365d_median_area_diff_pct,comp_365d_median_area_diff_pct,486758.0414733887,355.0,rule_based_comparable
6,comp_365d_median_age_diff,comp_365d_median_age_diff,1060434.0821228027,513.0,rule_based_comparable
6,comp_730d_count,comp_730d_count,0.0,0.0,rule_based_comparable
6,comp_730d_median_price,comp_730d_median_price,668902.2732849121,351.0,rule_based_comparable
6,comp_730d_mean_price,comp_730d_mean_price,24056102.522201538,380.0,rule_based_comparable
6,comp_730d_weighted_mean_price,comp_730d_weighted_mean_price,173004005.34776306,595.0,rule_based_comparable
6,comp_730d_std_price,comp_730d_std_price,1368870.6364746094,726.0,rule_based_comparable
6,comp_730d_nearest_price,comp_730d_nearest_price,3772488.8518829346,581.0,rule_based_comparable
6,comp_730d_nearest_distance,comp_730d_nearest_distance,783394.7178039551,393.0,rule_based_comparable
6,comp_730d_median_distance,comp_730d_median_distance,610111.5639953613,290.0,rule_based_comparable
6,comp_730d_median_days_diff,comp_730d_median_days_diff,469492.9629058838,375.0,rule_based_comparable
6,comp_730d_median_area_diff_pct,comp_730d_median_area_diff_pct,539938.6436157227,439.0,rule_based_comparable
6,comp_730d_median_age_diff,comp_730d_median_age_diff,1222539.0615081787,620.0,rule_based_comparable
6,emb_730d_count,emb_730d_count,0.0,0.0,embedding_comparable
6,emb_730d_median_price,emb_730d_median_price,649591.9915161133,331.0,embedding_comparable
6,emb_730d_mean_price,emb_730d_mean_price,1584587.5641479492,292.0,embedding_comparable
6,emb_730d_weighted_mean_price,emb_730d_weighted_mean_price,2721132.243988037,118.0,embedding_comparable
6,emb_730d_std_price,emb_730d_std_price,1090447.5633850098,485.0,embedding_comparable
6,emb_730d_nearest_price,emb_730d_nearest_price,3026013.963180542,505.0,embedding_comparable
6,emb_730d_max_similarity,emb_730d_max_similarity,449583.2976989746,279.0,embedding_comparable
6,emb_730d_mean_similarity,emb_730d_mean_similarity,381833.79205322266,250.0,embedding_comparable
6,emb_730d_median_similarity,emb_730d_median_similarity,515404.07147216797,248.0,embedding_comparable
6,emb_730d_median_days_diff,emb_730d_median_days_diff,621426.5755004883,390.0,embedding_comparable
6,emb_730d_median_area_diff_pct,emb_730d_median_area_diff_pct,490590.4433898926,367.0,embedding_comparable
6,emb_730d_median_age_diff,emb_730d_median_age_diff,861109.2568359375,467.0,embedding_comparable
6,emb_1095d_count,emb_1095d_count,0.0,0.0,embedding_comparable
6,emb_1095d_median_price,emb_1095d_median_price,2934675.509185791,331.0,embedding_comparable
6,emb_1095d_mean_price,emb_1095d_mean_price,6000663.758239746,309.0,embedding_comparable
6,emb_1095d_weighted_mean_price,emb_1095d_weighted_mean_price,4897480.039306641,149.0,embedding_comparable
6,emb_1095d_std_price,emb_1095d_std_price,966157.8921508789,501.0,embedding_comparable
6,emb_1095d_nearest_price,emb_1095d_nearest_price,3882939.9145202637,456.0,embedding_comparable
6,emb_1095d_max_similarity,emb_1095d_max_similarity,468303.54232788086,258.0,embedding_comparable
6,emb_1095d_mean_similarity,emb_1095d_mean_similarity,379148.23428344727,211.0,embedding_comparable
6,emb_1095d_median_similarity,emb_1095d_median_similarity,371782.79959106445,226.0,embedding_comparable
6,emb_1095d_median_days_diff,emb_1095d_median_days_diff,475946.0308685303,305.0,embedding_comparable
6,emb_1095d_median_area_diff_pct,emb_1095d_median_area_diff_pct,577066.0082244873,361.0,embedding_comparable
6,emb_1095d_median_age_diff,emb_1095d_median_age_diff,715360.6036834717,430.0,embedding_comparable
6,district_中山區,district,155816.51892089844,66.0,location_time
6,district_中正區,district,159473.22204589844,50.0,location_time
6,district_信義區,district,102775.1860961914,60.0,location_time
6,district_內湖區,district,24963.10595703125,14.0,location_time
6,district_北投區,district,30627.564086914062,23.0,location_time
6,district_南港區,district,38092.47216796875,21.0,location_time
6,district_士林區,district,69552.97509765625,46.0,location_time
6,district_大同區,district,45018.58987426758,34.0,location_time
6,district_大安區,district,29774.58984375,6.0,location_time
6,district_文山區,district,16849.086853027344,10.0,location_time
6,district_松山區,district,241219.28317260742,78.0,location_time
6,district_萬華區,district,10542.892028808594,29.0,location_time
6,trade_month_1.0,trade_month,12140.568054199219,11.0,location_time
6,trade_month_2.0,trade_month,15764.686080932617,14.0,location_time
6,trade_month_3.0,trade_month,12864.894012451172,12.0,location_time
6,trade_month_4.0,trade_month,18374.841918945312,20.0,location_time
6,trade_month_5.0,trade_month,5579.68994140625,5.0,location_time
6,trade_month_6.0,trade_month,9452.55093383789,13.0,location_time
6,trade_month_7.0,trade_month,6339.877899169922,9.0,location_time
6,trade_month_8.0,trade_month,806.0679931640625,2.0,location_time
6,trade_month_9.0,trade_month,8303.675079345703,9.0,location_time
6,trade_month_10.0,trade_month,11058.427978515625,12.0,location_time
6,trade_month_11.0,trade_month,17433.393005371094,17.0,location_time
6,trade_month_12.0,trade_month,21996.82861328125,12.0,location_time
6,trade_quarter_1.0,trade_quarter,19437.56884765625,13.0,location_time
6,trade_quarter_2.0,trade_quarter,16570.55291748047,13.0,location_time
6,trade_quarter_3.0,trade_quarter,12230.933074951172,10.0,location_time
6,trade_quarter_4.0,trade_quarter,15180.579833984375,13.0,location_time
6,trade_yq_2020Q2,trade_yq,88816.08633422852,40.0,location_time
6,trade_yq_2020Q3,trade_yq,5132.231048583984,5.0,location_time
6,trade_yq_2020Q4,trade_yq,12097.126770019531,7.0,location_time
6,trade_yq_2021Q1,trade_yq,12490.400146484375,9.0,location_time
6,trade_yq_2021Q2,trade_yq,9200.554901123047,10.0,location_time
6,trade_yq_2021Q3,trade_yq,7563.004089355469,6.0,location_time
6,trade_yq_2021Q4,trade_yq,24929.834014892578,34.0,location_time
6,trade_yq_2022Q1,trade_yq,22575.252044677734,25.0,location_time
6,trade_yq_2022Q2,trade_yq,29227.33123779297,21.0,location_time
6,trade_yq_2022Q3,trade_yq,7060.721099853516,5.0,location_time
6,trade_yq_2022Q4,trade_yq,2198.8380126953125,2.0,location_time
6,trade_yq_2023Q1,trade_yq,682.5859985351562,1.0,location_time
6,building_type_住宅大樓(11層含以上有電梯),building_type,19231.290161132812,9.0,location_time
6,building_type_公寓(5樓含以下無電梯),building_type,48267.7041015625,11.0,location_time
6,building_type_套房(1房1廳1衛),building_type,0.0,0.0,location_time
6,building_type_華廈(10層含以下有電梯),building_type,95591.73834228516,58.0,location_time
6,material_加強磚造,material,14471.637023925781,17.0,location_time
6,material_壁式預鑄鋼筋混凝土造,material,0.0,0.0,location_time
6,material_磚造,material,0.0,0.0,location_time
6,material_見使用執照,material,14149.446975708008,19.0,location_time
6,material_見其他登記事項,material,57347.88394165039,18.0,location_time
6,material_鋼構造,material,0.0,0.0,location_time
6,material_鋼筋混凝土加強磚造,material,0.0,0.0,location_time
6,material_鋼筋混凝土造,material,822170.1596069336,112.0,location_time
6,material_鋼筋混凝土造，鋼骨鋼筋混凝土造,material,24255.56785583496,28.0,location_time
6,material_鋼骨混凝土造,material,0.0,0.0,location_time
6,material_鋼骨造,material,42679.30862426758,26.0,location_time
6,material_鋼骨鋼筋混凝土造,material,129383.63537597656,54.0,location_time
6,material_鋼骨鋼筋混凝土造；鋼骨造,material,0.0,0.0,location_time
6,material_鋼骨ＲＣ造,material,0.0,0.0,location_time
6,material_預力混凝土造,material,0.0,0.0,location_time
6,material_ＲＣ造,material,0.0,0.0,location_time
7,trade_year,trade_year,58779.52087402344,39.0,location_time
7,main_use_missing,main_use_missing,2534.343017578125,4.0,note_or_quality_flags
7,building_age,building_age,4819255.070037842,1529.0,basic_housing
7,building_age_missing,building_age_missing,265934.60244750977,54.0,basic_housing
7,building_area_m2,building_area_m2,1478475.7430877686,761.0,basic_housing
7,building_area_ping,building_area_ping,288740.5986328125,151.0,basic_housing
7,main_building_area_m2,main_building_area_m2,1481607.2707824707,779.0,basic_housing
7,main_building_area_ping,main_building_area_ping,259965.25897216797,118.0,basic_housing
7,auxiliary_area_m2,auxiliary_area_m2,1556092.3798828125,711.0,basic_housing
7,balcony_area_m2,balcony_area_m2,1090292.526473999,605.0,basic_housing
7,land_area_m2,land_area_m2,2535904.025695801,1163.0,basic_housing
7,floor,floor,4187148.8544921875,710.0,basic_housing
7,total_floor,total_floor,2006224.2692718506,675.0,basic_housing
7,floor_ratio,floor_ratio,813130.8064727783,467.0,basic_housing
7,is_basement,is_basement,0.0,0.0,basic_housing
7,multi_floor,multi_floor,174653.95733642578,70.0,basic_housing
7,rooms,rooms,1460434.546661377,355.0,basic_housing
7,living_rooms,living_rooms,376459.95014953613,175.0,basic_housing
7,bathrooms,bathrooms,240595.55474853516,150.0,basic_housing
7,has_management,has_management,266853.2099609375,80.0,basic_housing
7,has_elevator,has_elevator,144725.19451904297,26.0,basic_housing
7,has_parking,has_parking,953874.1947631836,131.0,basic_housing
7,parking_area_m2,parking_area_m2,2446956.8041534424,707.0,basic_housing
7,physical_condition_flag,physical_condition_flag,273708.3224182129,107.0,note_or_quality_flags
7,renovation_flag,renovation_flag,63341.090072631836,53.0,note_or_quality_flags
7,broad_note_flag,broad_note_flag,31798.96514892578,26.0,note_or_quality_flags
7,district_median_price_180d,district_median_price_180d,1095781.370437622,484.0,time_aware_market
7,district_median_price_365d,district_median_price_365d,952440.4249725342,457.0,time_aware_market
7,district_count_180d,district_count_180d,590444.0600585938,434.0,time_aware_market
7,district_type_median_price_180d,district_type_median_price_180d,592723.2322235107,336.0,time_aware_market
7,district_type_median_price_365d,district_type_median_price_365d,578858.060760498,307.0,time_aware_market
7,district_type_count_180d,district_type_count_180d,495081.4344329834,340.0,time_aware_market
7,district_price_change_180_365,district_price_change_180_365,521695.4263000488,375.0,time_aware_market
7,district_type_price_change_180_365,district_type_price_change_180_365,579124.3008117676,436.0,time_aware_market
7,comp_365d_count,comp_365d_count,0.0,0.0,rule_based_comparable
7,comp_365d_median_price,comp_365d_median_price,526156.6568908691,313.0,rule_based_comparable
7,comp_365d_mean_price,comp_365d_mean_price,4178817.174835205,268.0,rule_based_comparable
7,comp_365d_weighted_mean_price,comp_365d_weighted_mean_price,12942097.89730835,315.0,rule_based_comparable
7,comp_365d_std_price,comp_365d_std_price,922693.8886413574,531.0,rule_based_comparable
7,comp_365d_nearest_price,comp_365d_nearest_price,853268.437713623,498.0,rule_based_comparable
7,comp_365d_nearest_distance,comp_365d_nearest_distance,638436.0689697266,334.0,rule_based_comparable
7,comp_365d_median_distance,comp_365d_median_distance,588363.7236022949,306.0,rule_based_comparable
7,comp_365d_median_days_diff,comp_365d_median_days_diff,504656.9350280762,360.0,rule_based_comparable
7,comp_365d_median_area_diff_pct,comp_365d_median_area_diff_pct,482128.8231201172,372.0,rule_based_comparable
7,comp_365d_median_age_diff,comp_365d_median_age_diff,1106571.386291504,563.0,rule_based_comparable
7,comp_730d_count,comp_730d_count,0.0,0.0,rule_based_comparable
7,comp_730d_median_price,comp_730d_median_price,5255392.43737793,385.0,rule_based_comparable
7,comp_730d_mean_price,comp_730d_mean_price,7530870.483612061,303.0,rule_based_comparable
7,comp_730d_weighted_mean_price,comp_730d_weighted_mean_price,170429327.1966858,560.0,rule_based_comparable
7,comp_730d_std_price,comp_730d_std_price,1419870.1684265137,700.0,rule_based_comparable
7,comp_730d_nearest_price,comp_730d_nearest_price,4020523.878601074,589.0,rule_based_comparable
7,comp_730d_nearest_distance,comp_730d_nearest_distance,715425.8954772949,362.0,rule_based_comparable
7,comp_730d_median_distance,comp_730d_median_distance,652220.611541748,328.0,rule_based_comparable
7,comp_730d_median_days_diff,comp_730d_median_days_diff,498561.8022766113,380.0,rule_based_comparable
7,comp_730d_median_area_diff_pct,comp_730d_median_area_diff_pct,446851.75775146484,365.0,rule_based_comparable
7,comp_730d_median_age_diff,comp_730d_median_age_diff,1285491.3255004883,608.0,rule_based_comparable
7,emb_730d_count,emb_730d_count,0.0,0.0,embedding_comparable
7,emb_730d_median_price,emb_730d_median_price,608703.814239502,294.0,embedding_comparable
7,emb_730d_mean_price,emb_730d_mean_price,2475869.984649658,240.0,embedding_comparable
7,emb_730d_weighted_mean_price,emb_730d_weighted_mean_price,2327301.6074523926,120.0,embedding_comparable
7,emb_730d_std_price,emb_730d_std_price,1003594.5755615234,530.0,embedding_comparable
7,emb_730d_nearest_price,emb_730d_nearest_price,2343988.089538574,455.0,embedding_comparable
7,emb_730d_max_similarity,emb_730d_max_similarity,559468.1113891602,326.0,embedding_comparable
7,emb_730d_mean_similarity,emb_730d_mean_similarity,400638.50274658203,216.0,embedding_comparable
7,emb_730d_median_similarity,emb_730d_median_similarity,455114.90686035156,271.0,embedding_comparable
7,emb_730d_median_days_diff,emb_730d_median_days_diff,761173.4153137207,447.0,embedding_comparable
7,emb_730d_median_area_diff_pct,emb_730d_median_area_diff_pct,445341.2112426758,318.0,embedding_comparable
7,emb_730d_median_age_diff,emb_730d_median_age_diff,865635.7973022461,456.0,embedding_comparable
7,emb_1095d_count,emb_1095d_count,0.0,0.0,embedding_comparable
7,emb_1095d_median_price,emb_1095d_median_price,1975155.7226867676,364.0,embedding_comparable
7,emb_1095d_mean_price,emb_1095d_mean_price,3705201.389968872,344.0,embedding_comparable
7,emb_1095d_weighted_mean_price,emb_1095d_weighted_mean_price,10217732.889953613,154.0,embedding_comparable
7,emb_1095d_std_price,emb_1095d_std_price,920664.888595581,506.0,embedding_comparable
7,emb_1095d_nearest_price,emb_1095d_nearest_price,4802120.939239502,523.0,embedding_comparable
7,emb_1095d_max_similarity,emb_1095d_max_similarity,476319.33184814453,300.0,embedding_comparable
7,emb_1095d_mean_similarity,emb_1095d_mean_similarity,325079.1092224121,213.0,embedding_comparable
7,emb_1095d_median_similarity,emb_1095d_median_similarity,338238.7621765137,241.0,embedding_comparable
7,emb_1095d_median_days_diff,emb_1095d_median_days_diff,559004.872833252,346.0,embedding_comparable
7,emb_1095d_median_area_diff_pct,emb_1095d_median_area_diff_pct,668613.400314331,401.0,embedding_comparable
7,emb_1095d_median_age_diff,emb_1095d_median_age_diff,863020.8485565186,498.0,embedding_comparable
7,district_中山區,district,141746.8627319336,52.0,location_time
7,district_中正區,district,144543.4146118164,59.0,location_time
7,district_信義區,district,146840.6655883789,76.0,location_time
7,district_內湖區,district,14699.788940429688,9.0,location_time
7,district_北投區,district,14422.688903808594,11.0,location_time
7,district_南港區,district,56264.9189453125,28.0,location_time
7,district_士林區,district,120075.94958496094,62.0,location_time
7,district_大同區,district,28350.117736816406,20.0,location_time
7,district_大安區,district,77022.03009033203,18.0,location_time
7,district_文山區,district,3540.4959716796875,4.0,location_time
7,district_松山區,district,298792.1873474121,83.0,location_time
7,district_萬華區,district,11160.994888305664,21.0,location_time
7,trade_month_1.0,trade_month,3510.8159790039062,4.0,location_time
7,trade_month_2.0,trade_month,23789.946044921875,31.0,location_time
7,trade_month_3.0,trade_month,24214.5126953125,18.0,location_time
7,trade_month_4.0,trade_month,19360.34393310547,15.0,location_time
7,trade_month_5.0,trade_month,24057.105102539062,17.0,location_time
7,trade_month_6.0,trade_month,21085.624938964844,23.0,location_time
7,trade_month_7.0,trade_month,10544.445938110352,14.0,location_time
7,trade_month_8.0,trade_month,1786.68994140625,1.0,location_time
7,trade_month_9.0,trade_month,6783.898010253906,8.0,location_time
7,trade_month_10.0,trade_month,3270.030029296875,3.0,location_time
7,trade_month_11.0,trade_month,32907.37292480469,25.0,location_time
7,trade_month_12.0,trade_month,7850.970886230469,7.0,location_time
7,trade_quarter_1.0,trade_quarter,25018.520935058594,11.0,location_time
7,trade_quarter_2.0,trade_quarter,11679.453002929688,11.0,location_time
7,trade_quarter_3.0,trade_quarter,15322.487915039062,11.0,location_time
7,trade_quarter_4.0,trade_quarter,11996.241943359375,13.0,location_time
7,trade_yq_2020Q3,trade_yq,5960.009948730469,9.0,location_time
7,trade_yq_2020Q4,trade_yq,20008.580200195312,6.0,location_time
7,trade_yq_2021Q1,trade_yq,25231.886779785156,16.0,location_time
7,trade_yq_2021Q2,trade_yq,7311.223922729492,12.0,location_time
7,trade_yq_2021Q3,trade_yq,5734.505920410156,5.0,location_time
7,trade_yq_2021Q4,trade_yq,23887.637756347656,23.0,location_time
7,trade_yq_2022Q1,trade_yq,19406.132049560547,26.0,location_time
7,trade_yq_2022Q2,trade_yq,30698.298278808594,19.0,location_time
7,trade_yq_2022Q3,trade_yq,2826.7870483398438,3.0,location_time
7,trade_yq_2022Q4,trade_yq,0.0,0.0,location_time
7,trade_yq_2023Q1,trade_yq,4824.636962890625,4.0,location_time
7,trade_yq_2023Q2,trade_yq,8502.262939453125,7.0,location_time
7,building_type_住宅大樓(11層含以上有電梯),building_type,41401.34164428711,18.0,location_time
7,building_type_公寓(5樓含以下無電梯),building_type,128471.59973144531,18.0,location_time
7,building_type_套房(1房1廳1衛),building_type,0.0,0.0,location_time
7,building_type_華廈(10層含以下有電梯),building_type,89299.25793457031,61.0,location_time
7,material_加強磚,material,0.0,0.0,location_time
7,material_加強磚造,material,38090.358627319336,26.0,location_time
7,material_壁式預鑄鋼筋混凝土造,material,0.0,0.0,location_time
7,material_磚造,material,0.0,0.0,location_time
7,material_見使用執照,material,16333.580947875977,21.0,location_time
7,material_見其他登記事項,material,11009.715927124023,10.0,location_time
7,material_鋼構造,material,0.0,0.0,location_time
7,material_鋼筋混凝土加強磚造,material,0.0,0.0,location_time
7,material_鋼筋混凝土造,material,718629.8565063477,142.0,location_time
7,material_鋼筋混凝土造，鋼骨鋼筋混凝土造,material,19442.859008789062,21.0,location_time
7,material_鋼骨混凝土造,material,0.0,0.0,location_time
7,material_鋼骨造,material,82970.25244140625,25.0,location_time
7,material_鋼骨鋼筋混凝土造,material,150948.86645507812,55.0,location_time
7,material_鋼骨鋼筋混凝土造；鋼骨造,material,0.0,0.0,location_time
7,material_鋼骨ＲＣ造,material,0.0,0.0,location_time
7,material_預力混凝土造,material,0.0,0.0,location_time
7,material_ＲＣ造,material,0.0,0.0,location_time
8,trade_year,trade_year,101283.76190185547,55.0,location_time
8,main_use_missing,main_use_missing,8462.359069824219,7.0,note_or_quality_flags
8,building_age,building_age,4805601.208236694,1552.0,basic_housing
8,building_age_missing,building_age_missing,250723.43518066406,57.0,basic_housing
8,building_area_m2,building_area_m2,1436249.5738677979,716.0,basic_housing
8,building_area_ping,building_area_ping,246274.4891357422,153.0,basic_housing
8,main_building_area_m2,main_building_area_m2,1493027.0092010498,776.0,basic_housing
8,main_building_area_ping,main_building_area_ping,277833.19705200195,144.0,basic_housing
8,auxiliary_area_m2,auxiliary_area_m2,1463686.1275024414,697.0,basic_housing
8,balcony_area_m2,balcony_area_m2,1171916.8845825195,650.0,basic_housing
8,land_area_m2,land_area_m2,2404308.181350708,1067.0,basic_housing
8,floor,floor,4137686.3363494873,691.0,basic_housing
8,total_floor,total_floor,2040422.3022918701,760.0,basic_housing
8,floor_ratio,floor_ratio,592306.8515167236,353.0,basic_housing
8,is_basement,is_basement,0.0,0.0,basic_housing
8,multi_floor,multi_floor,245915.50061035156,71.0,basic_housing
8,rooms,rooms,1599320.3196411133,366.0,basic_housing
8,living_rooms,living_rooms,421895.3955230713,195.0,basic_housing
8,bathrooms,bathrooms,329590.3083496094,169.0,basic_housing
8,has_management,has_management,210555.98791503906,82.0,basic_housing
8,has_elevator,has_elevator,109408.21771240234,18.0,basic_housing
8,has_parking,has_parking,852884.1338806152,138.0,basic_housing
8,parking_area_m2,parking_area_m2,2373326.886352539,730.0,basic_housing
8,physical_condition_flag,physical_condition_flag,318225.12355041504,116.0,note_or_quality_flags
8,renovation_flag,renovation_flag,67792.38301086426,50.0,note_or_quality_flags
8,broad_note_flag,broad_note_flag,38015.9892578125,29.0,note_or_quality_flags
8,district_median_price_180d,district_median_price_180d,997783.8437194824,476.0,time_aware_market
8,district_median_price_365d,district_median_price_365d,1045893.8745727539,447.0,time_aware_market
8,district_count_180d,district_count_180d,589661.5085449219,405.0,time_aware_market
8,district_type_median_price_180d,district_type_median_price_180d,591673.5111541748,327.0,time_aware_market
8,district_type_median_price_365d,district_type_median_price_365d,584581.0706176758,339.0,time_aware_market
8,district_type_count_180d,district_type_count_180d,510488.8717651367,351.0,time_aware_market
8,district_price_change_180_365,district_price_change_180_365,581567.4228973389,408.0,time_aware_market
8,district_type_price_change_180_365,district_type_price_change_180_365,635966.402923584,499.0,time_aware_market
8,comp_365d_count,comp_365d_count,0.0,0.0,rule_based_comparable
8,comp_365d_median_price,comp_365d_median_price,683796.2727966309,334.0,rule_based_comparable
8,comp_365d_mean_price,comp_365d_mean_price,7782584.067016602,310.0,rule_based_comparable
8,comp_365d_weighted_mean_price,comp_365d_weighted_mean_price,12025072.991333008,268.0,rule_based_comparable
8,comp_365d_std_price,comp_365d_std_price,880753.2248840332,492.0,rule_based_comparable
8,comp_365d_nearest_price,comp_365d_nearest_price,882944.7298736572,517.0,rule_based_comparable
8,comp_365d_nearest_distance,comp_365d_nearest_distance,526360.449432373,314.0,rule_based_comparable
8,comp_365d_median_distance,comp_365d_median_distance,572326.4066162109,295.0,rule_based_comparable
8,comp_365d_median_days_diff,comp_365d_median_days_diff,491271.78411865234,351.0,rule_based_comparable
8,comp_365d_median_area_diff_pct,comp_365d_median_area_diff_pct,439287.35986328125,315.0,rule_based_comparable
8,comp_365d_median_age_diff,comp_365d_median_age_diff,1131003.544342041,516.0,rule_based_comparable
8,comp_730d_count,comp_730d_count,0.0,0.0,rule_based_comparable
8,comp_730d_median_price,comp_730d_median_price,1610281.4394226074,381.0,rule_based_comparable
8,comp_730d_mean_price,comp_730d_mean_price,8093446.41003418,340.0,rule_based_comparable
8,comp_730d_weighted_mean_price,comp_730d_weighted_mean_price,168984013.87600708,567.0,rule_based_comparable
8,comp_730d_std_price,comp_730d_std_price,1281427.4719848633,638.0,rule_based_comparable
8,comp_730d_nearest_price,comp_730d_nearest_price,3353260.0527038574,564.0,rule_based_comparable
8,comp_730d_nearest_distance,comp_730d_nearest_distance,616667.8814086914,360.0,rule_based_comparable
8,comp_730d_median_distance,comp_730d_median_distance,722684.1744842529,339.0,rule_based_comparable
8,comp_730d_median_days_diff,comp_730d_median_days_diff,581145.9854736328,371.0,rule_based_comparable
8,comp_730d_median_area_diff_pct,comp_730d_median_area_diff_pct,628982.8115844727,430.0,rule_based_comparable
8,comp_730d_median_age_diff,comp_730d_median_age_diff,1343208.9389953613,605.0,rule_based_comparable
8,emb_730d_count,emb_730d_count,0.0,0.0,embedding_comparable
8,emb_730d_median_price,emb_730d_median_price,827967.8451538086,379.0,embedding_comparable
8,emb_730d_mean_price,emb_730d_mean_price,1313124.2475280762,276.0,embedding_comparable
8,emb_730d_weighted_mean_price,emb_730d_weighted_mean_price,2582939.505126953,155.0,embedding_comparable
8,emb_730d_std_price,emb_730d_std_price,1010990.9909820557,470.0,embedding_comparable
8,emb_730d_nearest_price,emb_730d_nearest_price,2466055.4655914307,466.0,embedding_comparable
8,emb_730d_max_similarity,emb_730d_max_similarity,416526.74114990234,291.0,embedding_comparable
8,emb_730d_mean_similarity,emb_730d_mean_similarity,459433.36001586914,275.0,embedding_comparable
8,emb_730d_median_similarity,emb_730d_median_similarity,464602.84255981445,279.0,embedding_comparable
8,emb_730d_median_days_diff,emb_730d_median_days_diff,662665.8319091797,413.0,embedding_comparable
8,emb_730d_median_area_diff_pct,emb_730d_median_area_diff_pct,501562.9538574219,340.0,embedding_comparable
8,emb_730d_median_age_diff,emb_730d_median_age_diff,865429.4524230957,436.0,embedding_comparable
8,emb_1095d_count,emb_1095d_count,0.0,0.0,embedding_comparable
8,emb_1095d_median_price,emb_1095d_median_price,1905633.1482543945,338.0,embedding_comparable
8,emb_1095d_mean_price,emb_1095d_mean_price,5254798.123535156,316.0,embedding_comparable
8,emb_1095d_weighted_mean_price,emb_1095d_weighted_mean_price,10769780.164733887,169.0,embedding_comparable
8,emb_1095d_std_price,emb_1095d_std_price,924512.3719787598,501.0,embedding_comparable
8,emb_1095d_nearest_price,emb_1095d_nearest_price,5255800.417449951,548.0,embedding_comparable
8,emb_1095d_max_similarity,emb_1095d_max_similarity,460154.7296295166,279.0,embedding_comparable
8,emb_1095d_mean_similarity,emb_1095d_mean_similarity,349692.1977233887,204.0,embedding_comparable
8,emb_1095d_median_similarity,emb_1095d_median_similarity,354254.34635925293,251.0,embedding_comparable
8,emb_1095d_median_days_diff,emb_1095d_median_days_diff,697792.2277526855,407.0,embedding_comparable
8,emb_1095d_median_area_diff_pct,emb_1095d_median_area_diff_pct,677740.8111877441,403.0,embedding_comparable
8,emb_1095d_median_age_diff,emb_1095d_median_age_diff,991624.8246612549,490.0,embedding_comparable
8,district_中山區,district,155552.4508972168,55.0,location_time
8,district_中正區,district,180592.3876953125,68.0,location_time
8,district_信義區,district,98751.98992919922,58.0,location_time
8,district_內湖區,district,11628.0810546875,14.0,location_time
8,district_北投區,district,32300.14776611328,25.0,location_time
8,district_南港區,district,42008.44421386719,29.0,location_time
8,district_士林區,district,114281.30725097656,64.0,location_time
8,district_大同區,district,23913.663940429688,17.0,location_time
8,district_大安區,district,15582.090087890625,5.0,location_time
8,district_文山區,district,2380.061065673828,3.0,location_time
8,district_松山區,district,234294.26794433594,72.0,location_time
8,district_萬華區,district,16373.246841430664,21.0,location_time
8,trade_month_1.0,trade_month,17069.50408935547,9.0,location_time
8,trade_month_2.0,trade_month,18831.104949951172,25.0,location_time
8,trade_month_3.0,trade_month,25606.847045898438,16.0,location_time
8,trade_month_4.0,trade_month,12501.072052001953,10.0,location_time
8,trade_month_5.0,trade_month,44916.569396972656,21.0,location_time
8,trade_month_6.0,trade_month,13568.784957885742,11.0,location_time
8,trade_month_7.0,trade_month,1530.75,2.0,location_time
8,trade_month_8.0,trade_month,33133.102966308594,13.0,location_time
8,trade_month_9.0,trade_month,12130.396942138672,9.0,location_time
8,trade_month_10.0,trade_month,7899.64697265625,5.0,location_time
8,trade_month_11.0,trade_month,49816.6692199707,31.0,location_time
8,trade_month_12.0,trade_month,8998.676879882812,8.0,location_time
8,trade_quarter_1.0,trade_quarter,13493.504150390625,11.0,location_time
8,trade_quarter_2.0,trade_quarter,19656.4287109375,16.0,location_time
8,trade_quarter_3.0,trade_quarter,4615.369934082031,4.0,location_time
8,trade_quarter_4.0,trade_quarter,6979.708892822266,7.0,location_time
8,trade_yq_2020Q4,trade_yq,2302.89990234375,1.0,location_time
8,trade_yq_2021Q1,trade_yq,27144.961669921875,12.0,location_time
8,trade_yq_2021Q2,trade_yq,20580.822982788086,27.0,location_time
8,trade_yq_2021Q3,trade_yq,6553.325103759766,8.0,location_time
8,trade_yq_2021Q4,trade_yq,15104.300170898438,19.0,location_time
8,trade_yq_2022Q1,trade_yq,30139.357025146484,37.0,location_time
8,trade_yq_2022Q2,trade_yq,20616.49610900879,18.0,location_time
8,trade_yq_2022Q3,trade_yq,6173.7698974609375,4.0,location_time
8,trade_yq_2022Q4,trade_yq,1473.6909790039062,2.0,location_time
8,trade_yq_2023Q1,trade_yq,7940.450927734375,8.0,location_time
8,trade_yq_2023Q2,trade_yq,5294.179992675781,5.0,location_time
8,trade_yq_2023Q3,trade_yq,14318.619140625,8.0,location_time
8,building_type_住宅大樓(11層含以上有電梯),building_type,23838.105224609375,10.0,location_time
8,building_type_公寓(5樓含以下無電梯),building_type,70814.07824707031,15.0,location_time
8,building_type_套房(1房1廳1衛),building_type,0.0,0.0,location_time
8,building_type_華廈(10層含以下有電梯),building_type,76352.87782287598,47.0,location_time
8,material_加強磚,material,0.0,0.0,location_time
8,material_加強磚造,material,47391.236267089844,26.0,location_time
8,material_壁式預鑄鋼筋混凝土造,material,0.0,0.0,location_time
8,material_磚石造,material,0.0,0.0,location_time
8,material_磚造,material,0.0,0.0,location_time
8,material_見使用執照,material,7530.991973876953,17.0,location_time
8,material_見其他登記事項,material,0.0,0.0,location_time
8,material_鋼構造,material,0.0,0.0,location_time
8,material_鋼筋混凝土加強磚造,material,0.0,0.0,location_time
8,material_鋼筋混凝土造,material,514047.57928466797,90.0,location_time
8,material_鋼筋混凝土造，鋼骨鋼筋混凝土造,material,26546.238159179688,27.0,location_time
8,material_鋼骨混凝土造,material,0.0,0.0,location_time
8,material_鋼骨造,material,93870.01316833496,47.0,location_time
8,material_鋼骨鋼筋混凝土造,material,133157.49237060547,56.0,location_time
8,material_鋼骨鋼筋混凝土造；鋼骨造,material,0.0,0.0,location_time
8,material_鋼骨ＲＣ造,material,0.0,0.0,location_time
8,material_預力混凝土造,material,0.0,0.0,location_time
8,material_ＲＣ造,material,0.0,0.0,location_time
9,trade_year,trade_year,43911.3899230957,35.0,location_time
9,main_use_missing,main_use_missing,10066.318176269531,7.0,note_or_quality_flags
9,building_age,building_age,5131328.202346802,1440.0,basic_housing
9,building_age_missing,building_age_missing,189308.43969726562,57.0,basic_housing
9,building_area_m2,building_area_m2,1387268.3131256104,724.0,basic_housing
9,building_area_ping,building_area_ping,383279.189743042,197.0,basic_housing
9,main_building_area_m2,main_building_area_m2,1482132.4054870605,769.0,basic_housing
9,main_building_area_ping,main_building_area_ping,351278.6878051758,167.0,basic_housing
9,auxiliary_area_m2,auxiliary_area_m2,1422931.1653289795,644.0,basic_housing
9,balcony_area_m2,balcony_area_m2,1117150.1600646973,605.0,basic_housing
9,land_area_m2,land_area_m2,2419831.3218841553,1081.0,basic_housing
9,floor,floor,4220504.9334106445,651.0,basic_housing
9,total_floor,total_floor,1963340.736465454,682.0,basic_housing
9,floor_ratio,floor_ratio,606195.4664306641,328.0,basic_housing
9,is_basement,is_basement,0.0,0.0,basic_housing
9,multi_floor,multi_floor,222247.80407714844,72.0,basic_housing
9,rooms,rooms,1374286.7905578613,322.0,basic_housing
9,living_rooms,living_rooms,411388.28507995605,170.0,basic_housing
9,bathrooms,bathrooms,284045.18913269043,145.0,basic_housing
9,has_management,has_management,154152.48880004883,74.0,basic_housing
9,has_elevator,has_elevator,61425.56854248047,14.0,basic_housing
9,has_parking,has_parking,813566.6635742188,135.0,basic_housing
9,parking_area_m2,parking_area_m2,2247453.9946289062,704.0,basic_housing
9,physical_condition_flag,physical_condition_flag,369001.1886291504,119.0,note_or_quality_flags
9,renovation_flag,renovation_flag,51949.071838378906,46.0,note_or_quality_flags
9,broad_note_flag,broad_note_flag,60416.891998291016,37.0,note_or_quality_flags
9,district_median_price_180d,district_median_price_180d,1097189.7038574219,498.0,time_aware_market
9,district_median_price_365d,district_median_price_365d,915602.4366912842,415.0,time_aware_market
9,district_count_180d,district_count_180d,639431.4372711182,431.0,time_aware_market
9,district_type_median_price_180d,district_type_median_price_180d,582887.78175354,330.0,time_aware_market
9,district_type_median_price_365d,district_type_median_price_365d,557052.1064147949,306.0,time_aware_market
9,district_type_count_180d,district_type_count_180d,519690.4985046387,345.0,time_aware_market
9,district_price_change_180_365,district_price_change_180_365,569360.178527832,401.0,time_aware_market
9,district_type_price_change_180_365,district_type_price_change_180_365,696166.8091125488,486.0,time_aware_market
9,comp_365d_count,comp_365d_count,0.0,0.0,rule_based_comparable
9,comp_365d_median_price,comp_365d_median_price,460599.79385375977,286.0,rule_based_comparable
9,comp_365d_mean_price,comp_365d_mean_price,467614.2839355469,308.0,rule_based_comparable
9,comp_365d_weighted_mean_price,comp_365d_weighted_mean_price,20932465.422790527,250.0,rule_based_comparable
9,comp_365d_std_price,comp_365d_std_price,951882.022064209,495.0,rule_based_comparable
9,comp_365d_nearest_price,comp_365d_nearest_price,858769.5004119873,477.0,rule_based_comparable
9,comp_365d_nearest_distance,comp_365d_nearest_distance,541280.7428283691,314.0,rule_based_comparable
9,comp_365d_median_distance,comp_365d_median_distance,609303.2889404297,344.0,rule_based_comparable
9,comp_365d_median_days_diff,comp_365d_median_days_diff,516242.2410888672,396.0,rule_based_comparable
9,comp_365d_median_area_diff_pct,comp_365d_median_area_diff_pct,416917.57305908203,315.0,rule_based_comparable
9,comp_365d_median_age_diff,comp_365d_median_age_diff,900460.7875366211,506.0,rule_based_comparable
9,comp_730d_count,comp_730d_count,0.0,0.0,rule_based_comparable
9,comp_730d_median_price,comp_730d_median_price,1767862.9697265625,400.0,rule_based_comparable
9,comp_730d_mean_price,comp_730d_mean_price,51535685.635009766,372.0,rule_based_comparable
9,comp_730d_weighted_mean_price,comp_730d_weighted_mean_price,122459156.17312622,527.0,rule_based_comparable
9,comp_730d_std_price,comp_730d_std_price,1415752.6165924072,674.0,rule_based_comparable
9,comp_730d_nearest_price,comp_730d_nearest_price,2966329.4949645996,563.0,rule_based_comparable
9,comp_730d_nearest_distance,comp_730d_nearest_distance,700078.7366333008,366.0,rule_based_comparable
9,comp_730d_median_distance,comp_730d_median_distance,593843.0184173584,293.0,rule_based_comparable
9,comp_730d_median_days_diff,comp_730d_median_days_diff,507045.85400390625,364.0,rule_based_comparable
9,comp_730d_median_area_diff_pct,comp_730d_median_area_diff_pct,644108.4569396973,463.0,rule_based_comparable
9,comp_730d_median_age_diff,comp_730d_median_age_diff,1442440.5121765137,624.0,rule_based_comparable
9,emb_730d_count,emb_730d_count,0.0,0.0,embedding_comparable
9,emb_730d_median_price,emb_730d_median_price,611097.634552002,316.0,embedding_comparable
9,emb_730d_mean_price,emb_730d_mean_price,1296040.770904541,248.0,embedding_comparable
9,emb_730d_weighted_mean_price,emb_730d_weighted_mean_price,2601292.466796875,133.0,embedding_comparable
9,emb_730d_std_price,emb_730d_std_price,1119488.7868041992,503.0,embedding_comparable
9,emb_730d_nearest_price,emb_730d_nearest_price,1924858.16305542,472.0,embedding_comparable
9,emb_730d_max_similarity,emb_730d_max_similarity,598028.8291015625,362.0,embedding_comparable
9,emb_730d_mean_similarity,emb_730d_mean_similarity,432776.66973876953,261.0,embedding_comparable
9,emb_730d_median_similarity,emb_730d_median_similarity,400114.1509094238,252.0,embedding_comparable
9,emb_730d_median_days_diff,emb_730d_median_days_diff,721536.5699920654,480.0,embedding_comparable
9,emb_730d_median_area_diff_pct,emb_730d_median_area_diff_pct,662151.1150512695,449.0,embedding_comparable
9,emb_730d_median_age_diff,emb_730d_median_age_diff,889331.0422668457,478.0,embedding_comparable
9,emb_1095d_count,emb_1095d_count,0.0,0.0,embedding_comparable
9,emb_1095d_median_price,emb_1095d_median_price,2343133.9985351562,333.0,embedding_comparable
9,emb_1095d_mean_price,emb_1095d_mean_price,6726076.17074585,280.0,embedding_comparable
9,emb_1095d_weighted_mean_price,emb_1095d_weighted_mean_price,9802256.585510254,189.0,embedding_comparable
9,emb_1095d_std_price,emb_1095d_std_price,835477.4671630859,505.0,embedding_comparable
9,emb_1095d_nearest_price,emb_1095d_nearest_price,5464488.951660156,573.0,embedding_comparable
9,emb_1095d_max_similarity,emb_1095d_max_similarity,537002.6697692871,316.0,embedding_comparable
9,emb_1095d_mean_similarity,emb_1095d_mean_similarity,421081.06072998047,240.0,embedding_comparable
9,emb_1095d_median_similarity,emb_1095d_median_similarity,334754.4955444336,255.0,embedding_comparable
9,emb_1095d_median_days_diff,emb_1095d_median_days_diff,739900.5899047852,461.0,embedding_comparable
9,emb_1095d_median_area_diff_pct,emb_1095d_median_area_diff_pct,857227.348236084,477.0,embedding_comparable
9,emb_1095d_median_age_diff,emb_1095d_median_age_diff,1040577.8743743896,563.0,embedding_comparable
9,district_中山區,district,133056.5899658203,58.0,location_time
9,district_中正區,district,173207.38940429688,61.0,location_time
9,district_信義區,district,120172.96728515625,59.0,location_time
9,district_內湖區,district,18328.675994873047,15.0,location_time
9,district_北投區,district,22438.443115234375,13.0,location_time
9,district_南港區,district,31186.22705078125,25.0,location_time
9,district_士林區,district,67575.35748291016,40.0,location_time
9,district_大同區,district,28176.0830078125,21.0,location_time
9,district_大安區,district,19671.541076660156,7.0,location_time
9,district_文山區,district,4631.674011230469,5.0,location_time
9,district_松山區,district,246958.67086791992,71.0,location_time
9,district_萬華區,district,16769.136947631836,30.0,location_time
9,trade_month_1.0,trade_month,14907.857116699219,10.0,location_time
9,trade_month_2.0,trade_month,22320.734817504883,28.0,location_time
9,trade_month_3.0,trade_month,18775.011199951172,11.0,location_time
9,trade_month_4.0,trade_month,8105.908020019531,7.0,location_time
9,trade_month_5.0,trade_month,42754.21124267578,20.0,location_time
9,trade_month_6.0,trade_month,14901.212951660156,14.0,location_time
9,trade_month_7.0,trade_month,9584.820983886719,7.0,location_time
9,trade_month_8.0,trade_month,23809.44891357422,10.0,location_time
9,trade_month_9.0,trade_month,15634.441955566406,13.0,location_time
9,trade_month_10.0,trade_month,14131.583312988281,14.0,location_time
9,trade_month_11.0,trade_month,12853.953979492188,12.0,location_time
9,trade_month_12.0,trade_month,10540.836059570312,11.0,location_time
9,trade_quarter_1.0,trade_quarter,10154.694030761719,11.0,location_time
9,trade_quarter_2.0,trade_quarter,8463.086975097656,7.0,location_time
9,trade_quarter_3.0,trade_quarter,18430.366973876953,17.0,location_time
9,trade_quarter_4.0,trade_quarter,33356.1845703125,25.0,location_time
9,trade_yq_2021Q1,trade_yq,26365.145904541016,15.0,location_time
9,trade_yq_2021Q2,trade_yq,18140.467254638672,21.0,location_time
9,trade_yq_2021Q3,trade_yq,16122.883972167969,17.0,location_time
9,trade_yq_2021Q4,trade_yq,6538.384963989258,11.0,location_time
9,trade_yq_2022Q1,trade_yq,14058.625717163086,23.0,location_time
9,trade_yq_2022Q2,trade_yq,28111.43165588379,25.0,location_time
9,trade_yq_2022Q3,trade_yq,4479.113037109375,4.0,location_time
9,trade_yq_2022Q4,trade_yq,5282.853057861328,5.0,location_time
9,trade_yq_2023Q1,trade_yq,1044.68994140625,1.0,location_time
9,trade_yq_2023Q2,trade_yq,8884.653076171875,6.0,location_time
9,trade_yq_2023Q3,trade_yq,25763.68994140625,14.0,location_time
9,trade_yq_2023Q4,trade_yq,5783.210021972656,3.0,location_time
9,building_type_住宅大樓(11層含以上有電梯),building_type,27544.644958496094,18.0,location_time
9,building_type_公寓(5樓含以下無電梯),building_type,32429.7880859375,8.0,location_time
9,building_type_套房(1房1廳1衛),building_type,0.0,0.0,location_time
9,building_type_華廈(10層含以下有電梯),building_type,70580.72183227539,44.0,location_time
9,material_加強磚,material,0.0,0.0,location_time
9,material_加強磚造,material,55285.71374511719,19.0,location_time
9,material_壁式預鑄鋼筋混凝土造,material,0.0,0.0,location_time
9,material_磚石造,material,0.0,0.0,location_time
9,material_磚造,material,585.9400024414062,2.0,location_time
9,material_見使用執照,material,18193.766845703125,24.0,location_time
9,material_見其他登記事項,material,0.0,0.0,location_time
9,material_鋼構造,material,0.0,0.0,location_time
9,material_鋼筋混凝土加強磚造,material,0.0,0.0,location_time
9,material_鋼筋混凝土造,material,309025.70587158203,77.0,location_time
9,material_鋼筋混凝土造，鋼骨鋼筋混凝土造,material,29736.045166015625,32.0,location_time
9,material_鋼骨混凝土造,material,0.0,0.0,location_time
9,material_鋼骨造,material,73163.51498413086,41.0,location_time
9,material_鋼骨鋼筋混凝土造,material,91161.65176391602,48.0,location_time
9,material_鋼骨鋼筋混凝土造；鋼骨造,material,0.0,0.0,location_time
9,material_鋼骨ＲＣ造,material,0.0,0.0,location_time
9,material_預力混凝土造,material,0.0,0.0,location_time
9,material_ＲＣ造,material,0.0,0.0,location_time
10,trade_year,trade_year,91237.75756835938,68.0,location_time
10,main_use_missing,main_use_missing,60188.423095703125,26.0,note_or_quality_flags
10,building_age,building_age,5662374.512939453,1530.0,basic_housing
10,building_age_missing,building_age_missing,186787.8341064453,52.0,basic_housing
10,building_area_m2,building_area_m2,1731559.6271209717,789.0,basic_housing
10,building_area_ping,building_area_ping,343539.8239440918,181.0,basic_housing
10,main_building_area_m2,main_building_area_m2,1535357.9655303955,731.0,basic_housing
10,main_building_area_ping,main_building_area_ping,384473.2528991699,175.0,basic_housing
10,auxiliary_area_m2,auxiliary_area_m2,1466838.5671844482,633.0,basic_housing
10,balcony_area_m2,balcony_area_m2,1222314.1036376953,621.0,basic_housing
10,land_area_m2,land_area_m2,2377364.4624328613,1038.0,basic_housing
10,floor,floor,4287519.159362793,636.0,basic_housing
10,total_floor,total_floor,1936550.3774871826,632.0,basic_housing
10,floor_ratio,floor_ratio,591867.6114501953,369.0,basic_housing
10,is_basement,is_basement,0.0,0.0,basic_housing
10,multi_floor,multi_floor,226129.61376953125,76.0,basic_housing
10,rooms,rooms,1347592.9389038086,326.0,basic_housing
10,living_rooms,living_rooms,494422.08685302734,192.0,basic_housing
10,bathrooms,bathrooms,335428.6415863037,164.0,basic_housing
10,has_management,has_management,141210.75720214844,54.0,basic_housing
10,has_elevator,has_elevator,92869.74072265625,22.0,basic_housing
10,has_parking,has_parking,778634.944519043,120.0,basic_housing
10,parking_area_m2,parking_area_m2,2330788.8753356934,705.0,basic_housing
10,physical_condition_flag,physical_condition_flag,399530.39822387695,114.0,note_or_quality_flags
10,renovation_flag,renovation_flag,29048.604095458984,36.0,note_or_quality_flags
10,broad_note_flag,broad_note_flag,40439.15605163574,26.0,note_or_quality_flags
10,district_median_price_180d,district_median_price_180d,910754.4276428223,479.0,time_aware_market
10,district_median_price_365d,district_median_price_365d,1095418.1469421387,476.0,time_aware_market
10,district_count_180d,district_count_180d,625215.1461181641,415.0,time_aware_market
10,district_type_median_price_180d,district_type_median_price_180d,585392.6216888428,345.0,time_aware_market
10,district_type_median_price_365d,district_type_median_price_365d,607905.9163818359,336.0,time_aware_market
10,district_type_count_180d,district_type_count_180d,501379.9959411621,327.0,time_aware_market
10,district_price_change_180_365,district_price_change_180_365,607414.3819274902,417.0,time_aware_market
10,district_type_price_change_180_365,district_type_price_change_180_365,704530.5002593994,468.0,time_aware_market
10,comp_365d_count,comp_365d_count,0.0,0.0,rule_based_comparable
10,comp_365d_median_price,comp_365d_median_price,633657.0252075195,320.0,rule_based_comparable
10,comp_365d_mean_price,comp_365d_mean_price,413411.2183532715,275.0,rule_based_comparable
10,comp_365d_weighted_mean_price,comp_365d_weighted_mean_price,20945561.889587402,269.0,rule_based_comparable
10,comp_365d_std_price,comp_365d_std_price,987727.5374450684,541.0,rule_based_comparable
10,comp_365d_nearest_price,comp_365d_nearest_price,841567.9829101562,456.0,rule_based_comparable
10,comp_365d_nearest_distance,comp_365d_nearest_distance,493142.6628112793,295.0,rule_based_comparable
10,comp_365d_median_distance,comp_365d_median_distance,565897.7812194824,314.0,rule_based_comparable
10,comp_365d_median_days_diff,comp_365d_median_days_diff,486313.5926513672,356.0,rule_based_comparable
10,comp_365d_median_area_diff_pct,comp_365d_median_area_diff_pct,490095.8586730957,344.0,rule_based_comparable
10,comp_365d_median_age_diff,comp_365d_median_age_diff,892904.1583709717,495.0,rule_based_comparable
10,comp_730d_count,comp_730d_count,0.0,0.0,rule_based_comparable
10,comp_730d_median_price,comp_730d_median_price,1198349.9914550781,369.0,rule_based_comparable
10,comp_730d_mean_price,comp_730d_mean_price,52827785.170425415,373.0,rule_based_comparable
10,comp_730d_weighted_mean_price,comp_730d_weighted_mean_price,126722043.34997559,520.0,rule_based_comparable
10,comp_730d_std_price,comp_730d_std_price,1336356.2250976562,657.0,rule_based_comparable
10,comp_730d_nearest_price,comp_730d_nearest_price,3078757.8426818848,605.0,rule_based_comparable
10,comp_730d_nearest_distance,comp_730d_nearest_distance,722551.5629882812,382.0,rule_based_comparable
10,comp_730d_median_distance,comp_730d_median_distance,448476.7734680176,244.0,rule_based_comparable
10,comp_730d_median_days_diff,comp_730d_median_days_diff,637437.8710632324,412.0,rule_based_comparable
10,comp_730d_median_area_diff_pct,comp_730d_median_area_diff_pct,626565.9002990723,423.0,rule_based_comparable
10,comp_730d_median_age_diff,comp_730d_median_age_diff,1409568.4493865967,646.0,rule_based_comparable
10,emb_730d_count,emb_730d_count,0.0,0.0,embedding_comparable
10,emb_730d_median_price,emb_730d_median_price,642560.8381958008,310.0,embedding_comparable
10,emb_730d_mean_price,emb_730d_mean_price,2739327.786804199,281.0,embedding_comparable
10,emb_730d_weighted_mean_price,emb_730d_weighted_mean_price,3464693.4653930664,139.0,embedding_comparable
10,emb_730d_std_price,emb_730d_std_price,1068522.7860717773,508.0,embedding_comparable
10,emb_730d_nearest_price,emb_730d_nearest_price,1926671.1092834473,445.0,embedding_comparable
10,emb_730d_max_similarity,emb_730d_max_similarity,568938.7271118164,334.0,embedding_comparable
10,emb_730d_mean_similarity,emb_730d_mean_similarity,446249.2192993164,274.0,embedding_comparable
10,emb_730d_median_similarity,emb_730d_median_similarity,512651.6201019287,305.0,embedding_comparable
10,emb_730d_median_days_diff,emb_730d_median_days_diff,712108.2266998291,497.0,embedding_comparable
10,emb_730d_median_area_diff_pct,emb_730d_median_area_diff_pct,773600.0056610107,430.0,embedding_comparable
10,emb_730d_median_age_diff,emb_730d_median_age_diff,878374.7748413086,451.0,embedding_comparable
10,emb_1095d_count,emb_1095d_count,0.0,0.0,embedding_comparable
10,emb_1095d_median_price,emb_1095d_median_price,2219262.0851593018,341.0,embedding_comparable
10,emb_1095d_mean_price,emb_1095d_mean_price,9498770.103790283,346.0,embedding_comparable
10,emb_1095d_weighted_mean_price,emb_1095d_weighted_mean_price,8309741.936157227,157.0,embedding_comparable
10,emb_1095d_std_price,emb_1095d_std_price,973200.4885559082,539.0,embedding_comparable
10,emb_1095d_nearest_price,emb_1095d_nearest_price,4223184.0146484375,593.0,embedding_comparable
10,emb_1095d_max_similarity,emb_1095d_max_similarity,520680.8755493164,306.0,embedding_comparable
10,emb_1095d_mean_similarity,emb_1095d_mean_similarity,407225.8606567383,262.0,embedding_comparable
10,emb_1095d_median_similarity,emb_1095d_median_similarity,390563.3715515137,254.0,embedding_comparable
10,emb_1095d_median_days_diff,emb_1095d_median_days_diff,681918.4556884766,421.0,embedding_comparable
10,emb_1095d_median_area_diff_pct,emb_1095d_median_area_diff_pct,821509.0776062012,451.0,embedding_comparable
10,emb_1095d_median_age_diff,emb_1095d_median_age_diff,900829.8693084717,490.0,embedding_comparable
10,district_中山區,district,106606.55395507812,50.0,location_time
10,district_中正區,district,104457.32586669922,46.0,location_time
10,district_信義區,district,116564.9067993164,54.0,location_time
10,district_內湖區,district,39825.58074951172,24.0,location_time
10,district_北投區,district,7917.3670654296875,6.0,location_time
10,district_南港區,district,29723.47296142578,21.0,location_time
10,district_士林區,district,49044.43194580078,35.0,location_time
10,district_大同區,district,14574.263122558594,9.0,location_time
10,district_大安區,district,2155.8280029296875,2.0,location_time
10,district_文山區,district,3023.6500244140625,2.0,location_time
10,district_松山區,district,249024.93060302734,62.0,location_time
10,district_萬華區,district,12131.745132446289,19.0,location_time
10,trade_month_1.0,trade_month,30892.82940673828,19.0,location_time
10,trade_month_2.0,trade_month,20765.419494628906,14.0,location_time
10,trade_month_3.0,trade_month,22674.947265625,21.0,location_time
10,trade_month_4.0,trade_month,8539.097961425781,10.0,location_time
10,trade_month_5.0,trade_month,23368.446899414062,13.0,location_time
10,trade_month_6.0,trade_month,15359.693939208984,17.0,location_time
10,trade_month_7.0,trade_month,5445.153991699219,5.0,location_time
10,trade_month_8.0,trade_month,41500.10974121094,14.0,location_time
10,trade_month_9.0,trade_month,19709.490173339844,13.0,location_time
10,trade_month_10.0,trade_month,8077.600006103516,12.0,location_time
10,trade_month_11.0,trade_month,7039.412109375,6.0,location_time
10,trade_month_12.0,trade_month,20874.637329101562,14.0,location_time
10,trade_quarter_1.0,trade_quarter,19998.239807128906,14.0,location_time
10,trade_quarter_2.0,trade_quarter,25113.913818359375,17.0,location_time
10,trade_quarter_3.0,trade_quarter,34263.086853027344,19.0,location_time
10,trade_quarter_4.0,trade_quarter,22529.877380371094,14.0,location_time
10,trade_yq_2021Q2,trade_yq,24689.521118164062,20.0,location_time
10,trade_yq_2021Q3,trade_yq,15820.20703125,14.0,location_time
10,trade_yq_2021Q4,trade_yq,19059.092163085938,12.0,location_time
10,trade_yq_2022Q1,trade_yq,33740.53787231445,32.0,location_time
10,trade_yq_2022Q2,trade_yq,21066.940231323242,16.0,location_time
10,trade_yq_2022Q3,trade_yq,10606.092895507812,10.0,location_time
10,trade_yq_2022Q4,trade_yq,1744.8599853515625,2.0,location_time
10,trade_yq_2023Q1,trade_yq,18354.60595703125,14.0,location_time
10,trade_yq_2023Q2,trade_yq,6478.570068359375,3.0,location_time
10,trade_yq_2023Q3,trade_yq,16864.479034423828,12.0,location_time
10,trade_yq_2023Q4,trade_yq,7401.147033691406,7.0,location_time
10,trade_yq_2024Q1,trade_yq,5787.629089355469,6.0,location_time
10,building_type_住宅大樓(11層含以上有電梯),building_type,23326.789123535156,10.0,location_time
10,building_type_公寓(5樓含以下無電梯),building_type,31640.107421875,8.0,location_time
10,building_type_套房(1房1廳1衛),building_type,0.0,0.0,location_time
10,building_type_華廈(10層含以下有電梯),building_type,49081.101654052734,45.0,location_time
10,material_加強磚,material,0.0,0.0,location_time
10,material_加強磚造,material,24452.086975097656,18.0,location_time
10,material_壁式預鑄鋼筋混凝土造,material,0.0,0.0,location_time
10,material_磚石造,material,0.0,0.0,location_time
10,material_磚造,material,0.0,0.0,location_time
10,material_見使用執照,material,15592.737045288086,22.0,location_time
10,material_鋼構造,material,0.0,0.0,location_time
10,material_鋼筋混凝土加強磚造,material,0.0,0.0,location_time
10,material_鋼筋混凝土造,material,283066.1173400879,77.0,location_time
10,material_鋼筋混凝土造，鋼骨鋼筋混凝土造,material,28827.93605041504,31.0,location_time
10,material_鋼骨混凝土造,material,0.0,0.0,location_time
10,material_鋼骨造,material,46177.64794921875,34.0,location_time
10,material_鋼骨鋼筋混凝土造,material,110744.76071166992,46.0,location_time
10,material_鋼骨鋼筋混凝土造；鋼骨造,material,0.0,0.0,location_time
10,material_鋼骨ＲＣ造,material,0.0,0.0,location_time
10,material_預力混凝土造,material,0.0,0.0,location_time
10,material_ＲＣ造,material,0.0,0.0,location_time
11,trade_year,trade_year,167723.25048828125,90.0,location_time
11,main_use_missing,main_use_missing,105129.02868652344,40.0,note_or_quality_flags
11,building_age,building_age,6277720.218109131,1568.0,basic_housing
11,building_age_missing,building_age_missing,133214.66876220703,41.0,basic_housing
11,building_area_m2,building_area_m2,1640014.4132385254,748.0,basic_housing
11,building_area_ping,building_area_ping,335618.18769836426,162.0,basic_housing
11,main_building_area_m2,main_building_area_m2,1799748.0513763428,808.0,basic_housing
11,main_building_area_ping,main_building_area_ping,375128.28466796875,167.0,basic_housing
11,auxiliary_area_m2,auxiliary_area_m2,1745439.2152404785,711.0,basic_housing
11,balcony_area_m2,balcony_area_m2,1329964.595703125,652.0,basic_housing
11,land_area_m2,land_area_m2,2611476.9890441895,1079.0,basic_housing
11,floor,floor,4298025.06690979,642.0,basic_housing
11,total_floor,total_floor,2244402.6783447266,671.0,basic_housing
11,floor_ratio,floor_ratio,649666.0888519287,386.0,basic_housing
11,is_basement,is_basement,0.0,0.0,basic_housing
11,multi_floor,multi_floor,197152.2012939453,77.0,basic_housing
11,rooms,rooms,1486292.0010681152,355.0,basic_housing
11,living_rooms,living_rooms,495774.16912841797,192.0,basic_housing
11,bathrooms,bathrooms,306275.5665588379,157.0,basic_housing
11,has_management,has_management,114360.98449707031,39.0,basic_housing
11,has_elevator,has_elevator,122450.35986328125,23.0,basic_housing
11,has_parking,has_parking,789277.5882568359,111.0,basic_housing
11,parking_area_m2,parking_area_m2,2393381.677871704,709.0,basic_housing
11,physical_condition_flag,physical_condition_flag,437982.93572998047,109.0,note_or_quality_flags
11,renovation_flag,renovation_flag,44871.81997680664,45.0,note_or_quality_flags
11,broad_note_flag,broad_note_flag,78933.36666870117,51.0,note_or_quality_flags
11,district_median_price_180d,district_median_price_180d,977590.6859741211,448.0,time_aware_market
11,district_median_price_365d,district_median_price_365d,963477.6934204102,421.0,time_aware_market
11,district_count_180d,district_count_180d,746016.0073852539,454.0,time_aware_market
11,district_type_median_price_180d,district_type_median_price_180d,641176.9246063232,361.0,time_aware_market
11,district_type_median_price_365d,district_type_median_price_365d,503497.35610961914,282.0,time_aware_market
11,district_type_count_180d,district_type_count_180d,627565.7220916748,382.0,time_aware_market
11,district_price_change_180_365,district_price_change_180_365,629427.6252441406,409.0,time_aware_market
11,district_type_price_change_180_365,district_type_price_change_180_365,651545.2347564697,445.0,time_aware_market
11,comp_365d_count,comp_365d_count,0.0,0.0,rule_based_comparable
11,comp_365d_median_price,comp_365d_median_price,650499.0854797363,318.0,rule_based_comparable
11,comp_365d_mean_price,comp_365d_mean_price,539217.6335449219,321.0,rule_based_comparable
11,comp_365d_weighted_mean_price,comp_365d_weighted_mean_price,27344292.88194275,223.0,rule_based_comparable
11,comp_365d_std_price,comp_365d_std_price,941471.6031188965,498.0,rule_based_comparable
11,comp_365d_nearest_price,comp_365d_nearest_price,924688.6072998047,448.0,rule_based_comparable
11,comp_365d_nearest_distance,comp_365d_nearest_distance,608419.2522888184,370.0,rule_based_comparable
11,comp_365d_median_distance,comp_365d_median_distance,496035.84896850586,286.0,rule_based_comparable
11,comp_365d_median_days_diff,comp_365d_median_days_diff,494179.7489929199,339.0,rule_based_comparable
11,comp_365d_median_area_diff_pct,comp_365d_median_area_diff_pct,476823.25604248047,345.0,rule_based_comparable
11,comp_365d_median_age_diff,comp_365d_median_age_diff,960426.2662200928,502.0,rule_based_comparable
11,comp_730d_count,comp_730d_count,0.0,0.0,rule_based_comparable
11,comp_730d_median_price,comp_730d_median_price,1394313.2139587402,369.0,rule_based_comparable
11,comp_730d_mean_price,comp_730d_mean_price,53633821.15319824,365.0,rule_based_comparable
11,comp_730d_weighted_mean_price,comp_730d_weighted_mean_price,133185194.55213928,501.0,rule_based_comparable
11,comp_730d_std_price,comp_730d_std_price,1464668.6820373535,664.0,rule_based_comparable
11,comp_730d_nearest_price,comp_730d_nearest_price,2625009.2841796875,518.0,rule_based_comparable
11,comp_730d_nearest_distance,comp_730d_nearest_distance,764451.907989502,368.0,rule_based_comparable
11,comp_730d_median_distance,comp_730d_median_distance,548369.1608276367,318.0,rule_based_comparable
11,comp_730d_median_days_diff,comp_730d_median_days_diff,515893.658203125,332.0,rule_based_comparable
11,comp_730d_median_area_diff_pct,comp_730d_median_area_diff_pct,642990.0787963867,409.0,rule_based_comparable
11,comp_730d_median_age_diff,comp_730d_median_age_diff,1247923.513244629,620.0,rule_based_comparable
11,emb_730d_count,emb_730d_count,0.0,0.0,embedding_comparable
11,emb_730d_median_price,emb_730d_median_price,566640.5897521973,304.0,embedding_comparable
11,emb_730d_mean_price,emb_730d_mean_price,3505938.3228149414,289.0,embedding_comparable
11,emb_730d_weighted_mean_price,emb_730d_weighted_mean_price,5669251.642578125,132.0,embedding_comparable
11,emb_730d_std_price,emb_730d_std_price,1169933.3022460938,561.0,embedding_comparable
11,emb_730d_nearest_price,emb_730d_nearest_price,1753758.5124206543,411.0,embedding_comparable
11,emb_730d_max_similarity,emb_730d_max_similarity,545931.7583618164,294.0,embedding_comparable
11,emb_730d_mean_similarity,emb_730d_mean_similarity,414325.45330810547,224.0,embedding_comparable
11,emb_730d_median_similarity,emb_730d_median_similarity,427743.69638061523,272.0,embedding_comparable
11,emb_730d_median_days_diff,emb_730d_median_days_diff,685150.5212860107,455.0,embedding_comparable
11,emb_730d_median_area_diff_pct,emb_730d_median_area_diff_pct,806850.424987793,448.0,embedding_comparable
11,emb_730d_median_age_diff,emb_730d_median_age_diff,1045062.5687255859,476.0,embedding_comparable
11,emb_1095d_count,emb_1095d_count,0.0,0.0,embedding_comparable
11,emb_1095d_median_price,emb_1095d_median_price,2577368.944152832,347.0,embedding_comparable
11,emb_1095d_mean_price,emb_1095d_mean_price,4962818.741241455,362.0,embedding_comparable
11,emb_1095d_weighted_mean_price,emb_1095d_weighted_mean_price,8320118.006286621,195.0,embedding_comparable
11,emb_1095d_std_price,emb_1095d_std_price,1038533.528213501,576.0,embedding_comparable
11,emb_1095d_nearest_price,emb_1095d_nearest_price,4593951.737213135,593.0,embedding_comparable
11,emb_1095d_max_similarity,emb_1095d_max_similarity,519029.59857177734,283.0,embedding_comparable
11,emb_1095d_mean_similarity,emb_1095d_mean_similarity,414603.7239074707,231.0,embedding_comparable
11,emb_1095d_median_similarity,emb_1095d_median_similarity,404544.09970092773,248.0,embedding_comparable
11,emb_1095d_median_days_diff,emb_1095d_median_days_diff,627736.4301147461,408.0,embedding_comparable
11,emb_1095d_median_area_diff_pct,emb_1095d_median_area_diff_pct,783214.3770599365,430.0,embedding_comparable
11,emb_1095d_median_age_diff,emb_1095d_median_age_diff,933416.7647705078,504.0,embedding_comparable
11,district_中山區,district,143913.14178466797,55.0,location_time
11,district_中正區,district,73116.169921875,31.0,location_time
11,district_信義區,district,81931.70092773438,42.0,location_time
11,district_內湖區,district,24718.143920898438,23.0,location_time
11,district_北投區,district,14491.292907714844,11.0,location_time
11,district_南港區,district,51691.94104003906,35.0,location_time
11,district_士林區,district,104291.95819091797,54.0,location_time
11,district_大同區,district,17094.4599609375,7.0,location_time
11,district_大安區,district,4451.02001953125,3.0,location_time
11,district_文山區,district,2142.5719604492188,2.0,location_time
11,district_松山區,district,202891.7518310547,66.0,location_time
11,district_萬華區,district,25181.954330444336,14.0,location_time
11,trade_month_1.0,trade_month,13251.618103027344,12.0,location_time
11,trade_month_2.0,trade_month,35228.91436767578,25.0,location_time
11,trade_month_3.0,trade_month,11589.1640625,10.0,location_time
11,trade_month_4.0,trade_month,25788.94708251953,13.0,location_time
11,trade_month_5.0,trade_month,23257.229858398438,13.0,location_time
11,trade_month_6.0,trade_month,13780.131958007812,9.0,location_time
11,trade_month_7.0,trade_month,3663.9370727539062,3.0,location_time
11,trade_month_8.0,trade_month,27058.004821777344,12.0,location_time
11,trade_month_9.0,trade_month,11265.848022460938,8.0,location_time
11,trade_month_10.0,trade_month,16653.95101928711,18.0,location_time
11,trade_month_11.0,trade_month,7917.650939941406,8.0,location_time
11,trade_month_12.0,trade_month,10364.674011230469,8.0,location_time
11,trade_quarter_1.0,trade_quarter,20748.647827148438,15.0,location_time
11,trade_quarter_2.0,trade_quarter,18974.594848632812,16.0,location_time
11,trade_quarter_3.0,trade_quarter,37650.31979370117,30.0,location_time
11,trade_quarter_4.0,trade_quarter,15457.91796875,16.0,location_time
11,trade_yq_2021Q3,trade_yq,37764.58807373047,27.0,location_time
11,trade_yq_2021Q4,trade_yq,13527.360961914062,10.0,location_time
11,trade_yq_2022Q1,trade_yq,8118.174957275391,9.0,location_time
11,trade_yq_2022Q2,trade_yq,19085.79425048828,11.0,location_time
11,trade_yq_2022Q3,trade_yq,2043.1190185546875,2.0,location_time
11,trade_yq_2022Q4,trade_yq,875.2440185546875,1.0,location_time
11,trade_yq_2023Q1,trade_yq,11816.596954345703,11.0,location_time
11,trade_yq_2023Q2,trade_yq,20706.126098632812,12.0,location_time
11,trade_yq_2023Q3,trade_yq,19487.842041015625,13.0,location_time
11,trade_yq_2023Q4,trade_yq,2258.3589477539062,2.0,location_time
11,trade_yq_2024Q1,trade_yq,11917.140197753906,8.0,location_time
11,trade_yq_2024Q2,trade_yq,61775.17010498047,34.0,location_time
11,building_type_住宅大樓(11層含以上有電梯),building_type,11164.407958984375,4.0,location_time
11,building_type_公寓(5樓含以下無電梯),building_type,33764.76086425781,7.0,location_time
11,building_type_套房(1房1廳1衛),building_type,0.0,0.0,location_time
11,building_type_華廈(10層含以下有電梯),building_type,74885.25813293457,65.0,location_time
11,material_加強磚,material,0.0,0.0,location_time
11,material_加強磚造,material,28002.976440429688,11.0,location_time
11,material_壁式預鑄鋼筋混凝土造,material,0.0,0.0,location_time
11,material_磚石造,material,0.0,0.0,location_time
11,material_磚造,material,5437.0399169921875,10.0,location_time
11,material_見使用執照,material,16306.56021118164,22.0,location_time
11,material_鋼筋混凝土加強磚造,material,0.0,0.0,location_time
11,material_鋼筋混凝土造,material,217227.69775390625,57.0,location_time
11,material_鋼筋混凝土造，鋼骨鋼筋混凝土造,material,32162.674041748047,30.0,location_time
11,material_鋼骨混凝土造,material,0.0,0.0,location_time
11,material_鋼骨造,material,110650.8804321289,47.0,location_time
11,material_鋼骨鋼筋混凝土造,material,116126.58760070801,56.0,location_time
11,material_鋼骨鋼筋混凝土造；鋼骨造,material,0.0,0.0,location_time
11,material_鋼骨ＲＣ造,material,0.0,0.0,location_time
11,material_預力混凝土造,material,0.0,0.0,location_time
11,material_ＲＣ造,material,0.0,0.0,location_time
12,trade_year,trade_year,258906.71868896484,119.0,location_time
12,main_use_missing,main_use_missing,94778.67687988281,39.0,note_or_quality_flags
12,building_age,building_age,5820028.329421997,1579.0,basic_housing
12,building_age_missing,building_age_missing,90165.71746826172,34.0,basic_housing
12,building_area_m2,building_area_m2,1869617.0158996582,811.0,basic_housing
12,building_area_ping,building_area_ping,453882.57942199707,162.0,basic_housing
12,main_building_area_m2,main_building_area_m2,1684883.7122192383,742.0,basic_housing
12,main_building_area_ping,main_building_area_ping,363508.55014038086,160.0,basic_housing
12,auxiliary_area_m2,auxiliary_area_m2,1933977.0386810303,719.0,basic_housing
12,balcony_area_m2,balcony_area_m2,1166213.7472839355,596.0,basic_housing
12,land_area_m2,land_area_m2,2497070.3613586426,1105.0,basic_housing
12,floor,floor,4418639.336135864,637.0,basic_housing
12,total_floor,total_floor,2220915.872894287,665.0,basic_housing
12,floor_ratio,floor_ratio,723801.5272521973,385.0,basic_housing
12,is_basement,is_basement,0.0,0.0,basic_housing
12,multi_floor,multi_floor,164445.0958251953,62.0,basic_housing
12,rooms,rooms,1398822.4808807373,333.0,basic_housing
12,living_rooms,living_rooms,529381.5737762451,204.0,basic_housing
12,bathrooms,bathrooms,284346.89416503906,153.0,basic_housing
12,has_management,has_management,139566.80224609375,43.0,basic_housing
12,has_elevator,has_elevator,242361.30389404297,41.0,basic_housing
12,has_parking,has_parking,874012.6432495117,110.0,basic_housing
12,parking_area_m2,parking_area_m2,2362120.5394744873,743.0,basic_housing
12,physical_condition_flag,physical_condition_flag,500836.5835571289,114.0,note_or_quality_flags
12,renovation_flag,renovation_flag,39311.21594238281,46.0,note_or_quality_flags
12,broad_note_flag,broad_note_flag,132851.46621704102,56.0,note_or_quality_flags
12,district_median_price_180d,district_median_price_180d,1065971.0681610107,456.0,time_aware_market
12,district_median_price_365d,district_median_price_365d,1023778.4836273193,431.0,time_aware_market
12,district_count_180d,district_count_180d,878534.4060668945,499.0,time_aware_market
12,district_type_median_price_180d,district_type_median_price_180d,651251.0971069336,349.0,time_aware_market
12,district_type_median_price_365d,district_type_median_price_365d,571867.8890075684,326.0,time_aware_market
12,district_type_count_180d,district_type_count_180d,613734.0520019531,349.0,time_aware_market
12,district_price_change_180_365,district_price_change_180_365,663007.4301757812,413.0,time_aware_market
12,district_type_price_change_180_365,district_type_price_change_180_365,686000.4780731201,465.0,time_aware_market
12,comp_365d_count,comp_365d_count,0.0,0.0,rule_based_comparable
12,comp_365d_median_price,comp_365d_median_price,471035.1911621094,266.0,rule_based_comparable
12,comp_365d_mean_price,comp_365d_mean_price,502671.1423339844,295.0,rule_based_comparable
12,comp_365d_weighted_mean_price,comp_365d_weighted_mean_price,12655735.510314941,240.0,rule_based_comparable
12,comp_365d_std_price,comp_365d_std_price,977729.4788513184,491.0,rule_based_comparable
12,comp_365d_nearest_price,comp_365d_nearest_price,857628.8330230713,455.0,rule_based_comparable
12,comp_365d_nearest_distance,comp_365d_nearest_distance,636905.7355651855,395.0,rule_based_comparable
12,comp_365d_median_distance,comp_365d_median_distance,416748.60763549805,255.0,rule_based_comparable
12,comp_365d_median_days_diff,comp_365d_median_days_diff,548369.1870422363,364.0,rule_based_comparable
12,comp_365d_median_area_diff_pct,comp_365d_median_area_diff_pct,490413.6752624512,317.0,rule_based_comparable
12,comp_365d_median_age_diff,comp_365d_median_age_diff,833649.2050170898,450.0,rule_based_comparable
12,comp_730d_count,comp_730d_count,0.0,0.0,rule_based_comparable
12,comp_730d_median_price,comp_730d_median_price,1088787.4946289062,369.0,rule_based_comparable
12,comp_730d_mean_price,comp_730d_mean_price,21498768.1590271,374.0,rule_based_comparable
12,comp_730d_weighted_mean_price,comp_730d_weighted_mean_price,182905359.8977661,574.0,rule_based_comparable
12,comp_730d_std_price,comp_730d_std_price,1352434.9826965332,628.0,rule_based_comparable
12,comp_730d_nearest_price,comp_730d_nearest_price,2448908.3740386963,478.0,rule_based_comparable
12,comp_730d_nearest_distance,comp_730d_nearest_distance,720593.2465820312,370.0,rule_based_comparable
12,comp_730d_median_distance,comp_730d_median_distance,514231.3208618164,259.0,rule_based_comparable
12,comp_730d_median_days_diff,comp_730d_median_days_diff,579325.0863647461,366.0,rule_based_comparable
12,comp_730d_median_area_diff_pct,comp_730d_median_area_diff_pct,669362.0517730713,414.0,rule_based_comparable
12,comp_730d_median_age_diff,comp_730d_median_age_diff,1352560.5033721924,598.0,rule_based_comparable
12,emb_730d_count,emb_730d_count,0.0,0.0,embedding_comparable
12,emb_730d_median_price,emb_730d_median_price,598194.3117370605,298.0,embedding_comparable
12,emb_730d_mean_price,emb_730d_mean_price,2263472.184753418,309.0,embedding_comparable
12,emb_730d_weighted_mean_price,emb_730d_weighted_mean_price,4686310.776855469,110.0,embedding_comparable
12,emb_730d_std_price,emb_730d_std_price,1151979.9951782227,551.0,embedding_comparable
12,emb_730d_nearest_price,emb_730d_nearest_price,1947158.810699463,444.0,embedding_comparable
12,emb_730d_max_similarity,emb_730d_max_similarity,503678.8541870117,292.0,embedding_comparable
12,emb_730d_mean_similarity,emb_730d_mean_similarity,491523.1795654297,281.0,embedding_comparable
12,emb_730d_median_similarity,emb_730d_median_similarity,405431.739151001,260.0,embedding_comparable
12,emb_730d_median_days_diff,emb_730d_median_days_diff,678218.9274902344,456.0,embedding_comparable
12,emb_730d_median_area_diff_pct,emb_730d_median_area_diff_pct,833089.581451416,455.0,embedding_comparable
12,emb_730d_median_age_diff,emb_730d_median_age_diff,920830.280670166,466.0,embedding_comparable
12,emb_1095d_count,emb_1095d_count,0.0,0.0,embedding_comparable
12,emb_1095d_median_price,emb_1095d_median_price,4207066.888763428,371.0,embedding_comparable
12,emb_1095d_mean_price,emb_1095d_mean_price,5595219.309173584,371.0,embedding_comparable
12,emb_1095d_weighted_mean_price,emb_1095d_weighted_mean_price,7887219.321716309,178.0,embedding_comparable
12,emb_1095d_std_price,emb_1095d_std_price,1114207.5734558105,597.0,embedding_comparable
12,emb_1095d_nearest_price,emb_1095d_nearest_price,4817602.111450195,575.0,embedding_comparable
12,emb_1095d_max_similarity,emb_1095d_max_similarity,589178.5354003906,327.0,embedding_comparable
12,emb_1095d_mean_similarity,emb_1095d_mean_similarity,392821.6750793457,229.0,embedding_comparable
12,emb_1095d_median_similarity,emb_1095d_median_similarity,405884.03775024414,233.0,embedding_comparable
12,emb_1095d_median_days_diff,emb_1095d_median_days_diff,685837.1806793213,461.0,embedding_comparable
12,emb_1095d_median_area_diff_pct,emb_1095d_median_area_diff_pct,703275.1543884277,403.0,embedding_comparable
12,emb_1095d_median_age_diff,emb_1095d_median_age_diff,971632.1723327637,512.0,embedding_comparable
12,district_中山區,district,75682.20709228516,33.0,location_time
12,district_中正區,district,92118.27258300781,40.0,location_time
12,district_信義區,district,111588.01184082031,49.0,location_time
12,district_內湖區,district,21762.197998046875,14.0,location_time
12,district_北投區,district,42613.739990234375,25.0,location_time
12,district_南港區,district,46071.78076171875,28.0,location_time
12,district_士林區,district,86264.21606445312,46.0,location_time
12,district_大同區,district,34252.75671386719,13.0,location_time
12,district_大安區,district,25223.262634277344,9.0,location_time
12,district_文山區,district,3278.22998046875,1.0,location_time
12,district_松山區,district,164823.13739013672,50.0,location_time
12,district_萬華區,district,34482.682373046875,21.0,location_time
12,trade_month_1.0,trade_month,19759.83184814453,13.0,location_time
12,trade_month_2.0,trade_month,26315.392028808594,24.0,location_time
12,trade_month_3.0,trade_month,6263.0260009765625,6.0,location_time
12,trade_month_4.0,trade_month,7141.072937011719,5.0,location_time
12,trade_month_5.0,trade_month,17577.51202392578,11.0,location_time
12,trade_month_6.0,trade_month,27478.125061035156,19.0,location_time
12,trade_month_7.0,trade_month,9282.975891113281,9.0,location_time
12,trade_month_8.0,trade_month,42792.53692626953,16.0,location_time
12,trade_month_9.0,trade_month,23453.467163085938,18.0,location_time
12,trade_month_10.0,trade_month,8849.670104980469,6.0,location_time
12,trade_month_11.0,trade_month,7278.685119628906,7.0,location_time
12,trade_month_12.0,trade_month,16579.005004882812,11.0,location_time
12,trade_quarter_1.0,trade_quarter,16130.080871582031,14.0,location_time
12,trade_quarter_2.0,trade_quarter,19083.360961914062,14.0,location_time
12,trade_quarter_3.0,trade_quarter,19390.850982666016,12.0,location_time
12,trade_quarter_4.0,trade_quarter,22650.74237060547,13.0,location_time
12,trade_yq_2021Q4,trade_yq,2901.06005859375,2.0,location_time
12,trade_yq_2022Q1,trade_yq,21500.868713378906,12.0,location_time
12,trade_yq_2022Q2,trade_yq,11151.070007324219,7.0,location_time
12,trade_yq_2022Q3,trade_yq,3774.4400634765625,3.0,location_time
12,trade_yq_2022Q4,trade_yq,2212.25,2.0,location_time
12,trade_yq_2023Q1,trade_yq,5785.1510009765625,4.0,location_time
12,trade_yq_2023Q2,trade_yq,10917.396240234375,6.0,location_time
12,trade_yq_2023Q3,trade_yq,11796.18017578125,10.0,location_time
12,trade_yq_2023Q4,trade_yq,5125.642028808594,4.0,location_time
12,trade_yq_2024Q1,trade_yq,15390.255126953125,10.0,location_time
12,trade_yq_2024Q2,trade_yq,23271.24676513672,17.0,location_time
12,trade_yq_2024Q3,trade_yq,41128.25915527344,24.0,location_time
12,building_type_住宅大樓(11層含以上有電梯),building_type,16772.7998046875,4.0,location_time
12,building_type_公寓(5樓含以下無電梯),building_type,51677.64025878906,9.0,location_time
12,building_type_套房(1房1廳1衛),building_type,0.0,0.0,location_time
12,building_type_華廈(10層含以下有電梯),building_type,54606.70051574707,60.0,location_time
12,material_加強磚,material,0.0,0.0,location_time
12,material_加強磚造,material,43173.714904785156,20.0,location_time
12,material_壁式預鑄鋼筋混凝土造,material,0.0,0.0,location_time
12,material_磚石造,material,0.0,0.0,location_time
12,material_磚造,material,0.0,0.0,location_time
12,material_見使用執照,material,23017.18785095215,28.0,location_time
12,material_鋼筋混凝土加強磚造,material,0.0,0.0,location_time
12,material_鋼筋混凝土造,material,523255.9875488281,76.0,location_time
12,material_鋼筋混凝土造，鋼骨鋼筋混凝土造,material,0.0,0.0,location_time
12,material_鋼骨混凝土造,material,0.0,0.0,location_time
12,material_鋼骨造,material,121461.05125427246,46.0,location_time
12,material_鋼骨鋼筋混凝土造,material,134901.2505493164,46.0,location_time
12,material_鋼骨鋼筋混凝土造；鋼骨造,material,0.0,0.0,location_time
12,material_鋼骨ＲＣ造,material,0.0,0.0,location_time
12,material_預力混凝土造,material,0.0,0.0,location_time
12,material_ＲＣ造,material,0.0,0.0,location_time
13,trade_year,trade_year,159321.73028564453,90.0,location_time
13,main_use_missing,main_use_missing,139082.30419921875,44.0,note_or_quality_flags
13,building_age,building_age,5875276.947921753,1563.0,basic_housing
13,building_age_missing,building_age_missing,79096.70812988281,25.0,basic_housing
13,building_area_m2,building_area_m2,1848689.9250793457,795.0,basic_housing
13,building_area_ping,building_area_ping,473110.02421569824,179.0,basic_housing
13,main_building_area_m2,main_building_area_m2,1925088.4925842285,786.0,basic_housing
13,main_building_area_ping,main_building_area_ping,301325.8716888428,128.0,basic_housing
13,auxiliary_area_m2,auxiliary_area_m2,1580141.401977539,614.0,basic_housing
13,balcony_area_m2,balcony_area_m2,1139124.8004455566,595.0,basic_housing
13,land_area_m2,land_area_m2,2304936.380340576,1018.0,basic_housing
13,floor,floor,4179965.121734619,627.0,basic_housing
13,total_floor,total_floor,1859306.0602722168,635.0,basic_housing
13,floor_ratio,floor_ratio,718083.0774841309,358.0,basic_housing
13,is_basement,is_basement,0.0,0.0,basic_housing
13,multi_floor,multi_floor,271826.73107910156,90.0,basic_housing
13,rooms,rooms,1077540.9476013184,315.0,basic_housing
13,living_rooms,living_rooms,565981.0414733887,231.0,basic_housing
13,bathrooms,bathrooms,252398.27836608887,144.0,basic_housing
13,has_management,has_management,130406.10314941406,44.0,basic_housing
13,has_elevator,has_elevator,165589.86962890625,32.0,basic_housing
13,has_parking,has_parking,680145.4454956055,96.0,basic_housing
13,parking_area_m2,parking_area_m2,2080465.553527832,623.0,basic_housing
13,physical_condition_flag,physical_condition_flag,561191.7013244629,133.0,note_or_quality_flags
13,renovation_flag,renovation_flag,51892.29042053223,44.0,note_or_quality_flags
13,broad_note_flag,broad_note_flag,109796.54885864258,53.0,note_or_quality_flags
13,district_median_price_180d,district_median_price_180d,874132.0454864502,422.0,time_aware_market
13,district_median_price_365d,district_median_price_365d,1140583.6184387207,467.0,time_aware_market
13,district_count_180d,district_count_180d,849906.8792572021,478.0,time_aware_market
13,district_type_median_price_180d,district_type_median_price_180d,676016.6940917969,333.0,time_aware_market
13,district_type_median_price_365d,district_type_median_price_365d,645150.7939758301,352.0,time_aware_market
13,district_type_count_180d,district_type_count_180d,584413.6530456543,372.0,time_aware_market
13,district_price_change_180_365,district_price_change_180_365,675247.7714233398,430.0,time_aware_market
13,district_type_price_change_180_365,district_type_price_change_180_365,657540.9226379395,448.0,time_aware_market
13,comp_365d_count,comp_365d_count,0.0,0.0,rule_based_comparable
13,comp_365d_median_price,comp_365d_median_price,525558.4134216309,294.0,rule_based_comparable
13,comp_365d_mean_price,comp_365d_mean_price,2200210.667236328,293.0,rule_based_comparable
13,comp_365d_weighted_mean_price,comp_365d_weighted_mean_price,5992223.744766235,234.0,rule_based_comparable
13,comp_365d_std_price,comp_365d_std_price,823809.2591552734,432.0,rule_based_comparable
13,comp_365d_nearest_price,comp_365d_nearest_price,821539.2228393555,455.0,rule_based_comparable
13,comp_365d_nearest_distance,comp_365d_nearest_distance,752772.5287475586,396.0,rule_based_comparable
13,comp_365d_median_distance,comp_365d_median_distance,546493.1884765625,310.0,rule_based_comparable
13,comp_365d_median_days_diff,comp_365d_median_days_diff,580991.2382354736,378.0,rule_based_comparable
13,comp_365d_median_area_diff_pct,comp_365d_median_area_diff_pct,530033.4609375,360.0,rule_based_comparable
13,comp_365d_median_age_diff,comp_365d_median_age_diff,872739.7038726807,542.0,rule_based_comparable
13,comp_730d_count,comp_730d_count,0.0,0.0,rule_based_comparable
13,comp_730d_median_price,comp_730d_median_price,9728989.710037231,371.0,rule_based_comparable
13,comp_730d_mean_price,comp_730d_mean_price,25290416.69996643,325.0,rule_based_comparable
13,comp_730d_weighted_mean_price,comp_730d_weighted_mean_price,164701266.7015686,520.0,rule_based_comparable
13,comp_730d_std_price,comp_730d_std_price,1439478.2446899414,680.0,rule_based_comparable
13,comp_730d_nearest_price,comp_730d_nearest_price,2659191.3966827393,488.0,rule_based_comparable
13,comp_730d_nearest_distance,comp_730d_nearest_distance,588003.0120544434,338.0,rule_based_comparable
13,comp_730d_median_distance,comp_730d_median_distance,611614.7121276855,329.0,rule_based_comparable
13,comp_730d_median_days_diff,comp_730d_median_days_diff,658473.2590789795,411.0,rule_based_comparable
13,comp_730d_median_area_diff_pct,comp_730d_median_area_diff_pct,659221.4458770752,397.0,rule_based_comparable
13,comp_730d_median_age_diff,comp_730d_median_age_diff,1238766.4028625488,600.0,rule_based_comparable
13,emb_730d_count,emb_730d_count,0.0,0.0,embedding_comparable
13,emb_730d_median_price,emb_730d_median_price,748310.5131225586,331.0,embedding_comparable
13,emb_730d_mean_price,emb_730d_mean_price,3191253.029083252,344.0,embedding_comparable
13,emb_730d_weighted_mean_price,emb_730d_weighted_mean_price,3140656.026611328,145.0,embedding_comparable
13,emb_730d_std_price,emb_730d_std_price,1092346.5309753418,557.0,embedding_comparable
13,emb_730d_nearest_price,emb_730d_nearest_price,1565893.085723877,461.0,embedding_comparable
13,emb_730d_max_similarity,emb_730d_max_similarity,502562.6518249512,308.0,embedding_comparable
13,emb_730d_mean_similarity,emb_730d_mean_similarity,382848.2817993164,231.0,embedding_comparable
13,emb_730d_median_similarity,emb_730d_median_similarity,378037.1013183594,266.0,embedding_comparable
13,emb_730d_median_days_diff,emb_730d_median_days_diff,698060.6501159668,480.0,embedding_comparable
13,emb_730d_median_area_diff_pct,emb_730d_median_area_diff_pct,747307.8487854004,409.0,embedding_comparable
13,emb_730d_median_age_diff,emb_730d_median_age_diff,1145941.024383545,505.0,embedding_comparable
13,emb_1095d_count,emb_1095d_count,0.0,0.0,embedding_comparable
13,emb_1095d_median_price,emb_1095d_median_price,2611188.642578125,387.0,embedding_comparable
13,emb_1095d_mean_price,emb_1095d_mean_price,7155963.133453369,356.0,embedding_comparable
13,emb_1095d_weighted_mean_price,emb_1095d_weighted_mean_price,8505921.71157837,177.0,embedding_comparable
13,emb_1095d_std_price,emb_1095d_std_price,872660.4212341309,543.0,embedding_comparable
13,emb_1095d_nearest_price,emb_1095d_nearest_price,4362835.99407959,596.0,embedding_comparable
13,emb_1095d_max_similarity,emb_1095d_max_similarity,583766.1081848145,320.0,embedding_comparable
13,emb_1095d_mean_similarity,emb_1095d_mean_similarity,423867.6809692383,252.0,embedding_comparable
13,emb_1095d_median_similarity,emb_1095d_median_similarity,413247.8163757324,262.0,embedding_comparable
13,emb_1095d_median_days_diff,emb_1095d_median_days_diff,675829.0935668945,421.0,embedding_comparable
13,emb_1095d_median_area_diff_pct,emb_1095d_median_area_diff_pct,754101.474533081,429.0,embedding_comparable
13,emb_1095d_median_age_diff,emb_1095d_median_age_diff,955592.7483825684,521.0,embedding_comparable
13,district_中山區,district,100640.79162597656,33.0,location_time
13,district_中正區,district,96045.20086669922,47.0,location_time
13,district_信義區,district,137928.51818847656,66.0,location_time
13,district_內湖區,district,5281.8680419921875,4.0,location_time
13,district_北投區,district,22716.08203125,16.0,location_time
13,district_南港區,district,47849.477478027344,32.0,location_time
13,district_士林區,district,63000.40905761719,40.0,location_time
13,district_大同區,district,11886.018188476562,9.0,location_time
13,district_大安區,district,32002.790405273438,7.0,location_time
13,district_文山區,district,4986.080078125,4.0,location_time
13,district_松山區,district,131328.16369628906,42.0,location_time
13,district_萬華區,district,13259.776000976562,11.0,location_time
13,trade_month_1.0,trade_month,17247.00018310547,12.0,location_time
13,trade_month_2.0,trade_month,27654.828811645508,26.0,location_time
13,trade_month_3.0,trade_month,13732.487915039062,9.0,location_time
13,trade_month_4.0,trade_month,11419.551879882812,9.0,location_time
13,trade_month_5.0,trade_month,32593.762817382812,20.0,location_time
13,trade_month_6.0,trade_month,14824.707946777344,12.0,location_time
13,trade_month_7.0,trade_month,15853.740112304688,12.0,location_time
13,trade_month_8.0,trade_month,20146.216064453125,12.0,location_time
13,trade_month_9.0,trade_month,18745.65704345703,14.0,location_time
13,trade_month_10.0,trade_month,18151.0517578125,15.0,location_time
13,trade_month_11.0,trade_month,18974.468017578125,18.0,location_time
13,trade_month_12.0,trade_month,16246.406127929688,13.0,location_time
13,trade_quarter_1.0,trade_quarter,26878.546997070312,20.0,location_time
13,trade_quarter_2.0,trade_quarter,27776.698120117188,11.0,location_time
13,trade_quarter_3.0,trade_quarter,46343.64938354492,23.0,location_time
13,trade_quarter_4.0,trade_quarter,22599.247009277344,17.0,location_time
13,trade_yq_2022Q1,trade_yq,13835.828979492188,8.0,location_time
13,trade_yq_2022Q2,trade_yq,13185.326843261719,10.0,location_time
13,trade_yq_2022Q3,trade_yq,1586.7969970703125,2.0,location_time
13,trade_yq_2022Q4,trade_yq,3583.4300537109375,4.0,location_time
13,trade_yq_2023Q1,trade_yq,4539.14892578125,3.0,location_time
13,trade_yq_2023Q2,trade_yq,4910.5899658203125,4.0,location_time
13,trade_yq_2023Q3,trade_yq,15315.636840820312,8.0,location_time
13,trade_yq_2023Q4,trade_yq,6579.001037597656,5.0,location_time
13,trade_yq_2024Q1,trade_yq,13686.223815917969,6.0,location_time
13,trade_yq_2024Q2,trade_yq,53883.037994384766,37.0,location_time
13,trade_yq_2024Q3,trade_yq,74458.978515625,29.0,location_time
13,trade_yq_2024Q4,trade_yq,42295.48614501953,36.0,location_time
13,building_type_住宅大樓(11層含以上有電梯),building_type,572.2630004882812,1.0,location_time
13,building_type_公寓(5樓含以下無電梯),building_type,70750.93017578125,13.0,location_time
13,building_type_套房(1房1廳1衛),building_type,0.0,0.0,location_time
13,building_type_華廈(10層含以下有電梯),building_type,93214.31651306152,79.0,location_time
13,material_加強磚,material,0.0,0.0,location_time
13,material_加強磚造,material,62800.94775390625,25.0,location_time
13,material_壁式預鑄鋼筋混凝土造,material,0.0,0.0,location_time
13,material_磚石造,material,0.0,0.0,location_time
13,material_磚造,material,0.0,0.0,location_time
13,material_見使用執照,material,31028.32911682129,29.0,location_time
13,material_鋼筋混凝土加強磚造,material,0.0,0.0,location_time
13,material_鋼筋混凝土造,material,702859.6485595703,83.0,location_time
13,material_鋼筋混凝土造，鋼骨鋼筋混凝土造,material,0.0,0.0,location_time
13,material_鋼骨混凝土造,material,0.0,0.0,location_time
13,material_鋼骨造,material,56635.48579406738,17.0,location_time
13,material_鋼骨鋼筋混凝土造,material,84992.51867675781,29.0,location_time
13,material_鋼骨鋼筋混凝土造；鋼骨造,material,0.0,0.0,location_time
13,material_鋼骨ＲＣ造,material,0.0,0.0,location_time
13,material_預力混凝土造,material,0.0,0.0,location_time
13,material_ＲＣ造,material,0.0,0.0,location_time
14,trade_year,trade_year,151655.68481445312,83.0,location_time
14,main_use_missing,main_use_missing,183564.1805419922,53.0,note_or_quality_flags
14,building_age,building_age,5609068.545379639,1498.0,basic_housing
14,building_age_missing,building_age_missing,83741.01940917969,25.0,basic_housing
14,building_area_m2,building_area_m2,1802986.514755249,801.0,basic_housing
14,building_area_ping,building_area_ping,555845.5934753418,184.0,basic_housing
14,main_building_area_m2,main_building_area_m2,1869161.2791900635,767.0,basic_housing
14,main_building_area_ping,main_building_area_ping,385225.3364868164,152.0,basic_housing
14,auxiliary_area_m2,auxiliary_area_m2,1660878.3651733398,626.0,basic_housing
14,balcony_area_m2,balcony_area_m2,1125943.641784668,601.0,basic_housing
14,land_area_m2,land_area_m2,2375513.699432373,1089.0,basic_housing
14,floor,floor,4251877.547668457,672.0,basic_housing
14,total_floor,total_floor,1913605.390411377,662.0,basic_housing
14,floor_ratio,floor_ratio,633200.857925415,343.0,basic_housing
14,is_basement,is_basement,0.0,0.0,basic_housing
14,multi_floor,multi_floor,178585.8114013672,73.0,basic_housing
14,rooms,rooms,1027602.8182373047,301.0,basic_housing
14,living_rooms,living_rooms,511028.99505615234,224.0,basic_housing
14,bathrooms,bathrooms,321773.26806640625,146.0,basic_housing
14,has_management,has_management,163950.49102783203,46.0,basic_housing
14,has_elevator,has_elevator,202392.1011352539,28.0,basic_housing
14,has_parking,has_parking,696287.2169799805,98.0,basic_housing
14,parking_area_m2,parking_area_m2,1721172.9700927734,591.0,basic_housing
14,physical_condition_flag,physical_condition_flag,562837.8651428223,133.0,note_or_quality_flags
14,renovation_flag,renovation_flag,37477.884185791016,41.0,note_or_quality_flags
14,broad_note_flag,broad_note_flag,109423.02673339844,55.0,note_or_quality_flags
14,district_median_price_180d,district_median_price_180d,788017.3242645264,393.0,time_aware_market
14,district_median_price_365d,district_median_price_365d,1025795.552947998,435.0,time_aware_market
14,district_count_180d,district_count_180d,862078.366897583,508.0,time_aware_market
14,district_type_median_price_180d,district_type_median_price_180d,552751.7437133789,302.0,time_aware_market
14,district_type_median_price_365d,district_type_median_price_365d,612002.2313079834,319.0,time_aware_market
14,district_type_count_180d,district_type_count_180d,606793.3238220215,346.0,time_aware_market
14,district_price_change_180_365,district_price_change_180_365,731209.3863830566,453.0,time_aware_market
14,district_type_price_change_180_365,district_type_price_change_180_365,642720.294418335,441.0,time_aware_market
14,comp_365d_count,comp_365d_count,0.0,0.0,rule_based_comparable
14,comp_365d_median_price,comp_365d_median_price,627768.0906677246,351.0,rule_based_comparable
14,comp_365d_mean_price,comp_365d_mean_price,2069620.006286621,285.0,rule_based_comparable
14,comp_365d_weighted_mean_price,comp_365d_weighted_mean_price,5890620.05317688,235.0,rule_based_comparable
14,comp_365d_std_price,comp_365d_std_price,857815.3006896973,455.0,rule_based_comparable
14,comp_365d_nearest_price,comp_365d_nearest_price,821146.1692352295,471.0,rule_based_comparable
14,comp_365d_nearest_distance,comp_365d_nearest_distance,597273.5910949707,354.0,rule_based_comparable
14,comp_365d_median_distance,comp_365d_median_distance,490816.3256225586,307.0,rule_based_comparable
14,comp_365d_median_days_diff,comp_365d_median_days_diff,599289.9553833008,392.0,rule_based_comparable
14,comp_365d_median_area_diff_pct,comp_365d_median_area_diff_pct,476924.4842224121,303.0,rule_based_comparable
14,comp_365d_median_age_diff,comp_365d_median_age_diff,820075.2086791992,474.0,rule_based_comparable
14,comp_730d_count,comp_730d_count,0.0,0.0,rule_based_comparable
14,comp_730d_median_price,comp_730d_median_price,9596413.162612915,330.0,rule_based_comparable
14,comp_730d_mean_price,comp_730d_mean_price,24742668.241867065,333.0,rule_based_comparable
14,comp_730d_weighted_mean_price,comp_730d_weighted_mean_price,161571468.00531006,515.0,rule_based_comparable
14,comp_730d_std_price,comp_730d_std_price,1406022.4302520752,691.0,rule_based_comparable
14,comp_730d_nearest_price,comp_730d_nearest_price,2822203.710296631,497.0,rule_based_comparable
14,comp_730d_nearest_distance,comp_730d_nearest_distance,616773.8748474121,361.0,rule_based_comparable
14,comp_730d_median_distance,comp_730d_median_distance,544320.8091125488,309.0,rule_based_comparable
14,comp_730d_median_days_diff,comp_730d_median_days_diff,574679.2960205078,389.0,rule_based_comparable
14,comp_730d_median_area_diff_pct,comp_730d_median_area_diff_pct,618232.8278503418,369.0,rule_based_comparable
14,comp_730d_median_age_diff,comp_730d_median_age_diff,1109730.2244262695,538.0,rule_based_comparable
14,emb_730d_count,emb_730d_count,0.0,0.0,embedding_comparable
14,emb_730d_median_price,emb_730d_median_price,579801.1549682617,323.0,embedding_comparable
14,emb_730d_mean_price,emb_730d_mean_price,3811469.962890625,338.0,embedding_comparable
14,emb_730d_weighted_mean_price,emb_730d_weighted_mean_price,3867813.1266174316,137.0,embedding_comparable
14,emb_730d_std_price,emb_730d_std_price,1097106.7895202637,568.0,embedding_comparable
14,emb_730d_nearest_price,emb_730d_nearest_price,1693749.1134033203,524.0,embedding_comparable
14,emb_730d_max_similarity,emb_730d_max_similarity,573442.6891479492,342.0,embedding_comparable
14,emb_730d_mean_similarity,emb_730d_mean_similarity,430529.16015625,251.0,embedding_comparable
14,emb_730d_median_similarity,emb_730d_median_similarity,374923.49966430664,232.0,embedding_comparable
14,emb_730d_median_days_diff,emb_730d_median_days_diff,681917.1760406494,471.0,embedding_comparable
14,emb_730d_median_area_diff_pct,emb_730d_median_area_diff_pct,787200.4471740723,453.0,embedding_comparable
14,emb_730d_median_age_diff,emb_730d_median_age_diff,1062136.5656433105,512.0,embedding_comparable
14,emb_1095d_count,emb_1095d_count,0.0,0.0,embedding_comparable
14,emb_1095d_median_price,emb_1095d_median_price,3598508.4223327637,390.0,embedding_comparable
14,emb_1095d_mean_price,emb_1095d_mean_price,5142714.725784302,331.0,embedding_comparable
14,emb_1095d_weighted_mean_price,emb_1095d_weighted_mean_price,7377990.9326171875,182.0,embedding_comparable
14,emb_1095d_std_price,emb_1095d_std_price,980398.4384765625,574.0,embedding_comparable
14,emb_1095d_nearest_price,emb_1095d_nearest_price,4156804.4297180176,563.0,embedding_comparable
14,emb_1095d_max_similarity,emb_1095d_max_similarity,657507.411315918,366.0,embedding_comparable
14,emb_1095d_mean_similarity,emb_1095d_mean_similarity,384729.1720275879,233.0,embedding_comparable
14,emb_1095d_median_similarity,emb_1095d_median_similarity,352235.1315765381,229.0,embedding_comparable
14,emb_1095d_median_days_diff,emb_1095d_median_days_diff,750877.8890075684,498.0,embedding_comparable
14,emb_1095d_median_area_diff_pct,emb_1095d_median_area_diff_pct,735684.3223876953,427.0,embedding_comparable
14,emb_1095d_median_age_diff,emb_1095d_median_age_diff,1017611.1382751465,545.0,embedding_comparable
14,district_中山區,district,116359.40869140625,46.0,location_time
14,district_中正區,district,106214.3589477539,46.0,location_time
14,district_信義區,district,122872.52075195312,71.0,location_time
14,district_內湖區,district,13804.30810546875,10.0,location_time
14,district_北投區,district,31317.38800048828,21.0,location_time
14,district_南港區,district,61060.34411621094,34.0,location_time
14,district_士林區,district,110732.15783691406,54.0,location_time
14,district_大同區,district,19979.025146484375,13.0,location_time
14,district_大安區,district,9027.860107421875,2.0,location_time
14,district_文山區,district,5874.774963378906,4.0,location_time
14,district_松山區,district,95179.2817993164,43.0,location_time
14,district_萬華區,district,22672.021942138672,20.0,location_time
14,trade_month_1.0,trade_month,19924.902923583984,22.0,location_time
14,trade_month_2.0,trade_month,21651.706115722656,10.0,location_time
14,trade_month_3.0,trade_month,29171.71795654297,21.0,location_time
14,trade_month_4.0,trade_month,15927.210876464844,7.0,location_time
14,trade_month_5.0,trade_month,28919.55615234375,19.0,location_time
14,trade_month_6.0,trade_month,26139.66961669922,18.0,location_time
14,trade_month_7.0,trade_month,15326.033935546875,8.0,location_time
14,trade_month_8.0,trade_month,10344.699829101562,5.0,location_time
14,trade_month_9.0,trade_month,18237.659790039062,12.0,location_time
14,trade_month_10.0,trade_month,20924.609924316406,14.0,location_time
14,trade_month_11.0,trade_month,19864.34310913086,23.0,location_time
14,trade_month_12.0,trade_month,23697.30712890625,17.0,location_time
14,trade_quarter_1.0,trade_quarter,24108.393920898438,19.0,location_time
14,trade_quarter_2.0,trade_quarter,26173.081970214844,15.0,location_time
14,trade_quarter_3.0,trade_quarter,12668.745056152344,8.0,location_time
14,trade_quarter_4.0,trade_quarter,27919.743896484375,19.0,location_time
14,trade_yq_2022Q2,trade_yq,14879.927978515625,11.0,location_time
14,trade_yq_2022Q3,trade_yq,1829.2429809570312,2.0,location_time
14,trade_yq_2022Q4,trade_yq,2541.8989868164062,3.0,location_time
14,trade_yq_2023Q1,trade_yq,4534.489990234375,3.0,location_time
14,trade_yq_2023Q2,trade_yq,5556.784912109375,4.0,location_time
14,trade_yq_2023Q3,trade_yq,18403.212890625,12.0,location_time
14,trade_yq_2023Q4,trade_yq,13825.013244628906,11.0,location_time
14,trade_yq_2024Q1,trade_yq,13066.487915039062,9.0,location_time
14,trade_yq_2024Q2,trade_yq,79059.88665771484,43.0,location_time
14,trade_yq_2024Q3,trade_yq,90084.22283935547,39.0,location_time
14,trade_yq_2024Q4,trade_yq,34693.046951293945,30.0,location_time
14,trade_yq_2025Q1,trade_yq,5332.365966796875,5.0,location_time
14,building_type_住宅大樓(11層含以上有電梯),building_type,1859.1940307617188,2.0,location_time
14,building_type_公寓(5樓含以下無電梯),building_type,69627.48736572266,18.0,location_time
14,building_type_華廈(10層含以下有電梯),building_type,79028.4461517334,82.0,location_time
14,material_加強磚,material,0.0,0.0,location_time
14,material_加強磚造,material,48375.651794433594,20.0,location_time
14,material_壁式預鑄鋼筋混凝土造,material,0.0,0.0,location_time
14,material_磚石造,material,0.0,0.0,location_time
14,material_磚造,material,0.0,0.0,location_time
14,material_見使用執照,material,26789.077026367188,26.0,location_time
14,material_鋼筋混凝土加強磚造,material,0.0,0.0,location_time
14,material_鋼筋混凝土造,material,771296.0349731445,94.0,location_time
14,material_鋼筋混凝土造，鋼骨鋼筋混凝土造,material,0.0,0.0,location_time
14,material_鋼骨混凝土造,material,0.0,0.0,location_time
14,material_鋼骨造,material,62471.4912109375,20.0,location_time
14,material_鋼骨鋼筋混凝土造,material,70848.0806274414,28.0,location_time
14,material_鋼骨鋼筋混凝土造；鋼骨造,material,0.0,0.0,location_time
14,material_鋼骨ＲＣ造,material,0.0,0.0,location_time
14,material_預力混凝土造,material,0.0,0.0,location_time
14,material_ＲＣ造,material,0.0,0.0,location_time
15,trade_year,trade_year,98987.8042602539,61.0,location_time
15,main_use_missing,main_use_missing,176873.34826660156,57.0,note_or_quality_flags
15,building_age,building_age,5544455.567062378,1493.0,basic_housing
15,building_age_missing,building_age_missing,145461.6870727539,48.0,basic_housing
15,building_area_m2,building_area_m2,1915364.5534973145,803.0,basic_housing
15,building_area_ping,building_area_ping,441826.65646362305,178.0,basic_housing
15,main_building_area_m2,main_building_area_m2,1889925.5553894043,772.0,basic_housing
15,main_building_area_ping,main_building_area_ping,317489.1326904297,138.0,basic_housing
15,auxiliary_area_m2,auxiliary_area_m2,1990908.0112304688,695.0,basic_housing
15,balcony_area_m2,balcony_area_m2,1209964.2825775146,637.0,basic_housing
15,land_area_m2,land_area_m2,2438663.967437744,1037.0,basic_housing
15,floor,floor,4025779.720062256,617.0,basic_housing
15,total_floor,total_floor,1942821.0931854248,671.0,basic_housing
15,floor_ratio,floor_ratio,626888.7301635742,343.0,basic_housing
15,is_basement,is_basement,0.0,0.0,basic_housing
15,multi_floor,multi_floor,216426.02319335938,73.0,basic_housing
15,rooms,rooms,1058756.7888946533,271.0,basic_housing
15,living_rooms,living_rooms,492185.17471313477,234.0,basic_housing
15,bathrooms,bathrooms,321594.5927886963,157.0,basic_housing
15,has_management,has_management,149311.8472290039,42.0,basic_housing
15,has_elevator,has_elevator,229544.24243164062,38.0,basic_housing
15,has_parking,has_parking,782741.4754638672,110.0,basic_housing
15,parking_area_m2,parking_area_m2,1776349.1929016113,574.0,basic_housing
15,physical_condition_flag,physical_condition_flag,572989.4716796875,135.0,note_or_quality_flags
15,renovation_flag,renovation_flag,42165.61112976074,41.0,note_or_quality_flags
15,broad_note_flag,broad_note_flag,137111.66329956055,59.0,note_or_quality_flags
15,district_median_price_180d,district_median_price_180d,856433.4171142578,396.0,time_aware_market
15,district_median_price_365d,district_median_price_365d,1009424.7813110352,461.0,time_aware_market
15,district_count_180d,district_count_180d,844492.2554473877,462.0,time_aware_market
15,district_type_median_price_180d,district_type_median_price_180d,604460.592376709,308.0,time_aware_market
15,district_type_median_price_365d,district_type_median_price_365d,585979.8327636719,321.0,time_aware_market
15,district_type_count_180d,district_type_count_180d,741109.8063049316,382.0,time_aware_market
15,district_price_change_180_365,district_price_change_180_365,835979.7325134277,517.0,time_aware_market
15,district_type_price_change_180_365,district_type_price_change_180_365,606637.350402832,438.0,time_aware_market
15,comp_365d_count,comp_365d_count,0.0,0.0,rule_based_comparable
15,comp_365d_median_price,comp_365d_median_price,578317.0053405762,348.0,rule_based_comparable
15,comp_365d_mean_price,comp_365d_mean_price,437723.6375427246,246.0,rule_based_comparable
15,comp_365d_weighted_mean_price,comp_365d_weighted_mean_price,14141637.644836426,241.0,rule_based_comparable
15,comp_365d_std_price,comp_365d_std_price,923841.4620361328,516.0,rule_based_comparable
15,comp_365d_nearest_price,comp_365d_nearest_price,814064.4720916748,462.0,rule_based_comparable
15,comp_365d_nearest_distance,comp_365d_nearest_distance,635226.3406677246,392.0,rule_based_comparable
15,comp_365d_median_distance,comp_365d_median_distance,679053.072265625,370.0,rule_based_comparable
15,comp_365d_median_days_diff,comp_365d_median_days_diff,546260.3549041748,378.0,rule_based_comparable
15,comp_365d_median_area_diff_pct,comp_365d_median_area_diff_pct,534872.0750579834,362.0,rule_based_comparable
15,comp_365d_median_age_diff,comp_365d_median_age_diff,804475.8047180176,463.0,rule_based_comparable
15,comp_730d_count,comp_730d_count,0.0,0.0,rule_based_comparable
15,comp_730d_median_price,comp_730d_median_price,771687.3059387207,306.0,rule_based_comparable
15,comp_730d_mean_price,comp_730d_mean_price,17900417.13925171,332.0,rule_based_comparable
15,comp_730d_weighted_mean_price,comp_730d_weighted_mean_price,172475783.18197632,546.0,rule_based_comparable
15,comp_730d_std_price,comp_730d_std_price,1219947.0252990723,600.0,rule_based_comparable
15,comp_730d_nearest_price,comp_730d_nearest_price,2230094.883453369,513.0,rule_based_comparable
15,comp_730d_nearest_distance,comp_730d_nearest_distance,640497.3735351562,369.0,rule_based_comparable
15,comp_730d_median_distance,comp_730d_median_distance,660405.9535522461,350.0,rule_based_comparable
15,comp_730d_median_days_diff,comp_730d_median_days_diff,649497.7530822754,422.0,rule_based_comparable
15,comp_730d_median_area_diff_pct,comp_730d_median_area_diff_pct,561120.9612426758,371.0,rule_based_comparable
15,comp_730d_median_age_diff,comp_730d_median_age_diff,1144999.7586364746,558.0,rule_based_comparable
15,emb_730d_count,emb_730d_count,0.0,0.0,embedding_comparable
15,emb_730d_median_price,emb_730d_median_price,835073.4567565918,291.0,embedding_comparable
15,emb_730d_mean_price,emb_730d_mean_price,2716902.078979492,300.0,embedding_comparable
15,emb_730d_weighted_mean_price,emb_730d_weighted_mean_price,3931859.370819092,165.0,embedding_comparable
15,emb_730d_std_price,emb_730d_std_price,1096115.850769043,569.0,embedding_comparable
15,emb_730d_nearest_price,emb_730d_nearest_price,1666064.9580078125,517.0,embedding_comparable
15,emb_730d_max_similarity,emb_730d_max_similarity,617363.8630371094,350.0,embedding_comparable
15,emb_730d_mean_similarity,emb_730d_mean_similarity,364177.19216918945,214.0,embedding_comparable
15,emb_730d_median_similarity,emb_730d_median_similarity,449965.90463256836,273.0,embedding_comparable
15,emb_730d_median_days_diff,emb_730d_median_days_diff,661390.5428466797,448.0,embedding_comparable
15,emb_730d_median_area_diff_pct,emb_730d_median_area_diff_pct,718737.5816955566,410.0,embedding_comparable
15,emb_730d_median_age_diff,emb_730d_median_age_diff,1038126.314743042,489.0,embedding_comparable
15,emb_1095d_count,emb_1095d_count,0.0,0.0,embedding_comparable
15,emb_1095d_median_price,emb_1095d_median_price,4311943.005279541,376.0,embedding_comparable
15,emb_1095d_mean_price,emb_1095d_mean_price,6561292.17074585,377.0,embedding_comparable
15,emb_1095d_weighted_mean_price,emb_1095d_weighted_mean_price,3956203.462463379,166.0,embedding_comparable
15,emb_1095d_std_price,emb_1095d_std_price,865537.8282165527,488.0,embedding_comparable
15,emb_1095d_nearest_price,emb_1095d_nearest_price,4191072.1956481934,580.0,embedding_comparable
15,emb_1095d_max_similarity,emb_1095d_max_similarity,666271.2412719727,376.0,embedding_comparable
15,emb_1095d_mean_similarity,emb_1095d_mean_similarity,349307.42823791504,230.0,embedding_comparable
15,emb_1095d_median_similarity,emb_1095d_median_similarity,362574.8172149658,227.0,embedding_comparable
15,emb_1095d_median_days_diff,emb_1095d_median_days_diff,756856.5483703613,458.0,embedding_comparable
15,emb_1095d_median_area_diff_pct,emb_1095d_median_area_diff_pct,776355.4138336182,468.0,embedding_comparable
15,emb_1095d_median_age_diff,emb_1095d_median_age_diff,1036719.4718322754,557.0,embedding_comparable
15,district_中山區,district,118577.69528198242,44.0,location_time
15,district_中正區,district,109113.2720336914,41.0,location_time
15,district_信義區,district,87593.97778320312,51.0,location_time
15,district_內湖區,district,17635.07110595703,12.0,location_time
15,district_北投區,district,35496.785095214844,22.0,location_time
15,district_南港區,district,41737.53503417969,24.0,location_time
15,district_士林區,district,106328.88458251953,55.0,location_time
15,district_大同區,district,21320.08233642578,14.0,location_time
15,district_大安區,district,13318.13037109375,3.0,location_time
15,district_文山區,district,0.0,0.0,location_time
15,district_松山區,district,89183.8031616211,38.0,location_time
15,district_萬華區,district,17142.194915771484,13.0,location_time
15,trade_month_1.0,trade_month,21377.150024414062,19.0,location_time
15,trade_month_2.0,trade_month,4880.7100830078125,3.0,location_time
15,trade_month_3.0,trade_month,17718.078033447266,22.0,location_time
15,trade_month_4.0,trade_month,15085.535949707031,10.0,location_time
15,trade_month_5.0,trade_month,28179.483154296875,11.0,location_time
15,trade_month_6.0,trade_month,23686.087036132812,19.0,location_time
15,trade_month_7.0,trade_month,10751.284912109375,10.0,location_time
15,trade_month_8.0,trade_month,21074.23193359375,11.0,location_time
15,trade_month_9.0,trade_month,7767.014953613281,7.0,location_time
15,trade_month_10.0,trade_month,16276.482116699219,13.0,location_time
15,trade_month_11.0,trade_month,16705.7939453125,14.0,location_time
15,trade_month_12.0,trade_month,15521.60986328125,12.0,location_time
15,trade_quarter_1.0,trade_quarter,37604.45965576172,24.0,location_time
15,trade_quarter_2.0,trade_quarter,26729.937927246094,19.0,location_time
15,trade_quarter_3.0,trade_quarter,30323.341857910156,17.0,location_time
15,trade_quarter_4.0,trade_quarter,12135.419860839844,10.0,location_time
15,trade_yq_2022Q3,trade_yq,893.676025390625,1.0,location_time
15,trade_yq_2022Q4,trade_yq,2640.1190795898438,3.0,location_time
15,trade_yq_2023Q1,trade_yq,5412.034973144531,5.0,location_time
15,trade_yq_2023Q2,trade_yq,2529.5599365234375,2.0,location_time
15,trade_yq_2023Q3,trade_yq,16150.137084960938,10.0,location_time
15,trade_yq_2023Q4,trade_yq,5957.6341552734375,4.0,location_time
15,trade_yq_2024Q1,trade_yq,21253.81817626953,8.0,location_time
15,trade_yq_2024Q2,trade_yq,69347.31858825684,42.0,location_time
15,trade_yq_2024Q3,trade_yq,106206.99711608887,51.0,location_time
15,trade_yq_2024Q4,trade_yq,13278.78092956543,15.0,location_time
15,trade_yq_2025Q1,trade_yq,6128.204040527344,5.0,location_time
15,trade_yq_2025Q2,trade_yq,46745.732818603516,33.0,location_time
15,building_type_住宅大樓(11層含以上有電梯),building_type,10021.760131835938,4.0,location_time
15,building_type_公寓(5樓含以下無電梯),building_type,71670.234375,11.0,location_time
15,building_type_華廈(10層含以下有電梯),building_type,64859.7926940918,65.0,location_time
15,material_加強磚,material,0.0,0.0,location_time
15,material_加強磚造,material,27508.033203125,12.0,location_time
15,material_壁式預鑄鋼筋混凝土造,material,0.0,0.0,location_time
15,material_磚石造,material,0.0,0.0,location_time
15,material_磚造,material,0.0,0.0,location_time
15,material_見使用執照,material,25509.94386291504,26.0,location_time
15,material_鋼構造,material,0.0,0.0,location_time
15,material_鋼筋混凝土加強磚造,material,0.0,0.0,location_time
15,material_鋼筋混凝土造,material,591520.7114257812,83.0,location_time
15,material_鋼筋混凝土造，鋼骨鋼筋混凝土造,material,0.0,0.0,location_time
15,material_鋼骨混凝土造,material,0.0,0.0,location_time
15,material_鋼骨造,material,72579.28182983398,23.0,location_time
15,material_鋼骨鋼筋混凝土造,material,51676.81799316406,16.0,location_time
15,material_鋼骨鋼筋混凝土造；鋼骨造,material,0.0,0.0,location_time
15,material_鋼骨ＲＣ造,material,0.0,0.0,location_time
15,material_預力混凝土造,material,0.0,0.0,location_time
15,material_ＲＣ造,material,0.0,0.0,location_time
