current_id,current_trade_date,current_district,current_building_type,current_unit_price_ping,current_building_area_ping,current_building_age,candidate_rank,candidate_id,candidate_trade_date,candidate_unit_price_ping,candidate_building_area_ping,candidate_building_age,candidate_distance,candidate_days_diff,candidate_area_diff_pct,candidate_age_diff
RPOSMLQJQHOFFDA68CA,2019-05-26,南港區,公寓(5樓含以下無電梯),45.67338671700001,30.65232614946223,,1,RPOPMLMJNHOFFDA77DA,2019-04-03,31.892891366,30.727951152298164,,0.154904611137623,53.0,0.0024671864206058445,
RPOSMLQJQHOFFDA68CA,2019-05-26,南港區,公寓(5樓含以下無電梯),45.67338671700001,30.65232614946223,,2,RPSNMLQLOHOFFDA58CA,2019-05-18,49.3960312055,29.35460110079754,43.84394250513347,0.15920148328599487,8.0,0.04233691897759791,
RPOSMLQJQHOFFDA68CA,2019-05-26,南港區,公寓(5樓含以下無電梯),45.67338671700001,30.65232614946223,,3,RPPNMLOJQHOFFDA08CA,2019-05-22,41.093552178,32.24347620913036,32.77481177275838,0.16536014162325996,4.0,0.051909602289548995,
RPQPMLTKNHGGFDA08DA,2021-04-12,南港區,公寓(5樓含以下無電梯),55.842973112500005,16.295675611087834,43.43600273785079,1,RPVOMLLKOHGGFDA87EA,2021-03-29,66.9140470775,17.036800638880024,43.14579055441479,0.025040244415759846,14.0,0.04547985891962141,0.2902121834360045
RPQPMLTKNHGGFDA08DA,2021-04-12,南港區,公寓(5樓含以下無電梯),55.842973112500005,16.295675611087834,43.43600273785079,2,RPXQMLNLMHGGFDA38EA,2021-03-12,66.73289005950001,17.5026506563494,44.70088980150582,0.0742342562723223,31.0,0.07406719881195477,1.2648870636550242
RPQPMLTKNHGGFDA08DA,2021-04-12,南港區,公寓(5樓含以下無電梯),55.842973112500005,16.295675611087834,43.43600273785079,3,RPXNMLNLMHGGFDA08EA,2021-03-21,60.3547084805,18.22562568346096,43.83299110198495,0.10549137918510218,22.0,0.11843326526823837,0.3969883641341596
RPOPMLSJMHGGFDA57DA,2021-03-31,南港區,公寓(5樓含以下無電梯),63.760658766000006,23.525425882203468,,1,RPSOMLSJOHGGFDA18EA,2021-03-19,62.130906761000006,24.14252590534472,39.27720739219713,0.1507562605575626,12.0,0.026231194548026256,
RPOPMLSJMHGGFDA57DA,2021-03-31,南港區,公寓(5樓含以下無電梯),63.760658766000006,23.525425882203468,,2,RPQNNLTKMHGGFDA87DA,2021-02-27,42.2039653595,24.52367591963784,,0.15738573172385723,32.0,0.0424328147100422,
RPOPMLSJMHGGFDA57DA,2021-03-31,南港區,公寓(5樓含以下無電梯),63.760658766000006,23.525425882203468,,3,RPQOMLQJNHGGFDA57DA,2021-03-30,47.9745436555,25.55520095832004,35.657768651608485,0.16574596500745975,1.0,0.08628005657708655,
RPXOMLQKJIGGFDA18EA,2021-10-17,南港區,公寓(5樓含以下無電梯),67.14379913500001,26.063400977377533,46.4394250513347,1,RPTOMLSJKIGGFDA87DA,2021-09-18,70.76363371,25.86072596977722,48.681724845995895,0.054823590526453345,29.0,0.007776230269266472,2.242299794661193
RPXOMLQKJIGGFDA18EA,2021-10-17,南港區,公寓(5樓含以下無電梯),67.14379913500001,26.063400977377533,46.4394250513347,2,RPQOMLOKIIGGFDA17EA,2021-09-24,61.644956366,24.91692593438472,45.90828199863108,0.05565423029130963,23.0,0.043987929433611794,0.5311430527036194
RPXOMLQKJIGGFDA18EA,2021-10-17,南港區,公寓(5樓含以下無電梯),67.14379913500001,26.063400977377533,46.4394250513347,3,RPVOMLMKIIGGFDA37DA,2021-10-02,45.479006559,23.967075898765344,47.51540041067762,0.0667501690850345,15.0,0.08043175487465176,1.0759753593429195
RPPPMLRLPHGGFEA18DA,2021-06-23,士林區,華廈(10層含以下有電梯),62.013881972,24.671900925196283,43.38398357289528,1,RPSNMLLLOHGGFEA67EA,2021-06-07,76.896526042,26.00895097533566,36.25188227241616,0.06482383241039896,16.0,0.054193231976459116,7.132101300479121
RPPPMLRLPHGGFEA18DA,2021-06-23,士林區,華廈(10層含以下有電梯),62.013881972,24.671900925196283,43.38398357289528,2,RPRNMLKMOHGGFEA47DA,2021-06-05,46.9431387355,28.33215106245566,39.89596167008898,0.08065665785849642,18.0,0.14835703776360956,3.4880219028063024
RPPPMLRLPHGGFEA18DA,2021-06-23,士林區,華廈(10層含以下有電梯),62.013881972,24.671900925196283,43.38398357289528,3,RPSNMLTJQHGGFEA38DA,2021-06-18,66.7170222915,24.281675910562843,44.61327857631759,0.08442200290816748,5.0,0.015816576753310538,1.2292950034223082
RPTNMLSLMHHGFEA28DA,2022-03-10,士林區,華廈(10層含以下有電梯),66.77950162799999,50.91377690926663,44.81587953456537,1,RPVOMLNLKHHGFEA87DA,2022-01-21,50.94214685,47.701226788796,44.08761122518823,0.09488410356892568,48.0,0.0630978551482384,0.7282683093771354
RPTNMLSLMHHGFEA28DA,2022-03-10,士林區,華廈(10層含以下有電梯),66.77950162799999,50.91377690926663,44.81587953456537,2,RPUNMLNJNHHGFEA77DA,2022-02-25,79.09487306700001,47.53787678267038,36.69267624914442,0.09951790990225383,13.0,0.06630622066425039,8.12320328542095
RPTNMLSLMHHGFEA28DA,2022-03-10,士林區,華廈(10層含以下有電梯),66.77950162799999,50.91377690926663,44.81587953456537,3,RPVNMLRJJHHGFEA87DA,2021-12-09,58.7765267215,51.040826914031,44.27104722792608,0.09988913505086794,91.0,0.002495395401342674,0.544832306639286
RPQQMLTKJINFFEA48CA,2018-10-11,士林區,公寓(5樓含以下無電梯),35.039337529,36.38772636453974,37.379876796714576,1,RPVOMLQLJINFFEA58CA,2018-10-06,47.712394905,36.67812637542973,38.1492128678987,0.029379656030004937,5.0,0.00798071327624876,0.7693360711841208
RPQQMLTKJINFFEA48CA,2018-10-11,士林區,公寓(5樓含以下無電梯),35.039337529,36.38772636453974,37.379876796714576,2,RPWNMLTKJINFFEA78CA,2018-09-24,53.71239468,34.44265129159942,36.95824777549623,0.05013216696194925,17.0,0.05345415246487667,0.4216290212183438
RPQQMLTKJINFFEA48CA,2018-10-11,士林區,公寓(5樓含以下無電梯),35.039337529,36.38772636453974,37.379876796714576,3,RPWOMLKKKINFFEA18DA,2018-09-28,48.2489238105,34.19762628241098,40.52292950034223,0.06390430894147028,13.0,0.060187879291711835,3.143052703627653
RPVOMLPJLHOFFEA48CA,2019-01-17,士林區,公寓(5樓含以下無電梯),29.694874919500005,29.466526104994728,37.88637919233402,1,RPPNMLLKLHOFFEA47CA,2018-12-25,42.9219818615,31.103051166364416,39.07460643394935,0.037982331944780554,23.0,0.05553844574479003,1.1882272416153299
RPVOMLPJLHOFFEA48CA,2019-01-17,士林區,公寓(5樓含以下無電梯),29.694874919500005,29.466526104994728,37.88637919233402,2,RPUNMLNLKHOFFEA18CA,2019-01-13,53.97189880250001,29.64500111168754,40.77754962354552,0.043767538531819895,4.0,0.006056873010984542,2.891170431211499
RPVOMLPJLHOFFEA48CA,2019-01-17,士林區,公寓(5樓含以下無電梯),29.694874919500005,29.466526104994728,37.88637919233402,3,RPPOMLSKKINFFEA18CA,2018-11-18,26.6833047845,30.730976152411603,38.56262833675565,0.05127694994082496,60.0,0.042911405399856245,0.6762491444216323
RPUOMLOLKHGGFEA87EA,2020-12-22,士林區,公寓(5樓含以下無電梯),79.984129232,14.377825539168455,49.93292265571527,1,RPWNMLMLKIPFFEA58DA,2020-12-08,33.838345838500004,16.401550615058145,51.12388774811773,0.10455634798035449,14.0,0.14075320849989478,1.1909650924024646
RPUOMLOLKHGGFEA87EA,2020-12-22,士林區,公寓(5樓含以下無電梯),79.984129232,14.377825539168455,49.93292265571527,2,RPROMLLJKIPFFEA97EA,2020-10-27,46.6178494915,17.16082564353096,51.00889801505818,0.11214482794028455,56.0,0.19356196086682098,1.0759753593429124
RPUOMLOLKHGGFEA87EA,2020-12-22,士林區,公寓(5樓含以下無電梯),79.984129232,14.377825539168455,49.93292265571527,3,RPVNMLNJRHPFFEA09EA,2020-08-23,44.297519,16.93092563490971,50.362765229295,0.1389341369773532,121.0,0.1775720597517358,0.42984257357973377
RPQOMLSLKIPFFEA78EA,2020-11-30,士林區,公寓(5樓含以下無電梯),45.4522297005,28.6013760725516,39.75906913073238,1,RPTQMLOLKIPFFEA78DA,2020-11-14,45.217188387,30.87315115774317,41.28405201916495,0.04419214349398013,16.0,0.07942887361184578,1.5249828884325751
RPQOMLSLKIPFFEA78EA,2020-11-30,士林區,公寓(5樓含以下無電梯),45.4522297005,28.6013760725516,39.75906913073238,2,RPQNMLLLJHGGFEA96EA,2020-11-26,40.8995025985,30.440576141521603,44.15605749486653,0.046683332901710756,4.0,0.0643046007403491,4.3969883641341525
RPQOMLSLKIPFFEA78EA,2020-11-30,士林區,公寓(5樓含以下無電梯),45.4522297005,28.6013760725516,39.75906913073238,3,RPQOMLKMKIPFFEA08EA,2020-11-26,38.3851225275,25.79115096716816,37.596167008898014,0.04739550348820222,4.0,0.09825489159175028,2.162902121834364
RPRNMLPLLHHGFEA67DA,2022-01-25,士林區,公寓(5樓含以下無電梯),62.001981146,30.289326135849727,41.49486652977413,1,RPVOMLQLJHHGFEA18EA,2022-01-15,45.718675971500005,30.622076148327857,37.18822724161533,0.030857649993641094,10.0,0.010985718565864512,4.306639288158799
RPRNMLPLLHHGFEA67DA,2022-01-25,士林區,公寓(5樓含以下無電梯),62.001981146,30.289326135849727,41.49486652977413,2,RPQOMLTJKHHGFEA77DA,2022-01-23,41.210576967,31.302701173851293,40.98288843258042,0.03536555818645111,2.0,0.03345650654149614,0.5119780971937118
RPRNMLPLLHHGFEA67DA,2022-01-25,士林區,公寓(5樓含以下無電梯),62.001981146,30.289326135849727,41.49486652977413,3,RPOPMLPLJHHGFEA37DA,2022-01-01,52.89256,28.73750107765629,42.49144421629021,0.03606526216864131,24.0,0.051233396584440136,0.9965776865160834
RPRPMLQLKIHGFEA97DA,2022-12-04,士林區,公寓(5樓含以下無電梯),40.798676156,18.38292568935972,50.18754277891855,1,RPWPMLSJKIHGFEA48DA,2022-11-27,43.817519018000006,20.53975077024065,50.68309377138946,0.08071137480151136,7.0,0.11732762876419234,0.4955509924709105
RPRPMLQLKIHGFEA97DA,2022-12-04,士林區,公寓(5樓含以下無電梯),40.798676156,18.38292568935972,50.18754277891855,2,RPUNMLSLJIHGFEA18DA,2022-09-01,53.51768394350001,18.685425700703465,49.08145106091718,0.09613006200523432,94.0,0.01645548790521613,1.106091718001366
RPRPMLQLKIHGFEA97DA,2022-12-04,士林區,公寓(5樓含以下無電梯),40.798676156,18.38292568935972,50.18754277891855,3,RPUNMLKMJIHGFEA47DA,2022-11-26,79.1348730655,22.366850838756903,50.26146475017112,0.10560474299919323,8.0,0.21671877571169926,0.07392197125257383
RPTNMLMKPHIGFEA97DA,2023-07-11,士林區,公寓(5樓含以下無電梯),55.42875825200001,21.07215079020565,47.94250513347023,1,RPPNMLMKPHIGFEA57DA,2023-06-25,46.607601558,20.812000780450028,47.21697467488022,0.016715763234942227,16.0,0.012345679012345583,0.7255304585900078
RPTNMLMKPHIGFEA97DA,2023-07-11,士林區,公寓(5樓含以下無電梯),55.42875825200001,21.07215079020565,47.94250513347023,2,RPUNMLRKOHIGFEA48DA,2023-05-13,47.455865989,21.07215079020565,47.09924709103354,0.03654505733547111,59.0,0.0,0.8432580424366876
RPTNMLMKPHIGFEA97DA,2023-07-11,士林區,公寓(5樓含以下無電梯),55.42875825200001,21.07215079020565,47.94250513347023,3,RPRNMLRKIIIGFEA67DA,2023-05-11,40.8419819395,20.812000780450028,47.09377138945928,0.06698931390862228,61.0,0.012345679012345583,0.8487337440109499
RPPOMLLLOHIGFEA67EA,2023-05-31,士林區,公寓(5樓含以下無電梯),67.690575974,40.50777651904161,47.83299110198495,1,RPSOMLSJNHIGFEA28DA,2023-04-25,95.75900467350002,40.41400151552505,46.18480492813142,0.05377720395392992,36.0,0.0023149876782913767,1.6481861738535315
RPPOMLLLOHIGFEA67EA,2023-05-31,士林區,公寓(5樓含以下無電梯),67.690575974,40.50777651904161,47.83299110198495,2,RPQNMLKMOHIGFEA57DA,2023-05-29,38.0433043585,41.40015155250568,52.02190280629706,0.054750851441667414,2.0,0.022029721454708547,4.188911704312105
RPPOMLLLOHIGFEA67EA,2023-05-31,士林區,公寓(5樓含以下無電梯),67.690575974,40.50777651904161,47.83299110198495,3,RPTNMLOJNHIGFEA97EA,2023-04-11,94.991731975,40.41400151552505,46.14647501711157,0.0616400863857415,50.0,0.0023149876782913767,1.6865160848733822
RPUNMLTLNHIGFEA68DA,2023-04-01,士林區,公寓(5樓含以下無電梯),69.2082618675,29.62080111078004,45.24845995893224,1,RPRNMLOLMHIGFEA77DA,2023-03-28,48.245287447,30.676526150369728,46.18480492813142,0.019347974622162086,4.0,0.03564133986928104,0.9363449691991832
RPUNMLTLNHIGFEA68DA,2023-04-01,士林區,公寓(5樓含以下無電梯),69.2082618675,29.62080111078004,45.24845995893224,2,RPQNMLPLMHIGFEA77DA,2023-03-31,80.49553417150001,31.05767616466285,48.219028062970565,0.03237893115050766,1.0,0.04850898692810448,2.9705681040383283
RPUNMLTLNHIGFEA68DA,2023-04-01,士林區,公寓(5樓含以下無電梯),69.2082618675,29.62080111078004,45.24845995893224,3,RPQNMLOLLHIGFEA57DA,2023-03-18,43.545783491,29.85372611951473,50.35455167693361,0.0442872715320787,14.0,0.007863562091503316,5.106091718001373
RPTNMLRJPHJGFEA48DA,2024-05-31,士林區,公寓(5樓含以下無電梯),84.446938982,24.27562591033597,50.58726899383984,1,RPPOMLRKLHKGFEA97DA,2024-04-07,62.04231172300001,23.37115087641816,49.74127310061601,0.04685951900437714,54.0,0.03725856697819308,0.8459958932238294
RPTNMLRJPHJGFEA48DA,2024-05-31,士林區,公寓(5樓含以下無電梯),84.446938982,24.27562591033597,50.58726899383984,2,RPQOMLSLNHJGFEA38DA,2024-04-19,87.83173224350001,23.5677758837916,45.92470910335387,0.05653210555920228,42.0,0.02915887850467268,4.662559890485973
RPTNMLRJPHJGFEA48DA,2024-05-31,士林區,公寓(5樓含以下無電梯),84.446938982,24.27562591033597,50.58726899383984,3,RPVNMLLLNHJGFEA18EA,2024-04-26,52.9861137155,22.194425832290968,52.35044490075291,0.058000192255941205,35.0,0.08573208722741438,1.7631759069130695
RPSNMLQLLHJGFEA18EA,2024-02-25,士林區,公寓(5樓含以下無電梯),61.53884066750001,31.199851169994417,43.30732375085558,1,RPUNMLNKLHJGFEA87DA,2024-02-23,41.9976843755,30.35890113845879,40.17522245037645,0.02619017624242184,2.0,0.026953655225906557,3.1321013004791283
RPSNMLQLLHJGFEA18EA,2024-02-25,士林區,公寓(5樓含以下無電梯),61.53884066750001,31.199851169994417,43.30732375085558,2,RPXNMLSKLHJGFEA68DA,2024-02-18,60.1894192305,32.397751214915665,44.23545516769336,0.04191431889776316,7.0,0.03839441535776602,0.928131416837779
RPSNMLQLLHJGFEA18EA,2024-02-25,士林區,公寓(5樓含以下無電梯),61.53884066750001,31.199851169994417,43.30732375085558,3,RPSOMLTLKHJGFEA38DA,2024-02-19,65.571567789,30.50107614379036,40.19438740588638,0.04669121275993322,6.0,0.022396742292030047,3.1129363449691994
RPPNMLLMIIKGFEA27DA,2025-10-01,士林區,公寓(5樓含以下無電梯),55.775865677,18.64610069922877,51.80287474332649,1,RPPNMLNJRHKGFEA08EA,2025-08-01,44.419502466500006,18.685425700703465,51.99726214921287,0.05180141827122781,61.0,0.002109020116807613,0.19438740588638126
RPPNMLLMIIKGFEA27DA,2025-10-01,士林區,公寓(5樓含以下無電梯),55.775865677,18.64610069922877,51.80287474332649,2,RPQNMLOLJIKGFEA67DA,2025-09-10,50.451568356,20.812000780450028,50.11088295687885,0.060622226806683804,21.0,0.11615833874107742,1.6919917864476446
RPPNMLLMIIKGFEA27DA,2025-10-01,士林區,公寓(5樓含以下無電梯),55.775865677,18.64610069922877,51.80287474332649,3,RPSNMLNJJIKGFEA57DA,2025-08-18,49.6816510295,19.484025730650963,56.10951403148528,0.0613712085837718,44.0,0.04493835171966271,4.306639288158792
RPRNMLNJRHOFFAA97CA,2019-06-14,文山區,套房(1房1廳1衛),66.70115452350001,14.692425550965956,10.622861054072551,1,RPOOMLKKOHOFFAA27CA,2019-04-28,50.869419580000006,13.72140051455252,14.628336755646815,0.09807903252509252,47.0,0.06609017912291512,4.005475701574264
RPRNMLNJRHOFFAA97CA,2019-06-14,文山區,套房(1房1廳1衛),66.70115452350001,14.692425550965956,10.622861054072551,2,RPQOMLKMPHOFFAA77CA,2019-06-01,52.9874360295,16.041575601559085,21.908281998631075,0.10402290629149313,13.0,0.09182623018324088,11.285420944558524
RPRNMLNJRHOFFAA97CA,2019-06-14,文山區,套房(1房1廳1衛),66.70115452350001,14.692425550965956,10.622861054072551,3,RPVOMLSJMHOFFAA48CA,2019-03-04,47.50379987150001,13.85147551943033,10.819986310746064,0.10857564605429554,102.0,0.05723697755816341,0.19712525667351244
RPVOMLPJRHOFFAA68CA,2019-06-19,文山區,套房(1房1廳1衛),43.674709106,13.921050522039394,35.893223819301845,1,RPPNMLLKPHOFFAA47CA,2019-06-16,37.893552298,14.144900530433768,35.748117727583846,0.010378306287358344,3.0,0.016079965232507494,0.1451060917179987
RPVOMLPJRHOFFAA68CA,2019-06-19,文山區,套房(1房1廳1衛),43.674709106,13.921050522039394,35.893223819301845,2,RPRNMLLLLHOFFAA37CA,2019-02-26,41.663469512000006,13.921050522039394,35.58384668035592,0.06346469391390772,113.0,0.0,0.30937713894592633
RPVOMLPJRHOFFAA68CA,2019-06-19,文山區,套房(1房1廳1衛),43.674709106,13.921050522039394,35.893223819301845,3,RPPNMLSJPHOFFAA08CA,2019-05-22,48.2476014965,15.23390057127127,23.82751540041068,0.12296411022572862,28.0,0.09430682312038241,12.065708418891166
RPROMLSJJHGGFEA67EA,2020-12-06,北投區,華廈(10層含以下有電梯),55.531568165500005,18.00782567529346,24.744695414099933,1,RPQNMLRJKIPFFEA38EA,2020-10-24,58.4961961535,17.402825652605962,24.62696783025325,0.06924239217536608,43.0,0.03359650596337968,0.11772758384668336
RPROMLSJJHGGFEA67EA,2020-12-06,北投區,華廈(10層含以下有電梯),55.531568165500005,18.00782567529346,24.744695414099933,2,RPXNMLRJJHGGFEA97DA,2020-12-04,78.66908795900001,17.796075667352834,8.709103353867214,0.08538942269263655,2.0,0.011758777087182988,16.03559206023272
RPROMLSJJHGGFEA67EA,2020-12-06,北投區,華廈(10層含以下有電梯),55.531568165500005,18.00782567529346,24.744695414099933,3,RPROMLKKJIPFFEA77DA,2020-10-24,48.02446100900001,17.699275663722837,25.308692676249144,0.1038071778893972,43.0,0.017134218041323618,0.5639972621492113
RPRNMLRJPHGGFEA08EA,2021-06-01,北投區,華廈(10層含以下有電梯),32.1325607785,15.56060058352252,43.40588637919233,1,RPUOMLTJRHGGFEA88EA,2021-05-10,45.6406594455,14.241700534063767,43.09924709103354,0.08075362082137304,22.0,0.0847589424572318,0.3066392881587916
RPRNMLRJPHGGFEA08EA,2021-06-01,北投區,華廈(10層含以下有電梯),32.1325607785,15.56060058352252,43.40588637919233,2,RPPPMLNJNHGGFEA37DA,2021-03-23,46.1133867005,15.288350573313146,42.9678302532512,0.0841700842045581,70.0,0.017496111975116576,0.43805612594113086
RPRNMLRJPHGGFEA08EA,2021-06-01,北投區,華廈(10層含以下有電梯),32.1325607785,15.56060058352252,43.40588637919233,3,RPQNMLNLOHGGFEA67EA,2021-04-24,45.60859333100001,17.759775665991587,49.44010951403149,0.1004584300609531,38.0,0.14132970451010896,6.034223134839159
RPOOMLLJPHGGFEA27EA,2021-04-29,北投區,華廈(10層含以下有電梯),43.103469458,83.03927811397293,3.704312114989733,1,RPXQMLMLMHGGFEA28DA,2021-03-28,57.5923945345,80.3924030147151,4.514715947980835,0.050520285549331495,32.0,0.03187497723215924,0.8104038329911019
RPOOMLLJPHGGFEA27EA,2021-04-29,北投區,華廈(10層含以下有電梯),43.103469458,83.03927811397293,3.704312114989733,2,RPOOMLRLNHGGFEA87EA,2021-04-24,73.30809642450001,78.01475292555322,5.119780971937029,0.059883694074069176,5.0,0.06050781392299014,1.415468856947296
RPOOMLLJPHGGFEA27EA,2021-04-29,北投區,華廈(10層含以下有電梯),43.103469458,83.03927811397293,3.704312114989733,3,RPXNMLPKLHGGFEA08DA,2021-02-04,54.796031003,82.12270307960137,4.372347707049966,0.05989748912777948,84.0,0.011037849258679074,0.6680355920602326
RPRPMLTLRHGGFEA78DA,2021-03-06,北投區,華廈(10層含以下有電梯),38.815866313,35.7071013390163,35.27173169062286,1,RPWOMLPLLHGGFEA28EA,2021-02-27,29.8548749135,38.18457643192161,34.965092402464066,0.05822438241974169,7.0,0.06938325991189427,0.3066392881587916
RPRPMLTLRHGGFEA78DA,2021-03-06,北投區,華廈(10層含以下有電梯),38.815866313,35.7071013390163,35.27173169062286,2,RPUPMLOJNHGGFEA97DA,2021-01-26,45.15768425700001,39.86042649476599,39.43052703627652,0.08763652051200455,39.0,0.11631650288037948,4.158795345653665
RPRPMLTLRHGGFEA78DA,2021-03-06,北投區,華廈(10層含以下有電梯),38.815866313,35.7071013390163,35.27173169062286,3,RPSOMLOKKIPFFEA38DA,2020-11-23,36.6337176345,35.48627633073536,34.98973305954826,0.08858429839271006,103.0,0.006184344290071224,0.2819986310746003
RPPOMLMLMHHGFEA37DA,2022-02-27,北投區,華廈(10層含以下有電梯),71.3388403,23.970100898878783,27.28815879534565,1,RPXNMLLKLHHGFEA77DA,2022-02-24,40.388758816000006,21.29297579848659,27.419575633127995,0.044962454383845794,3.0,0.11168601716304902,0.1314168377823428
RPPOMLMLMHHGFEA37DA,2022-02-27,北投區,華廈(10層含以下有電梯),71.3388403,23.970100898878783,27.28815879534565,2,RPPPMLRLKIGGFEA87EA,2021-12-11,49.3127254235,24.63862592394847,29.429158110882955,0.09463477813259512,78.0,0.02788995456839976,2.1409993155373037
RPPOMLMLMHHGFEA37DA,2022-02-27,北投區,華廈(10層含以下有電梯),71.3388403,23.970100898878783,27.28815879534565,3,RPOQMLMLLHHGFEA47EA,2022-01-23,33.4297508125,23.930775897404093,40.06297056810404,0.10505491743114072,35.0,0.0016405855628471666,12.77481177275839
RPPNMLTJJHHGFEA47DA,2021-12-11,北投區,華廈(10層含以下有電梯),86.279666186,8.321775312066574,12.049281314168375,1,RPTNMLKMJIGGFEA27DA,2021-11-20,88.33057520000001,7.56250028359376,11.991786447638605,0.08658530874404599,21.0,0.09123954925481649,0.05749486652977076
RPPNMLTJJHHGFEA47DA,2021-12-11,北投區,華廈(10層含以下有電梯),86.279666186,8.321775312066574,12.049281314168375,2,RPUNMLQKQHGGFEA38DA,2021-08-06,54.650576463,8.600075322502825,13.456536618754278,0.08975872365298933,127.0,0.033442384587422797,1.4072553045859024
RPPNMLTJJHHGFEA47DA,2021-12-11,北投區,華廈(10層含以下有電梯),86.279666186,8.321775312066574,12.049281314168375,3,RPXNMLMJIIGGFEA47DA,2021-10-02,55.23437809400001,7.241850271569385,13.612594113620808,0.10016400428049667,70.0,0.1297709923664122,1.563312799452433
RPWQMLLJQHIGFEA48DA,2023-07-09,北投區,華廈(10層含以下有電梯),43.412560355500005,65.30370244888884,16.7419575633128,1,RPUNMLLJQHIGFEA97DA,2023-06-06,66.603633866,66.81317750549415,14.951403148528405,0.046553677955170035,33.0,0.023114693348156325,1.7905544147843937
RPWQMLLJQHIGFEA48DA,2023-07-09,北投區,華廈(10層含以下有電梯),43.412560355500005,65.30370244888884,16.7419575633128,2,RPRPMLQLOHIGFEA38DA,2023-05-16,52.656526951,64.37805241417696,20.739219712525667,0.08025072705040391,54.0,0.014174541411895536,3.997262149212869
RPWQMLLJQHIGFEA48DA,2023-07-09,北投區,華廈(10層含以下有電梯),43.412560355500005,65.30370244888884,16.7419575633128,3,RPSOMLQKNHIGFEA18DA,2023-04-03,72.45288984500002,64.31755241190821,9.44832306639288,0.0974042011255747,97.0,0.015100982027052155,7.293634496919918
RPTNMLRKNHIGFEA28DA,2023-04-08,北投區,華廈(10層含以下有電梯),44.24760164650001,59.43822722893352,6.811772758384668,1,RPSOMLQKNHIGFEA18DA,2023-04-03,72.45288984500002,64.31755241190821,9.44832306639288,0.09465421964082625,5.0,0.08209069163825122,2.6365503080082124
RPTNMLRKNHIGFEA28DA,2023-04-08,北投區,華廈(10層含以下有電梯),44.24760164650001,59.43822722893352,6.811772758384668,2,RPTNMLLKMHIGFEA57DA,2023-03-25,48.737849412,55.357502075906325,10.050650239561945,0.097894832965178,14.0,0.06865489337879795,3.2388774811772763
RPTNMLRKNHIGFEA28DA,2023-04-08,北投區,華廈(10層含以下有電梯),44.24760164650001,59.43822722893352,6.811772758384668,3,RPRNMLPLMHIGFEA87DA,2023-03-12,52.930907106,54.35320203824507,4.413415468856948,0.10672930663933161,27.0,0.08555142755356512,2.3983572895277208
RPSOMLKLLHIGFEA47DA,2023-03-05,北投區,華廈(10層含以下有電梯),61.547105130000006,42.24412658415475,44.89801505817933,1,RPWNMLLLKHIGFEA77DA,2023-02-02,31.889585581,41.17327654399787,41.20191649555099,0.04791040320556113,31.0,0.025349087003222352,3.696098562628343
RPSOMLKLLHIGFEA47DA,2023-03-05,北投區,華廈(10層含以下有電梯),61.547105130000006,42.24412658415475,44.89801505817933,2,RPTOMLMLLHIGFEA77DA,2023-02-22,37.182147366,45.317526699407246,40.99110198494182,0.051025621774331134,11.0,0.07275331185105603,3.9069130732375115
RPSOMLKLLHIGFEA47DA,2023-03-05,北投區,華廈(10層含以下有電梯),61.547105130000006,42.24412658415475,44.89801505817933,3,RPQOMLKLKHIGFEA17DA,2023-01-03,38.6112382215,41.956751573378185,41.28405201916495,0.0753039965388423,61.0,0.006802721088435411,3.6139630390143793
RPRPMLKMKIJGFEA67DA,2024-11-10,北投區,華廈(10層含以下有電梯),90.5841288345,69.46610260497884,8.331279945242985,1,RPRNMLTJIIJGFEA87DA,2024-09-15,63.014212513,74.03687777638291,13.040383299110198,0.11725997274927369,56.0,0.06579864135168084,4.709103353867214
RPRPMLKMKIJGFEA67DA,2024-11-10,北投區,華廈(10層含以下有電梯),90.5841288345,69.46610260497884,8.331279945242985,2,RPVNMLMLJHKGFEA87DA,2024-10-25,87.2089223495,56.34970211311383,5.73305954825462,0.13228871744393433,16.0,0.1888172792196481,2.5982203969883644
RPRPMLKMKIJGFEA67DA,2024-11-10,北投區,華廈(10層含以下有電梯),90.5841288345,69.46610260497884,8.331279945242985,3,RPVOMLQKPHJGFEA78DA,2024-06-10,58.77553498600001,67.51497753181165,16.930869267624914,0.14916416747458217,153.0,0.028087441212332354,8.599589322381929
RPRNMLLMQHPFFAA28EA,2020-08-11,文山區,公寓(5樓含以下無電梯),55.6413202275,28.75565107833692,,1,RPTNMLKKRHPFFAA18DA,2020-08-10,51.3980146015,28.7949760798116,45.19096509240247,0.1510265902717533,1.0,0.001367557332210964,
RPRNMLLMQHPFFAA28EA,2020-08-11,文山區,公寓(5樓含以下無電梯),55.6413202275,28.75565107833692,,2,RPROMLSJRHPFFAA88EA,2020-07-30,54.856857447,30.62510114844129,,0.15432939253939099,12.0,0.0650115716389645,
RPRNMLLMQHPFFAA28EA,2020-08-11,文山區,公寓(5樓含以下無電梯),55.6413202275,28.75565107833692,,3,RPOQMLLKRHPFFAA08DA,2020-07-26,60.71239441750001,26.353800988267537,43.78097193702944,0.163001291181633,16.0,0.08352619398274794,
RPTOMLLLIIGGFAA86DA,2021-09-26,文山區,公寓(5樓含以下無電梯),34.217519378000006,52.60777697279163,32.02737850787132,1,RPVOMLOJIIGGFAA17DA,2021-09-15,34.724626797000006,66.23842748394102,31.99726214921287,0.13686281603821343,11.0,0.25909953424184917,0.030116358658450082
RPTOMLLLIIGGFAA86DA,2021-09-26,文山區,公寓(5樓含以下無電梯),34.217519378000006,52.60777697279163,32.02737850787132,2,RPPNMLRJRHGGFAA57DA,2021-09-02,50.785452641000006,57.10292714135976,33.02395619438741,0.16803984672387107,24.0,0.08544649531366785,0.9965776865160905
RPTOMLLLIIGGFAA86DA,2021-09-26,文山區,公寓(5樓含以下無電梯),34.217519378000006,52.60777697279163,32.02737850787132,3,RPQPMLQJRHGGFAA77DA,2021-08-14,53.67999798700001,58.1223521795882,31.49623545516769,0.18290587614818293,43.0,0.10482433442585234,0.53114305270363
RPTNMLQLKIHGFAA57DA,2022-10-12,文山區,公寓(5樓含以下無電梯),64.0604934655,23.25922587222097,48.681724845995895,1,RPVNMLSJQHHGFAA28DA,2022-06-19,83.92330263800001,25.02280093835504,46.08898015058179,0.11751533340906739,115.0,0.07582260371959965,2.5927446954141047
RPTNMLQLKIHGFAA57DA,2022-10-12,文山區,公寓(5樓含以下無電梯),64.0604934655,23.25922587222097,48.681724845995895,2,RPXOMLOLQHHGFAA38DA,2022-08-07,38.711734085500005,23.89447589604284,39.488021902806295,0.11835867536173794,66.0,0.027311744049941293,9.1937029431896
RPTNMLQLKIHGFAA57DA,2022-10-12,文山區,公寓(5樓含以下無電梯),64.0604934655,23.25922587222097,48.681724845995895,3,RPUNMLLJQHHGFAA47DA,2022-07-10,53.903469053,24.7293759273516,42.40657084188912,0.125005132016055,94.0,0.06320717908700758,6.275154004106774
RPPOMLTLQHIGFAA18DA,2023-07-29,文山區,公寓(5樓含以下無電梯),71.2042948505,42.13220157995756,43.950718685831625,1,RPTNMLSLOHIGFAA18DA,2023-06-10,58.13487385300001,39.21912647071724,41.67282683093772,0.06243822867955083,49.0,0.06914129810453763,2.277891854893902
RPPOMLTLQHIGFAA18DA,2023-07-29,文山區,公寓(5樓含以下無電梯),71.2042948505,42.13220157995756,43.950718685831625,2,RPPOMLPKQHIGFAA67DA,2023-07-13,37.308428353,38.865201457445046,43.98904859685147,0.07609834779969184,16.0,0.0775416427340611,0.03832991101984362
RPPOMLTLQHIGFAA18DA,2023-07-29,文山區,公寓(5樓含以下無電梯),71.2042948505,42.13220157995756,43.950718685831625,3,RPWNMLNJPHIGFAA87DA,2023-06-15,42.4657835315,40.87985153299443,41.4757015742642,0.08688817833241955,44.0,0.029724296381390087,2.475017111567425
RPSNMLRLKIIGFAA67DA,2023-12-12,文山區,公寓(5樓含以下無電梯),46.87735361400001,31.99845119994192,41.2621492128679,1,RPPOMLLLKIIGFAA86DA,2023-12-09,50.423138605000005,30.06547612745535,42.51060917180013,0.029029073584667307,3.0,0.06040839478162229,1.24845995893223
RPSNMLRLKIIGFAA67DA,2023-12-12,文山區,公寓(5樓含以下無電梯),46.87735361400001,31.99845119994192,41.2621492128679,2,RPWNMLRJKIIGFAA87DA,2023-11-17,36.240659798,31.73225118995942,40.16974674880219,0.04207234599295483,25.0,0.008319152958971374,1.0924024640657066
RPSNMLRLKIIGFAA67DA,2023-12-12,文山區,公寓(5樓含以下無電梯),46.87735361400001,31.99845119994192,41.2621492128679,3,RPOOMLNLJIIGFAA86DA,2023-10-22,52.3262790295,32.488501218318795,38.79534565366188,0.045639404784273974,51.0,0.015314804310833848,2.4668035592060136
RPUOMLPJPHJGFAA08DA,2024-06-09,文山區,公寓(5樓含以下無電梯),50.6879319835,32.05895120221067,,1,RPVNMLSJPHJGFAA38DA,2024-05-24,45.314709044500006,31.99845119994192,41.711156741957566,0.1344276252691772,16.0,0.0018871485185885165,
RPUOMLPJPHJGFAA08DA,2024-06-09,文山區,公寓(5樓含以下無電梯),50.6879319835,32.05895120221067,,2,RPQNMLSKOHJGFAA87DA,2024-05-17,45.4522297005,31.90165119631192,41.82067077344285,0.13932004487794286,23.0,0.004906586148329899,
RPUOMLPJPHJGFAA08DA,2024-06-09,文山區,公寓(5樓含以下無電梯),50.6879319835,32.05895120221067,,3,RPWNMLTKOHJGFAA58DA,2024-06-06,64.33355130650001,31.087926165797228,49.23203285420944,0.14724489241960884,3.0,0.03028873372334418,
RPXUMLLLJHPFFCA78CA,2020-01-02,中山區,套房(1房1廳1衛),56.119006160000005,19.06657571499659,16.944558521560573,1,RPSQMLLMKIOFFCA08CA,2019-11-30,62.873386072,19.2450507216894,12.02737850787132,0.05033991391899597,33.0,0.009360621926066832,4.9171800136892525
RPXUMLLLJHPFFCA78CA,2020-01-02,中山區,套房(1房1廳1衛),56.119006160000005,19.06657571499659,16.944558521560573,2,RPTOMLTLJIOFFCA58CA,2019-10-29,60.7778489605,18.921375709551587,12.969199178644764,0.06768244202434831,65.0,0.007615421227986756,3.9753593429158087
RPXUMLLLJHPFFCA78CA,2020-01-02,中山區,套房(1房1廳1衛),56.119006160000005,19.06657571499659,16.944558521560573,3,RPOUMLNKKIOFFCA08CA,2019-11-15,46.774874279,18.38595068947315,16.813141683778234,0.07516679021837672,48.0,0.03569728700618744,0.13141683778233926
RPXNMLRLKIOFFCA78CA,2019-12-04,中山區,套房(1房1廳1衛),55.807601213000005,12.184700456926269,37.62628336755647,1,RPRQMLTKKIOFFCA58CA,2019-11-01,57.2677664475,11.437525428907204,38.77344284736482,0.046708824759378535,33.0,0.06132075471698122,1.1471594798083515
RPXNMLRLKIOFFCA78CA,2019-12-04,中山區,套房(1房1廳1衛),55.807601213000005,12.184700456926269,37.62628336755647,2,RPOOMLTKJHPFFCA08DA,2019-11-24,53.215204616,12.402500465093766,39.931553730321696,0.05326201042274173,10.0,0.017874875868917332,2.305270362765228
RPXNMLRLKIOFFCA78CA,2019-12-04,中山區,套房(1房1廳1衛),55.807601213000005,12.184700456926269,37.62628336755647,3,RPTRMLQKKIOFFCA58CA,2019-11-05,43.077023178000005,13.464275504910333,39.22245037645448,0.06395979284218926,29.0,0.10501489572989074,1.5961670088980142
RPXQMLLLOHGGFBA18EA,2021-08-01,中正區,住宅大樓(11層含以上有電梯),99.162971488,55.9685520988207,23.02258726899384,1,RPTOMLPJPHGGFAA67DA,2021-05-06,96.917021159,60.663352274875706,18.49691991786448,0.10382522451651575,87.0,0.08388282347854283,4.525667351129357
RPXQMLLLOHGGFBA18EA,2021-08-01,中正區,住宅大樓(11層含以上有電梯),99.162971488,55.9685520988207,23.02258726899384,2,RPVNMLMKPHGGFAA67EA,2021-06-02,72.29619563600001,53.94482702293101,32.73100616016427,0.1227506659794917,60.0,0.0361582531618204,9.708418891170432
RPXQMLLLOHGGFBA18EA,2021-08-01,中正區,住宅大樓(11層含以上有電梯),99.162971488,55.9685520988207,23.02258726899384,3,RPROMLKMPHGGFAA37EA,2021-06-23,91.00164948,63.25275237197821,8.27378507871321,0.14547339850714713,39.0,0.13014809209815154,14.748802190280628
RPXOMLOJJHJGFAA67DA,2023-12-25,中正區,住宅大樓(11層含以上有電梯),142.4651186245,12.136300455111266,15.616700889801503,1,RPXOMLMLJIIGFAA67DA,2023-10-15,132.495201643,12.136300455111266,15.422313483915127,0.04701890376133013,71.0,0.0,0.19438740588637593
RPXOMLOJJHJGFAA67DA,2023-12-25,中正區,住宅大樓(11層含以上有電梯),142.4651186245,12.136300455111266,15.616700889801503,2,SPRNMLLJKIIGFAA86DA,2023-11-11,114.495863475,11.85195044444814,15.496235455167694,0.06862660073213994,44.0,0.02342971086739795,0.12046543463380921
RPXOMLOJJHJGFAA67DA,2023-12-25,中正區,住宅大樓(11層含以上有電梯),142.4651186245,12.136300455111266,15.616700889801503,3,RPRNMLLJKIIGFAA76DA,2023-11-11,114.58082214950002,11.546425432990954,15.496235455167694,0.07743766753174104,44.0,0.04860418743768683,0.12046543463380921
RPTNMLNKQHJGFAA87DA,2024-07-23,中正區,住宅大樓(11層含以上有電梯),123.362640002,156.32595586222334,10.581793292265573,1,RPXNMLQLPHJGFAA58DA,2024-06-15,100.9332193555,105.19740394490265,7.994524298425736,0.15540760557013686,38.0,0.3270637408568443,2.587268993839837
RPTNMLNKQHJGFAA87DA,2024-07-23,中正區,住宅大樓(11層含以上有電梯),123.362640002,156.32595586222334,10.581793292265573,2,RPVNMLQKOHJGFAA18DA,2024-05-30,69.14313790300001,102.83790385642138,11.46611909650924,0.1556795671943543,54.0,0.34215720422616985,0.8843258042436677
RPTNMLNKQHJGFAA87DA,2024-07-23,中正區,住宅大樓(11層含以上有電梯),123.362640002,156.32595586222334,10.581793292265573,3,RPORMLSKOHJGFAA08DA,2024-05-01,99.8363598925,119.2455044717064,7.871321013004791,0.15831960974433942,83.0,0.23719958202716834,2.710472279260782
RPQNMLMLJIJGFAA07EA,2024-10-21,中正區,住宅大樓(11層含以上有電梯),71.4026419505,18.34662568799846,,1,RPROMLMKQHJGFBA77DA,2024-07-14,168.9166878805,18.05622567710846,6.034223134839151,0.18597703504489577,99.0,0.015828524319868077,
RPQNMLMLJIJGFAA07EA,2024-10-21,中正區,住宅大樓(11層含以上有電梯),71.4026419505,18.34662568799846,,2,RPVOMLMKJIJGFBA57DA,2024-08-05,168.89652259200005,17.880775670529086,6.094455852156058,0.19631693294377228,77.0,0.025391591096455033,
RPQNMLMLJIJGFAA07EA,2024-10-21,中正區,住宅大樓(11層含以上有電梯),71.4026419505,18.34662568799846,,3,RPWNMLTKRHJGFAA88DA,2024-09-06,170.00329941,20.47017576763159,1.002053388090349,0.19850199701107113,45.0,0.11574608408903558,
RPRNMLRLMHPFFEA58CA,2020-03-21,北投區,套房(1房1廳1衛),70.9100799855,11.930600447397516,1.163586584531143,1,RPPOMLRJNHPFFEA38CA,2020-03-14,82.54412913600001,12.453925467022204,1.1444216290212184,0.01928387529298487,7.0,0.0438640973630831,0.019164955509924697
RPRNMLRLMHPFFEA58CA,2020-03-21,北投區,套房(1房1廳1衛),70.9100799855,11.930600447397516,1.163586584531143,2,RPXNMLMJOHPFFEA68CA,2020-03-07,68.6469395745,11.930600447397516,1.1252566735112937,0.03643431100324015,14.0,0.0,0.038329911019849394
RPRNMLRLMHPFFEA58CA,2020-03-21,北投區,套房(1房1廳1衛),70.9100799855,11.930600447397516,1.163586584531143,3,RPTNMLPKKHPFFEA28CA,2020-01-02,70.9100799855,11.930600447397516,0.947296372347707,0.044369122293793896,79.0,0.0,0.21629021218343603
RPTRMLQLKHOFFBA58DA,2018-12-10,萬華區,公寓(5樓含以下無電梯),44.8214859225,63.58550238445633,,1,RPOOMLQJKINFFBA47CA,2018-10-20,32.180494661000004,35.67382633776849,45.399041752224505,0.32658221784862423,51.0,0.43896289248334913,
RPTRMLQLKHOFFBA58DA,2018-12-10,萬華區,公寓(5樓含以下無電梯),44.8214859225,63.58550238445633,,2,RPTOMLMJJHOFFBA47CA,2018-11-07,29.442312945500003,27.8511760444191,,0.34477819558672107,33.0,0.561988582302569,
RPTRMLQLKHOFFBA58DA,2018-12-10,萬華區,公寓(5樓含以下無電梯),44.8214859225,63.58550238445633,,3,RPWOMLSLKINFFBA68CA,2018-11-12,37.2988415765,46.382326739337245,30.751540041067763,0.35503561513496606,28.0,0.2705518553758326,
RPPPMLKMOHPFFBA97DA,2020-05-14,萬華區,公寓(5樓含以下無電梯),41.3305769625,14.879975557999083,36.62422997946612,1,RPRPMLSJOHPFFBA58CA,2020-04-30,44.58941981550001,14.577475546655332,44.98015058179329,0.05656610321910646,14.0,0.020329335230737995,8.355920602327167
RPPPMLKMOHPFFBA97DA,2020-05-14,萬華區,公寓(5樓含以下無電梯),41.3305769625,14.879975557999083,36.62422997946612,2,RPPNMLNJMHPFFBA57DA,2020-02-29,33.956362363000004,14.577475546655332,44.81314168377824,0.08915571626327778,75.0,0.020329335230737995,8.188911704312119
RPPPMLKMOHPFFBA97DA,2020-05-14,萬華區,公寓(5樓含以下無電梯),41.3305769625,14.879975557999083,36.62422997946612,3,RPQPMLKLNHPFFBA87DA,2020-04-11,44.1180148745,16.319875611995336,44.3668720054757,0.10066407440527925,33.0,0.0967676356983127,7.742642026009577
RPSQMLLJMHJGFBA47DA,2024-02-27,萬華區,公寓(5樓含以下無電梯),35.5725606495,32.32817621230661,51.07186858316222,1,RPPNMLRJLHJGFBA37DA,2024-01-11,40.1814860965,30.237901133921287,49.86447638603696,0.05942068413665738,47.0,0.06465799569570525,1.2073921971252588
RPSQMLLJMHJGFBA47DA,2024-02-27,萬華區,公寓(5樓含以下無電梯),35.5725606495,32.32817621230661,51.07186858316222,2,RPPNMLSJNHJGFBA67DA,2024-01-26,43.588758696000006,32.76075122852817,43.24161533196441,0.06636877286688873,32.0,0.013380742958734898,7.83025325119781
RPSQMLLJMHJGFBA47DA,2024-02-27,萬華區,公寓(5樓含以下無電梯),35.5725606495,32.32817621230661,51.07186858316222,3,RPQOMLRLKIIGFBA67DA,2023-12-12,38.371568809,32.57622622160848,49.177275838466805,0.07935025030005002,77.0,0.00767287358472896,1.8945927446954158
RPROMLKMIIPFFEA97EA,2020-09-18,北投區,公寓(5樓含以下無電梯),52.656526951,25.41000095287504,47.879534565366185,1,RPPNMLTKIIPFFEA28DA,2020-09-13,53.113386438000006,23.53450088254378,46.19028062970568,0.0370193290390332,5.0,0.07380952380952407,1.6892539356605027
RPROMLKMIIPFFEA97EA,2020-09-18,北投區,公寓(5樓含以下無電梯),52.656526951,25.41000095287504,47.879534565366185,2,RPRPMLNJRHPFFEA88EA,2020-08-16,31.410246756000003,26.583700996888783,44.78576317590692,0.04971771539478477,33.0,0.04619047619047581,3.0937713894592633
RPROMLKMIIPFFEA97EA,2020-09-18,北投區,公寓(5樓含以下無電梯),52.656526951,25.41000095287504,47.879534565366185,3,RPWPMLQLRHPFFEA17DA,2020-08-02,55.53057643,22.654225849533468,48.05749486652977,0.06460155949668561,47.0,0.1084523809523812,0.17796030116358708
RPPNMLOJQHKGFEA97DA,2025-07-19,北投區,公寓(5樓含以下無電梯),49.0092543605,23.46492587993472,47.657768651608485,1,RPTQMLSKPHKGFEA09DA,2025-06-21,66.87867517800001,21.23247579621784,48.10951403148528,0.06090014843468311,28.0,0.09513987366249849,0.4517453798767974
RPPNMLOJQHKGFEA97DA,2025-07-19,北投區,公寓(5樓含以下無電梯),49.0092543605,23.46492587993472,47.657768651608485,2,RPUNMLNLPHKGFEA48DA,2025-07-11,122.6105739145,24.696100926103785,53.267624914442166,0.06579690122795373,8.0,0.052468737914142034,5.609856262833681
RPPNMLOJQHKGFEA97DA,2025-07-19,北投區,公寓(5樓含以下無電梯),49.0092543605,23.46492587993472,47.657768651608485,3,RPQNMLLJPHKGFEA67DA,2025-06-06,32.440659940500005,25.276900947883785,49.72210814510609,0.07091054254069629,43.0,0.07722057496454808,2.064339493497606
RPWNMLRLQHKGFEA56DA,2025-03-30,北投區,公寓(5樓含以下無電梯),55.901154928500006,15.742100590328771,29.76865160848734,1,RPRNMLQJJIJGFEA77EA,2024-10-07,46.3725602445,15.742100590328771,29.29226557152635,0.0977243959382296,174.0,0.0,0.4763860369609887
RPWNMLRLQHKGFEA56DA,2025-03-30,北投區,公寓(5樓含以下無電梯),55.901154928500006,15.742100590328771,29.76865160848734,2,RPRNMLRKKHKGFEA97DA,2025-01-13,34.600659859500006,15.751175590669083,43.23066392881588,0.11201280794609246,76.0,0.0005764796310530001,13.46201232032854
RPWNMLRLQHKGFEA56DA,2025-03-30,北投區,公寓(5樓含以下無電梯),55.901154928500006,15.742100590328771,29.76865160848734,3,RPWNMLKLJHKGFEA77DA,2024-11-19,43.62975043,16.089975603374082,48.95824777549623,0.1854632378028142,131.0,0.02209838585703291,19.189596167008894
RPVPMLLLIIPFFCA28EA,2020-09-25,中山區,住宅大樓(11層含以上有電梯),69.020162701,13.083125490617205,17.675564681724847,1,RPOQMLSKRHPFFCA98DA,2020-09-17,62.6760307075,13.083125490617205,17.65366187542779,0.040207361389606615,8.0,0.0,0.021902806297056543
RPVPMLLLIIPFFCA28EA,2020-09-25,中山區,住宅大樓(11層含以上有電梯),69.020162701,13.083125490617205,17.675564681724847,2,RPXPMLLLRHPFFCA66EA,2020-07-20,87.84396364800001,13.319075499465333,15.627652292950032,0.0604068865821783,67.0,0.018034682080925086,2.047912388774815
RPVPMLLLIIPFFCA28EA,2020-09-25,中山區,住宅大樓(11層含以上有電梯),69.020162701,13.083125490617205,17.675564681724847,3,RPTQMLQKRHPFFCA76EA,2020-08-22,87.2340463155,13.182950494360645,15.718001368925394,0.0668027594957983,34.0,0.007630057803468411,1.9575633127994525
RPQNMLNJRHGGFCA57EA,2021-07-27,中山區,住宅大樓(11層含以上有電梯),37.5104118165,26.65932599972472,36.82956878850103,1,RPPNMLNJRHGGFCA47EA,2021-07-19,61.286939850500005,27.542626032848474,35.27173169062286,0.043641047167849015,8.0,0.033132871893793325,1.5578370978781706
RPQNMLNJRHGGFCA57EA,2021-07-27,中山區,住宅大樓(11層含以上有電梯),37.5104118165,26.65932599972472,36.82956878850103,2,RPQOMLKMPHGGFCA47EA,2021-07-02,39.385783647,26.65932599972472,36.76112251882272,0.060194707639224014,25.0,0.0,0.06844626967831147
RPQNMLNJRHGGFCA57EA,2021-07-27,中山區,住宅大樓(11層含以上有電梯),37.5104118165,26.65932599972472,36.82956878850103,3,RPRQMLSKNHGGFCA08DA,2021-04-16,31.883635168,26.65932599972472,36.55030800821356,0.06497902255264915,102.0,0.0,0.2792607802874656
RPXSMLKLMHGGFCA08DA,2021-04-12,中山區,住宅大樓(11層含以上有電梯),92.16859158500002,97.3203036495114,5.566050650239562,1,RPOQMLMKMHGGFCA17EA,2021-03-24,85.26512076950002,96.7727786289792,5.752224503764545,0.032060931740054845,19.0,0.0056260101952009724,0.1861738535249824
RPXSMLKLMHGGFCA08DA,2021-04-12,中山區,住宅大樓(11層含以上有電梯),92.16859158500002,97.3203036495114,5.566050650239562,2,RPRPMLMJLHGGFCA17EA,2021-01-13,80.9940465495,94.28320353562012,7.200547570157426,0.06994548256088991,89.0,0.031207260972274335,1.634496919917864
RPXSMLKLMHGGFCA08DA,2021-04-12,中山區,住宅大樓(11層含以上有電梯),92.16859158500002,97.3203036495114,5.566050650239562,3,RPTSMLMJOHGGFCA87DA,2021-03-12,67.665452008,83.49907813121541,5.223819301848049,0.0833075705842047,31.0,0.14201790376725135,0.3422313483915129
RPXNMLSLNHGGFCA58EA,2021-03-28,中山區,住宅大樓(11層含以上有電梯),70.7084271005,39.06182646481849,13.043121149897331,1,RPVOMLLMLHGGFCA57DA,2021-03-10,66.632063617,36.01867635070036,10.978781656399724,0.05239686128657773,18.0,0.07790598621544176,2.0643394934976076
RPXNMLSLNHGGFCA58EA,2021-03-28,中山區,住宅大樓(11層含以上有電梯),70.7084271005,39.06182646481849,13.043121149897331,2,RPRPMLPLLHGGFCA57DA,2021-03-06,79.287930911,37.685451413204426,9.182751540041068,0.057974889961715605,22.0,0.03523580887477729,3.8603696098562637
RPXNMLSLNHGGFCA58EA,2021-03-28,中山區,住宅大樓(11層含以上有電梯),70.7084271005,39.06182646481849,13.043121149897331,3,RPTQMLTKMHGGFCA28DA,2021-03-10,89.566277633,39.200976470036615,4.769336071184121,0.05843112558937697,18.0,0.003562301556570948,8.27378507871321
RPPQMLKMQHGGFCA57DA,2021-08-07,中山區,住宅大樓(11層含以上有電梯),56.151402853,12.323850462144392,40.97741273100616,1,RPXNMLNKQHGGFCA18DA,2021-07-18,64.8942124425,13.098250491184393,44.48733744010951,0.05883498813620545,20.0,0.06283750613647517,3.509924709103352
RPPQMLKMQHGGFCA57DA,2021-08-07,中山區,住宅大樓(11層含以上有電梯),56.151402853,12.323850462144392,40.97741273100616,2,RPSNMLPJQHGGFCA77DA,2021-07-10,64.8942124425,13.098250491184393,44.46543463381246,0.06310903574855577,28.0,0.06283750613647517,3.4880219028062953
RPPQMLKMQHGGFCA57DA,2021-08-07,中山區,住宅大樓(11層含以上有電梯),56.151402853,12.323850462144392,40.97741273100616,3,RPTNMLTJQHGGFCA28DA,2021-07-17,40.903138962,12.224025458400954,49.28952772073922,0.0642358091434589,21.0,0.008100147275405077,8.312114989733061
RPOOMLPLQHHGFCA77DA,2022-08-06,中山區,住宅大樓(11層含以上有電梯),91.62974863,39.309876474120365,6.176591375770021,1,RPWOMLSLPHHGFCA78DA,2022-07-10,68.303468513,40.04495150168568,6.102669404517454,0.046708955336874476,27.0,0.018699499807618366,0.07392197125256672
RPOOMLPLQHHGFCA77DA,2022-08-06,中山區,住宅大樓(11層含以上有電梯),91.62974863,39.309876474120365,6.176591375770021,2,RPSNMLLJPHHGFCA37DA,2022-06-11,94.3130543145,36.526876369757865,6.023271731690623,0.05623029078919318,56.0,0.07079646017699107,0.15331964407939758
RPOOMLPLQHHGFCA77DA,2022-08-06,中山區,住宅大樓(11層含以上有電梯),91.62974863,39.309876474120365,6.176591375770021,3,RPOPMLMLQHHGFCA57DA,2022-07-24,65.43140250500001,36.526876369757865,6.140999315537303,0.05708000903434335,13.0,0.07079646017699107,0.03559206023271777
RPPOMLSKMHHGFCA77EA,2022-03-16,中山區,住宅大樓(11層含以上有電梯),79.59041023850001,11.132000417450014,13.58795345653662,1,RPVNMLLKKHHGFCA27DA,2022-01-13,84.74512078900001,11.068475415067828,13.839835728952773,0.06341977290097857,62.0,0.005706521739130238,0.251882272416152
RPPOMLSKMHHGFCA77EA,2022-03-16,中山區,住宅大樓(11層含以上有電梯),79.59041023850001,11.132000417450014,13.58795345653662,2,RPWQMLMLKHHGFCA97EA,2022-03-12,88.833715677,12.360150463505642,13.404517453798768,0.06672309127038972,4.0,0.11032608695652188,0.183436002737853
RPPOMLSKMHHGFCA77EA,2022-03-16,中山區,住宅大樓(11層含以上有電梯),79.59041023850001,11.132000417450014,13.58795345653662,3,RPVPMLRKLHHGFCA18DA,2022-03-05,89.017517323,9.807050367764388,14.03148528405202,0.07169753688837491,11.0,0.11902173913043469,0.44353182751539855
RPSPMLPKJIIGFCA67DA,2023-11-09,中山區,住宅大樓(11層含以上有電梯),70.535534545,8.733175327494074,35.40588637919233,1,RPPNMLSKKIIGFCA57DA,2023-11-01,55.6836342755,8.7997253299897,43.86858316221766,0.09871482341671248,8.0,0.0076203671631452675,8.46269678302533
RPSPMLPKJIIGFCA67DA,2023-11-09,中山區,住宅大樓(11層含以上有電梯),70.535534545,8.733175327494074,35.40588637919233,2,RPUNMLOJKIIGFCA67EA,2023-10-28,66.5808239495,9.462200354832513,42.31895961670089,0.10607217483173159,12.0,0.08347765846899903,6.913073237508556
RPSPMLPKJIIGFCA67DA,2023-11-09,中山區,住宅大樓(11層含以上有電梯),70.535534545,8.733175327494074,35.40588637919233,3,RPQNMLSJJIIGFCA47DA,2023-11-02,65.57454299550001,9.607400360277513,42.33264887063656,0.1092200845440508,7.0,0.10010391409767931,6.926762491444229
RPTOMLLLJIIGFCA37DA,2023-11-11,中山區,住宅大樓(11層含以上有電梯),110.89586361,14.698475551192834,13.149897330595484,1,RPQOMLKLJIIGFCA96DA,2023-10-29,103.6023101645,13.706275513985332,13.114305270362763,0.05314973074205645,13.0,0.06750360156410784,0.03559206023272132
RPTOMLLLJIIGFCA37DA,2023-11-11,中山區,住宅大樓(11層含以上有電梯),110.89586361,14.698475551192834,13.149897330595484,2,RPUOMLRJJIIGFCA87DA,2023-10-15,79.72958378700001,13.72140051455252,13.516769336071183,0.058783873600866204,27.0,0.06647458324758175,0.36687200547569887
RPTOMLLLJIIGFCA37DA,2023-11-11,中山區,住宅大樓(11層含以上有電梯),110.89586361,14.698475551192834,13.149897330595484,3,RPQOMLLJRHIGFCA57DA,2023-08-10,101.374541653,14.402025540075956,12.895277207392198,0.05929107037697414,93.0,0.020168759003910457,0.25462012320328675
RPPPMLLLQHJGFCA77DA,2024-08-01,中山區,住宅大樓(11層含以上有電梯),100.6991697775,9.831250368671888,35.06091718001369,1,RPRPMLNKQHJGFCA08DA,2024-07-30,96.08991375200002,9.761675366062828,27.48254620123204,0.04373739565451741,2.0,0.007076923076922815,7.578370978781649
RPPPMLLLQHJGFCA77DA,2024-08-01,中山區,住宅大樓(11層含以上有電梯),100.6991697775,9.831250368671888,35.06091718001369,2,RPRPMLMJQHJGFCA87DA,2024-07-23,72.80429479050001,10.136775380129077,41.57973990417522,0.04840254354704582,9.0,0.03107692307692312,6.518822724161531
RPPPMLLLQHJGFCA77DA,2024-08-01,中山區,住宅大樓(11層含以上有電梯),100.6991697775,9.831250368671888,35.06091718001369,3,RPUPMLLMPHJGFCA28DA,2024-07-06,95.539831128,9.57715035914314,27.416837782340863,0.06378585344971094,26.0,0.025846153846153675,7.644079397672826
RPQNMLRKKIJGFCA67DA,2024-12-14,中山區,住宅大樓(11層含以上有電梯),71.80231135700001,10.445325391699702,42.80355920602327,1,RPUNMLLKKIJGFCA47DA,2024-11-19,78.36991441650001,9.825200368445012,46.13278576317591,0.05945712898124941,25.0,0.0593686649290474,3.329226557152637
RPQNMLRKKIJGFCA67DA,2024-12-14,中山區,住宅大樓(11層含以上有電梯),71.80231135700001,10.445325391699702,42.80355920602327,2,RPXNMLLLIIJGFCA67DA,2024-09-21,66.7256173325,10.490700393401264,41.74401095140315,0.06117888889537861,84.0,0.004344048653344815,1.0595482546201254
RPQNMLRKKIJGFCA67DA,2024-12-14,中山區,住宅大樓(11層含以上有電梯),71.80231135700001,10.445325391699702,42.80355920602327,3,RPXNMLQJRHJGFCA78DA,2024-08-20,80.90412919750001,10.62985039861939,42.69952087611225,0.07090589037612478,116.0,0.01766579785693591,0.10403832991102036
RPQNMLKKOHKGFCA37DA,2025-02-26,中山區,住宅大樓(11層含以上有電梯),97.949087236,18.37687568913284,0.5968514715947981,1,RPSOMLPJKHKGFCA67DA,2025-01-23,105.7001613255,17.880775670529086,1.0951403148528405,0.13057014087337357,34.0,0.02699588477366279,0.49828884325804235
RPQNMLKKOHKGFCA37DA,2025-02-26,中山區,住宅大樓(11層含以上有電梯),97.949087236,18.37687568913284,0.5968514715947981,2,RPOOMLPJJIJGFCA17DA,2024-09-29,135.28396186900002,17.233425646253462,0.8706365503080082,0.14380002245480017,150.0,0.06222222222222238,0.2737850787132101
RPQNMLKKOHKGFCA37DA,2025-02-26,中山區,住宅大樓(11層含以上有電梯),97.949087236,18.37687568913284,0.5968514715947981,3,RPTNMLRJLHKGFCA97DA,2025-01-11,93.259500635,21.46237580483909,11.030800821355236,0.14732946948843348,46.0,0.16790123456790096,10.433949349760438
RPRNMLKLJIPFFBA57EA,2020-09-23,中正區,華廈(10層含以下有電梯),84.1226414735,63.59760238491009,20.87337440109514,1,RPWPMLLLIIPFFAA08DA,2020-09-20,65.70082398250001,42.434701591301305,16.479123887748116,0.1734153164936758,3.0,0.33276255707762564,4.394250513347025
RPRNMLKLJIPFFBA57EA,2020-09-23,中正區,華廈(10層含以下有電梯),84.1226414735,63.59760238491009,20.87337440109514,2,RPSNMLRLQHPFFBA98EA,2020-07-06,110.999665259,56.646152124230696,4.216290212183436,0.18149603738291473,79.0,0.10930365296803668,16.657084188911703
RPRNMLKLJIPFFBA57EA,2020-09-23,中正區,華廈(10層含以下有電梯),84.1226414735,63.59760238491009,20.87337440109514,3,RPVNMLSJIIPFFAA38EA,2020-08-26,82.0009886605,52.43837696643914,25.99041752224504,0.21567416157226396,28.0,0.17546613394216135,5.117043121149898
RPTOMLPJIIPFFAA97EA,2020-08-05,中正區,華廈(10層含以下有電梯),115.91503697550002,19.048425714315965,9.32785763175907,1,RPROMLPJQHPFFAA38DA,2020-07-20,71.379170877,18.35267568822534,6.491444216290212,0.07065369061834854,16.0,0.036525329521994554,2.836413415468858
RPTOMLPJIIPFFAA97EA,2020-08-05,中正區,華廈(10層含以下有電梯),115.91503697550002,19.048425714315965,9.32785763175907,2,RPTOMLSLQHPFFAA09DA,2020-07-31,91.4105750845,21.33230079996128,0.731006160164271,0.1083233315254531,5.0,0.1198983643004606,8.5968514715948
RPTOMLPJIIPFFAA97EA,2020-08-05,中正區,華廈(10層含以下有電梯),115.91503697550002,19.048425714315965,9.32785763175907,3,RPOPMLRJQHPFFAA38DA,2020-07-21,64.476691797,16.595150622318148,12.722792607802877,0.12804865154374584,15.0,0.12879148801016363,3.394934976043807
RPOOMLMKIIGGFBA56EA,2021-09-03,中正區,華廈(10層含以下有電梯),105.7927233055,34.4971012936413,8.605065023956195,1,RPPNMLLMPHGGFBA17DA,2021-07-21,95.1044592435,38.04240142659005,8.484599589322382,0.06068175135982782,44.0,0.10277095755875106,0.12046543463381276
RPOOMLMKIIGGFBA56EA,2021-09-03,中正區,華廈(10層含以下有電梯),105.7927233055,34.4971012936413,8.605065023956195,2,RPUNMLRLIIGGFAA47DA,2021-08-16,82.95768283950001,31.94400119790004,6.414784394250513,0.07116205315410745,18.0,0.07400911960715559,2.190280629705682
RPOOMLMKIIGGFBA56EA,2021-09-03,中正區,華廈(10層含以下有電梯),105.7927233055,34.4971012936413,8.605065023956195,3,RPPOMLTKNHGGFBA77EA,2021-06-18,106.258508412,35.413676328012855,8.394250513347023,0.07476744423976735,77.0,0.02656962469308987,0.2108145106091719
RPOQMLNKKINFFCA57CA,2018-11-18,內湖區,華廈(10層含以下有電梯),68.1537164525,15.406325577737206,12.588637919233404,1,RPPOMLPJKINFFCA57CA,2018-10-10,45.204626404,16.259375609726586,24.18343600273785,0.10872339397706818,39.0,0.05537011584527807,11.594798083504445
RPOQMLNKKINFFCA57CA,2018-11-18,內湖區,華廈(10層含以下有電梯),68.1537164525,15.406325577737206,12.588637919233404,2,RPSOMLRJKINFFCA08CA,2018-09-28,58.47933665,21.97360082401003,15.373032169746748,0.20606215022504853,51.0,0.42627135283722783,2.784394250513344
RPOQMLNKKINFFCA57CA,2018-11-18,內湖區,華廈(10層含以下有電梯),68.1537164525,15.406325577737206,12.588637919233404,3,RPOPMLTLJINFFCA08CA,2018-10-31,61.13255969100001,10.79622540485845,22.38193018480493,0.2110614601040452,18.0,0.29923424307873553,9.793292265571525
RPTQMLLLLHOFFCA08CA,2018-11-23,內湖區,華廈(10層含以下有電梯),37.4839655365,40.28392651064725,23.520876112251884,1,RPTQMLOJJHOFFCA97CA,2018-10-13,52.91437818100001,40.63180152369256,24.996577686516083,0.05350163443521695,41.0,0.008635578583765057,1.4757015742641997
RPTQMLLLLHOFFCA08CA,2018-11-23,內湖區,華廈(10層含以下有電梯),37.4839655365,40.28392651064725,23.520876112251884,2,RPWOMLKKKINFFCA97DA,2018-10-31,39.84793239,44.168026656301,17.204654346338124,0.12237463226564099,23.0,0.09641811218742956,6.31622176591376
RPTQMLLLLHOFFCA08CA,2018-11-23,內湖區,華廈(10層含以下有電梯),37.4839655365,40.28392651064725,23.520876112251884,3,RPQQMLSJLHOFFCA38DA,2018-11-14,44.1246264445,39.20702647026349,22.573579739904176,0.14124667259881615,9.0,0.02673274761582948,0.9472963723477079
RPQPMLMJRHOFFCA28DA,2019-07-01,內湖區,華廈(10層含以下有電梯),57.222477193,63.61272738547727,35.006160164271044,1,RPWPMLKMNHOFFCA48CA,2019-04-06,58.214212693,58.74852720306977,26.05612594113621,0.12149364315814948,86.0,0.07646583289742728,8.950034223134836
RPQPMLMJRHOFFCA28DA,2019-07-01,內湖區,華廈(10層含以下有電梯),57.222477193,63.61272738547727,35.006160164271044,2,RPRNMLKMNHOFFCA77CA,2019-04-14,28.2945443935,60.082552253095706,24.63791923340177,0.14257553676993476,78.0,0.055494792905035874,10.368240930869273
RPQPMLMJRHOFFCA28DA,2019-07-01,內湖區,華廈(10層含以下有電梯),57.222477193,63.61272738547727,35.006160164271044,3,RPTNMLKMMHOFFCA87CA,2019-02-18,58.731568045500005,62.998652362449455,26.38740588637919,0.149706294129699,133.0,0.009653335869513568,8.618754277891853
RPXNMLQLJIOFFCA58CA,2019-07-27,內湖區,華廈(10層含以下有電梯),62.9576835895,29.51190110669629,0.8268309377138946,1,RPTOMLTKQHOFFCA09CA,2019-07-11,78.4347078025,31.90165119631192,1.51129363449692,0.04053097018692055,16.0,0.08097580975809769,0.6844626967830253
RPXNMLQLJIOFFCA58CA,2019-07-27,內湖區,華廈(10層含以下有電梯),62.9576835895,29.51190110669629,0.8268309377138946,2,RPUQMLTLPHOFFCA86DA,2019-06-06,69.5441296235,30.16832613131223,7.184120465434634,0.0675166059675843,51.0,0.022242722427224387,6.35728952772074
RPXNMLQLJIOFFCA58CA,2019-07-27,內湖區,華廈(10層含以下有電梯),62.9576835895,29.51190110669629,0.8268309377138946,3,RPXPMLNJIIOFFCA18CA,2019-06-25,64.787435587,28.885726083214724,9.943874058863791,0.07054566144308459,32.0,0.02121771217712183,9.117043121149896
RPQQMLMLKIPFFCA08DA,2020-11-17,內湖區,華廈(10層含以下有電梯),49.695204748,12.435775466341578,28.33675564681725,1,RPTPMLNJJIPFFCA08DA,2020-10-09,57.09751852000001,11.909425446603452,27.19780971937029,0.0835451732071647,39.0,0.04232546825589888,1.138945927446958
RPQQMLMLKIPFFCA08DA,2020-11-17,內湖區,華廈(10層含以下有電梯),49.695204748,12.435775466341578,28.33675564681725,2,RPPSMLQLIIPFFCA38DA,2020-10-07,65.57751820200001,11.894300446036269,24.317590691307323,0.08696784593917292,41.0,0.043541717343711706,4.019164955509925
RPQQMLMLKIPFFCA08DA,2020-11-17,內湖區,華廈(10層含以下有電梯),49.695204748,12.435775466341578,28.33675564681725,3,RPSPMLNKPHPFFCA68EA,2020-06-14,42.57189923000001,12.402500465093766,27.90965092402464,0.10521815413304039,156.0,0.0026757479931889807,0.4271047227926097
RPVOMLMKQHGGFCA08EA,2021-07-20,內湖區,華廈(10層含以下有電梯),45.79173382,40.74977652811662,28.23271731690623,1,RPXNMLKKQHGGFCA87DA,2021-06-05,67.67702225549999,41.37292655148474,24.52292950034224,0.10570156861344457,45.0,0.015292108974834658,3.7097878165639884
RPVOMLMKQHGGFCA08EA,2021-07-20,內湖區,華廈(10層含以下有電梯),45.79173382,40.74977652811662,28.23271731690623,2,RPTPMLRJPHGGFCA18DA,2021-07-07,53.332890562,46.40652674024475,25.169062286105408,0.10817027105561547,13.0,0.13881671739291807,3.0636550308008204
RPVOMLMKQHGGFCA08EA,2021-07-20,內湖區,華廈(10層含以下有電梯),45.79173382,40.74977652811662,28.23271731690623,3,RPSSMLSLMHGGFCA38DA,2021-03-20,56.874378032500005,41.3366265501235,25.730321697467488,0.10821127425380916,122.0,0.014401306510281403,2.5023956194387402
RPPRMLOLQHGGFCA97DA,2021-07-12,內湖區,華廈(10層含以下有電梯),53.5818161725,19.03632571386221,13.464750171115677,1,RPQNMLLJPHGGFCA07DA,2021-05-12,54.467435974,19.608050735301905,11.378507871321013,0.05793897724869751,61.0,0.030033370411568682,2.086242299794664
RPPRMLOLQHGGFCA97DA,2021-07-12,內湖區,華廈(10層含以下有電梯),53.5818161725,19.03632571386221,13.464750171115677,2,RPPVMLTKNHGGFCA48DA,2021-05-07,60.46280765000001,20.343125762867214,15.055441478439423,0.0831445364275173,66.0,0.06864770379787066,1.5906913073237465
RPPRMLOLQHGGFCA97DA,2021-07-12,內湖區,華廈(10層含以下有電梯),53.5818161725,19.03632571386221,13.464750171115677,3,RPVOMLNJOHGGFCA77DA,2021-05-11,52.2932211795,18.552325695712213,15.211498973305956,0.08910512316891989,62.0,0.025425075480692737,1.7467488021902788
RPVQMLRLPHHGFCA78DA,2022-07-20,內湖區,華廈(10層含以下有電梯),78.43107143900001,57.02730213852383,0.783025325119781,1,RPQNMLOKPHHGFCA57DA,2022-06-06,59.5857828895,57.06057713977164,0.6625598904859685,0.04491613857793987,44.0,0.0005834924676426228,0.12046543463381243
RPVQMLRLPHHGFCA78DA,2022-07-20,內湖區,華廈(10層含以下有電梯),78.43107143900001,57.02730213852383,0.783025325119781,2,RPPNMLOKPHHGFCA47DA,2022-05-31,57.162973063,56.85487713205789,0.6461327857631759,0.049139966127980356,50.0,0.0030235518777849417,0.13689253935660506
RPVQMLRLPHHGFCA78DA,2022-07-20,內湖區,華廈(10層含以下有電梯),78.43107143900001,57.02730213852383,0.783025325119781,3,RPPPMLKMNHHGFCA27DA,2022-04-12,54.93553513,56.975877136595386,0.5119780971937029,0.0759174278623211,99.0,0.0009017610863569846,0.27104722792607805
RPXOMLRJKHIGFCA18DA,2023-01-19,內湖區,華廈(10層含以下有電梯),89.87107101000001,57.94690217300883,32.48733744010951,1,RPSPMLOKKIHGFCA57DA,2022-12-04,62.53520426650001,55.40590207772132,31.78370978781657,0.07264271803270339,46.0,0.04385049070787229,0.7036276522929441
RPXOMLRJKHIGFCA18DA,2023-01-19,內湖區,華廈(10層含以下有電梯),89.87107101000001,57.94690217300883,32.48733744010951,2,RPROMLPKKHIGFCA47DA,2022-12-22,45.968262739,45.683551713133184,29.54962354551677,0.13108594943122953,28.0,0.2116308206306119,2.9377138945927435
RPXOMLRJKHIGFCA18DA,2023-01-19,內湖區,華廈(10層含以下有電梯),89.87107101000001,57.94690217300883,32.48733744010951,3,RPRQMLRJKIHGFCA77DA,2022-11-10,66.0876008275,56.8639521323982,16.470910335386723,0.13355076000919514,70.0,0.018688661515974227,16.01642710472279
RPROMLQKIIIGFCA47DA,2023-09-09,內湖區,華廈(10層含以下有電梯),80.90379861900001,15.07962556548596,4.1505817932922655,1,RPSPMLSJRHIGFCA58DA,2023-07-13,90.325947026,13.506625506498455,3.668720054757016,0.08403299252957513,58.0,0.10431293881644953,0.4818617385352497
RPROMLQKIIIGFCA47DA,2023-09-09,內湖區,華廈(10層含以下有電梯),80.90379861900001,15.07962556548596,4.1505817932922655,2,RPXNMLTLQHIGFCA09DA,2023-06-20,89.18346773,13.34327550037283,3.928815879534565,0.12579329392074856,81.0,0.11514543630892699,0.2217659137577006
RPROMLQKIIIGFCA47DA,2023-09-09,內湖區,華廈(10層含以下有電梯),80.90379861900001,15.07962556548596,4.1505817932922655,3,RPPOMLKKPHIGFCA27DA,2023-06-24,88.19173223,17.802125667579713,11.107460643394935,0.14016574377854946,77.0,0.18054162487462375,6.95687885010267
RPSNMLTLMHJGFCA28DA,2024-03-10,內湖區,華廈(10層含以下有電梯),73.6512369075,12.898600483697518,30.61464750171116,1,RPTNMLOKLHJGFCA67DA,2024-03-04,57.3100804955,14.831575556184085,27.797399041752225,0.07696752114457173,6.0,0.14985928705440915,2.817248459958936
RPSNMLTLMHJGFCA28DA,2024-03-10,內湖區,華廈(10層含以下有電梯),73.6512369075,12.898600483697518,30.61464750171116,2,RPVNMLOJKIIGFCA67DA,2023-11-12,67.787104896,12.804825480180954,30.28884325804244,0.07937905976983557,119.0,0.007270168855534806,0.3258042436687205
RPSNMLTLMHJGFCA28DA,2024-03-10,內湖區,華廈(10層含以下有電梯),73.6512369075,12.898600483697518,30.61464750171116,3,RPVPMLLKLHJGFCA77DA,2024-02-20,99.0178475265,14.138850530206897,27.54277891854894,0.08085271940233835,19.0,0.09615384615384634,3.071868583162221
RPPNMLKKKHKGFCA96EA,2024-12-12,內湖區,華廈(10層含以下有電梯),86.911071121,22.09157582843409,27.3347022587269,1,RPWOMLNKJHKGFCA87DA,2024-12-08,64.43404717050001,21.882850820606905,16.87337440109514,0.0633608358600728,4.0,0.009448171984116089,10.461327857631758
RPPNMLKKKHKGFCA96EA,2024-12-12,內湖區,華廈(10層含以下有電梯),86.911071121,22.09157582843409,27.3347022587269,2,RPUNMLQKJHKGFCA87DA,2024-11-27,85.17123647550001,22.660275849760342,28.95277207392197,0.08087507860582183,15.0,0.025742845405997535,1.6180698151950708
RPPNMLKKKHKGFCA96EA,2024-12-12,內湖區,華廈(10層含以下有電梯),86.911071121,22.09157582843409,27.3347022587269,3,RPXNMLKMKIJGFCA87DA,2024-09-10,79.395699502,21.159875793495345,28.24366872005476,0.08832034907160582,93.0,0.04217444885663404,0.9089664613278607
RPPOMLKMPHKGFCA67DA,2025-05-16,內湖區,華廈(10層含以下有電梯),66.8571875755,22.660275849760342,30.72142368240931,1,RPROMLLJRHKGFCA87DA,2025-05-04,92.4069386835,26.837801006417536,29.68104038329911,0.07630135454266872,12.0,0.184354558803898,1.0403832991102
RPPOMLKMPHKGFCA67DA,2025-05-16,內湖區,華廈(10層含以下有電梯),66.8571875755,22.660275849760342,30.72142368240931,2,RPQQMLOKMHKGFCA87DA,2025-04-03,87.6790049765,26.51715099439316,29.3305954825462,0.09008727061787149,43.0,0.1702042450941129,1.3908281998631082
RPPOMLKMPHKGFCA67DA,2025-05-16,內湖區,華廈(10層含以下有電梯),66.8571875755,22.660275849760342,30.72142368240931,3,RPUNMLQKJHKGFCA87DA,2024-11-27,85.17123647550001,22.660275849760342,28.95277207392197,0.10199394297394355,170.0,0.0,1.768651608487339
RPTQMLTJMHKGFCA58DA,2025-02-23,內湖區,華廈(10層含以下有電梯),65.9785099225,17.505675656462838,30.17659137577002,1,RPQNMLKLLHKGFCA17DA,2025-02-15,78.36264168950001,17.457275654647837,15.143052703627651,0.13766179834059628,8.0,0.0027648176948332766,15.033538672142368
RPTQMLTJMHKGFCA58DA,2025-02-23,內湖區,華廈(10層含以下有電梯),65.9785099225,17.505675656462838,30.17659137577002,2,RPPNMLMJNHKGFCA27DA,2025-02-14,87.77421158450001,18.64610069922877,5.585215605749487,0.18783234876935273,9.0,0.06514601693450806,24.591375770020534
RPTQMLTJMHKGFCA58DA,2025-02-23,內湖區,華廈(10層含以下有電梯),65.9785099225,17.505675656462838,30.17659137577002,3,RPPNMLNJJHKGFCA96DA,2024-11-06,54.480659114000005,21.108450791566906,32.3066392881588,0.19955126510776378,109.0,0.20580611715914982,2.130047912388779
RPOOMLPLKHPFFAA57CA,2020-01-16,文山區,華廈(10層含以下有電梯),40.580494346,45.66237671233912,16.88432580424367,1,RPSPMLNKJHPFFAA67CA,2019-12-13,46.096857775500006,49.243976846649126,19.745379876796715,0.080388206289113,34.0,0.07843656840013258,2.8610540725530456
RPOOMLPLKHPFFAA57CA,2020-01-16,文山區,華廈(10層含以下有電梯),40.580494346,45.66237671233912,16.88432580424367,2,RPPNMLSJKHPFFAA67CA,2019-12-05,38.650907641500005,43.98350164938131,22.05338809034908,0.08172750956381072,42.0,0.036767141437561955,5.169062286105412
RPOOMLPLKHPFFAA57CA,2020-01-16,文山區,華廈(10層含以下有電梯),40.580494346,45.66237671233912,16.88432580424367,3,RPPOMLSKKHPFFAA87CA,2020-01-09,38.012560558,46.03747672640537,25.95208761122519,0.08919240682943662,7.0,0.008214640609473446,9.067761806981519
RPQOMLQJKIPFFAA87DA,2018-05-03,文山區,華廈(10層含以下有電梯),61.673716695500005,43.77780164166756,,1,RPVPMLQJJHGGFAA47DA,2018-04-11,61.9097497445,43.82317664336912,,0.14741756400645178,22.0,0.0010364842454395262,
RPQOMLQJKIPFFAA87DA,2018-05-03,文山區,華廈(10層含以下有電梯),61.673716695500005,43.77780164166756,,2,RPROMLQJKIPFFAA97DA,2018-03-29,63.0674356515,43.73847664019287,,0.15449248241289748,35.0,0.0008982863460475245,
RPQOMLQJKIPFFAA87DA,2018-05-03,文山區,華廈(10層含以下有電梯),61.673716695500005,43.77780164166756,,3,RPTOMLQJKIPFFAA18DA,2018-04-15,63.809584384,43.82317664336912,,0.16522578318453396,18.0,0.0010364842454395262,
RPRNMLKLMHGGFAA86EA,2021-03-18,文山區,華廈(10層含以下有電梯),43.0555355755,52.72272697710226,19.67145790554415,1,RPTOMLRJJHGGFAA27DA,2020-12-07,36.234709385,54.64360204913507,27.87953456536619,0.11092029895130778,101.0,0.03643353032302469,8.20807665982204
RPRNMLKLMHGGFAA86EA,2021-03-18,文山區,華廈(10層含以下有電梯),43.0555355755,52.72272697710226,19.67145790554415,2,RPOPMLQKJIPFFAA77DA,2020-10-23,67.0059479005,48.98080183678008,13.089664613278575,0.13774974906503426,146.0,0.07097366458201824,6.581793292265573
RPRNMLKLMHGGFAA86EA,2021-03-18,文山區,華廈(10層含以下有電梯),43.0555355755,52.72272697710226,19.67145790554415,3,RPUOMLRJKIPFFAA48EA,2020-11-11,40.2608249365,53.10387699139538,27.444216290212182,0.15384024152557876,127.0,0.007229330426300877,7.772758384668034
RPPNMLPKKIJGFAA17DA,2024-11-29,文山區,華廈(10層含以下有電梯),52.0545435025,58.68500220068758,31.668720054757017,1,RPUSMLLKPHKGFAA28DA,2024-10-09,58.08297302850001,50.61732689814976,31.52908966461328,0.07675933681161398,51.0,0.13747422680412358,0.13963039014373635
RPPNMLPKKIJGFAA17DA,2024-11-29,文山區,華廈(10層含以下有電梯),52.0545435025,58.68500220068758,31.668720054757017,2,RPOOMLOJKIJGFAA96DA,2024-10-09,42.3818165925,51.909001946587566,30.349075975359344,0.07912246367712772,51.0,0.11546391752577324,1.3196440793976727
RPPNMLPKKIJGFAA17DA,2024-11-29,文山區,華廈(10層含以下有電梯),52.0545435025,58.68500220068758,31.668720054757017,3,RPWNMLPKJHKGFAA77DA,2024-11-15,53.6373533605,48.660151824755694,31.66598220396988,0.07997358192446241,14.0,0.17082474226804115,0.002737850787138285
RPUNMLPJKHLGFAA67DA,2025-11-16,文山區,華廈(10層含以下有電梯),55.039006200500005,61.15037729313914,17.472963723477072,1,RPWNMLKKJIKGFAA37DA,2025-11-10,71.195369231,57.65952716223227,12.16700889801506,0.05979765807351836,6.0,0.057086322038090276,5.3059548254620115
RPUNMLPJKHLGFAA67DA,2025-11-16,文山區,華廈(10層含以下有電梯),55.039006200500005,61.15037729313914,17.472963723477072,2,RPTNMLQLKIKGFAA87DA,2025-10-25,64.3474356035,57.00310213761632,10.064339493497604,0.08426381086849485,22.0,0.06782092505565178,7.408624229979468
RPUNMLPJKHLGFAA67DA,2025-11-16,文山區,華廈(10層含以下有電梯),55.039006200500005,61.15037729313914,17.472963723477072,3,RPPNMLTKKIKGFAA67DA,2025-10-18,54.876031000000005,48.70250182634381,19.44695414099932,0.09950696210661922,29.0,0.20356171160029676,1.9739904175222485
RPOOMLLKPHOFFBA57CA,2019-05-13,萬華區,住宅大樓(11層含以上有電梯),64.7223116225,34.28837628581411,0.191649555099247,1,RPROMLNLNHOFFBA97CA,2019-04-12,53.539171546,37.3527014007263,4.177960301163586,0.07888083942752724,31.0,0.08936921041023385,3.986310746064339
RPOOMLLKPHOFFBA57CA,2019-05-13,萬華區,住宅大樓(11層含以上有電梯),64.7223116225,34.28837628581411,0.191649555099247,2,RPPNMLSJOHOFFBA18DA,2019-05-01,61.71239438,37.4495014043563,7.854893908281999,0.0812524451134776,12.0,0.0921923246581384,7.663244353182751
RPOOMLLKPHOFFBA57CA,2019-05-13,萬華區,住宅大樓(11層含以上有電梯),64.7223116225,34.28837628581411,0.191649555099247,3,RPSNMLOKMHOFFBA97DA,2019-02-18,61.8436340445,31.12725116727192,6.721423682409308,0.12205469263828385,84.0,0.0921923246581385,6.529774127310061
RPPOMLMKOHPFFBA77CA,2020-05-10,萬華區,住宅大樓(11層含以上有電梯),64.1140471825,90.58362839688606,9.273100616016428,1,RPVOMLRKMHPFFBA68CA,2020-02-18,54.898840916500006,95.02735356352576,3.9507186858316223,0.09658072264501044,82.0,0.049056603773585075,5.322381930184806
RPPOMLMKOHPFFBA77CA,2020-05-10,萬華區,住宅大樓(11層含以上有電梯),64.1140471825,90.58362839688606,9.273100616016428,2,RPVOMLNKNHPFFBA48DA,2020-03-15,68.83371642700001,78.32330293712386,7.98631074606434,0.10043275823082964,56.0,0.13534813825346464,1.2867898699520888
RPPOMLMKOHPFFBA77CA,2020-05-10,萬華區,住宅大樓(11層含以上有電梯),64.1140471825,90.58362839688606,9.273100616016428,3,RPXOMLKLMHPFFBA28CA,2020-01-22,54.319006227500005,99.04455371417076,8.974674880219029,0.11564888778002307,109.0,0.09340457505426622,0.29842573579739984
RPPOMLTLKIPFFBA48EA,2020-11-23,萬華區,住宅大樓(11層含以上有電梯),44.8750396395,30.752151153205663,37.15263518138261,1,RPTOMLQJJIPFFBA28EA,2020-09-22,50.893221232,30.848951156835668,37.90554414784394,0.04717219249301117,62.0,0.0031477473932718402,0.7529089664613338
RPPOMLTLKIPFFBA48EA,2020-11-23,萬華區,住宅大樓(11層含以上有電梯),44.8750396395,30.752151153205663,37.15263518138261,2,RPSOMLSKJIPFFBA48EA,2020-10-06,38.9834696125,30.782401154340043,38.26420260095825,0.057203491832031064,48.0,0.0009836710603975728,1.1115674195756426
RPPOMLTLKIPFFBA48EA,2020-11-23,萬華區,住宅大樓(11層含以上有電梯),44.8750396395,30.752151153205663,37.15263518138261,3,RPPNMLPJKIPFFBA67DA,2020-11-02,38.0095853515,28.940176085256603,40.26283367556468,0.06434717223387701,21.0,0.058921896517804294,3.1101984941820717
RPPOMLOKRHGGFBA57DA,2021-07-30,萬華區,住宅大樓(11層含以上有電梯),31.322974032000005,16.601200622545022,38.8911704312115,1,RPUOMLQJPHGGFBA08EA,2021-06-15,36.9907424145,18.38292568935972,41.08145106091718,0.0837787735113686,45.0,0.10732507288629783,2.1902806297056827
RPPOMLOKRHGGFBA57DA,2021-07-30,萬華區,住宅大樓(11層含以上有電梯),31.322974032000005,16.601200622545022,38.8911704312115,2,RPQNMLQKPHGGFBA57DA,2021-07-07,60.78148532400001,19.084725715677216,42.26146475017112,0.08408663247110386,23.0,0.14959912536443165,3.3702943189596226
RPPOMLOKRHGGFBA57DA,2021-07-30,萬華區,住宅大樓(11層含以上有電梯),31.322974032000005,16.601200622545022,38.8911704312115,3,RPSNMLRJNHGGFBA57DA,2021-04-05,49.303799804,16.428775616079086,40.8870636550308,0.09157025343028496,116.0,0.01038629737609318,1.9958932238193015
RPPOMLQLMHHGFBA47DA,2022-03-25,萬華區,住宅大樓(11層含以上有電梯),56.93718794750001,23.359050875964407,37.46748802190281,1,RPXOMLLLKHHGFBA57DA,2022-02-14,51.6988410365,23.791625892185973,41.00479123887748,0.0546287696709626,39.0,0.018518518518518653,3.5373032169746708
RPPOMLQLMHHGFBA47DA,2022-03-25,萬華區,住宅大樓(11層含以上有電梯),56.93718794750001,23.359050875964407,37.46748802190281,2,RPOPMLRJKHHGFBA17DA,2021-12-28,56.67536977550001,24.702150926330656,39.49075975359343,0.0870028207503946,87.0,0.0574980574980574,2.0232717316906204
RPPOMLQLMHHGFBA47DA,2022-03-25,萬華區,住宅大樓(11層含以上有電梯),56.93718794750001,23.359050875964407,37.46748802190281,3,RPPNMLMJMHHGFBA76DA,2022-03-18,52.30809721200001,20.32497576218659,32.15058179329227,0.1001235922848536,7.0,0.1298886298886299,5.3169062286105415
RPSSMLMLLHHGFBA67DA,2020-12-05,萬華區,住宅大樓(11層含以上有電梯),80.5186746665,29.86885112008192,,1,RPRNMLKLKHGGFBA66DA,2020-11-27,67.86379910800001,31.46000117975004,0.3066392881587953,0.15302848771229816,8.0,0.053271217338464405,
RPSSMLMLLHHGFBA67DA,2020-12-05,萬華區,住宅大樓(11層含以上有電梯),80.5186746665,29.86885112008192,,2,RPPOMLTLKIPFFBA48EA,2020-11-23,44.8750396395,30.752151153205663,37.15263518138261,0.15525909103100888,12.0,0.029572614948348893,
RPSSMLMLLHHGFBA67DA,2020-12-05,萬華區,住宅大樓(11層含以上有電梯),80.5186746665,29.86885112008192,,3,RPRNMLTLKIPFFBA58EA,2020-12-01,66.7514024555,31.46000117975004,9.555099247091034,0.16429824535191884,4.0,0.053271217338464405,
RPRNMLRKJHJGFBA47DA,2023-11-25,萬華區,住宅大樓(11層含以上有電梯),64.36561742100001,29.0369760888866,3.789185489390828,1,RPSOMLMJJIIGFBA07DA,2023-10-30,71.6380138425,33.24172624656473,4.060232717316906,0.06711750756154886,26.0,0.14480675070319826,0.27104722792607827
RPRNMLRKJHJGFBA47DA,2023-11-25,萬華區,住宅大樓(11層含以上有電梯),64.36561742100001,29.0369760888866,3.789185489390828,2,RPOOMLOJKIIGFBA96DA,2023-10-15,74.085286478,27.83302604373848,7.540041067761807,0.06778324169366168,41.0,0.04146265235962053,3.750855578370979
RPRNMLRKJHJGFBA47DA,2023-11-25,萬華區,住宅大樓(11層含以上有電梯),64.36561742100001,29.0369760888866,3.789185489390828,3,RPPOMLQKJIIGFBA27DA,2023-11-13,82.46809608100001,30.10782612904348,8.75564681724846,0.06875968809058411,12.0,0.036878841545994516,4.9664613278576315
RPUNMLPJJHJGFBA47DA,2023-11-29,萬華區,住宅大樓(11層含以上有電梯),50.021816306000005,23.90960089661003,43.53730321697468,1,RPQNMLLJIIIGFBA56DA,2023-09-27,45.7748743165,24.030600901147533,43.162217659137575,0.038167230795119786,63.0,0.005060728744939401,0.37508555783710307
RPUNMLPJJHJGFBA47DA,2023-11-29,萬華區,住宅大樓(11層含以上有電梯),50.021816306000005,23.90960089661003,43.53730321697468,2,RPROMLSJKIIGFBA67DA,2023-11-28,72.768922891,23.08680086575504,30.62012320328542,0.09308747059597194,1.0,0.03441295546558653,12.917180013689258
RPUNMLPJJHJGFBA47DA,2023-11-29,萬華區,住宅大樓(11層含以上有電梯),50.021816306000005,23.90960089661003,43.53730321697468,3,RPPNMLOKKIIGFBA17EA,2023-11-25,56.259171444,17.774900666558775,43.52635181382615,0.10871583608327441,4.0,0.25657894736842096,0.010951403148524719
RPWTMLMLOHHGFDA68DA,2022-06-19,南港區,華廈(10層含以下有電梯),62.4961960035,66.69217750095666,16.16974674880219,1,RPOPMLKLMHHGFDA07DA,2022-04-10,60.289584516000005,66.01457747554664,15.978097193702943,0.04287045152949384,70.0,0.010160112486959893,0.19164955509924653
RPWTMLMLOHHGFDA68DA,2022-06-19,南港區,華廈(10層含以下有電梯),62.4961960035,66.69217750095666,16.16974674880219,2,RPQOMLPLNHHGFDA77DA,2022-03-22,69.753385814,75.26502782243854,15.268993839835728,0.09826113593882183,89.0,0.12854356601805222,0.9007529089664619
RPWTMLMLOHHGFDA68DA,2022-06-19,南港區,華廈(10層含以下有電梯),62.4961960035,66.69217750095666,16.16974674880219,3,RPQNMLTKMHHGFDA87DA,2022-04-10,70.3163609995,65.41865245319946,14.313483915126625,0.11820981643615659,70.0,0.01909556855808068,1.856262833675565
RPPPMLOJNHHGFDA47DA,2021-11-29,南港區,華廈(10層含以下有電梯),64.88627855850001,22.95370086076377,,1,RPVPMLQLJIGGFDA18EA,2021-10-24,78.25322020600001,21.81630081811128,7.613963039014374,0.17040253416232778,36.0,0.04955192409066903,
RPPPMLOJNHHGFDA47DA,2021-11-29,南港區,華廈(10層含以下有電梯),64.88627855850001,22.95370086076377,,2,RPOTMLNJKIGGFDA37DA,2021-11-07,76.543468204,25.116575941871595,7.652292950034223,0.20059005487315162,22.0,0.09422772799156605,
RPPPMLOJNHHGFDA47DA,2021-11-29,南港區,華廈(10層含以下有電梯),64.88627855850001,22.95370086076377,,3,RPQQMLQKJIGGFDA67EA,2021-10-31,78.3613193755,20.694025776025963,12.082135523613964,0.21701279718276623,29.0,0.09844491302055847,
RPTOMLPLNHGGFDA08EA,2021-04-25,松山區,住宅大樓(11層含以上有電梯),93.52065765,31.169601168860044,13.834360027378509,1,RPTNMLRJNHGGFDA87DA,2021-04-10,90.5477651995,35.20797632029911,13.713894592744696,0.06083463931333183,15.0,0.12956133540372664,0.12046543463381276
RPTOMLPLNHGGFDA08EA,2021-04-25,松山區,住宅大樓(11層含以上有電梯),93.52065765,31.169601168860044,13.834360027378509,2,RPSPMLQLKHGGFDA87EA,2021-01-17,101.738178003,28.5045760689216,14.403832991101986,0.09006101028447774,98.0,0.08550077639751559,0.5694729637234772
RPTOMLPLNHGGFDA08EA,2021-04-25,松山區,住宅大樓(11層含以上有電梯),93.52065765,31.169601168860044,13.834360027378509,3,RPQOMLOKMHGGFDA37DA,2021-03-21,80.14016228400001,30.945751160465665,27.99452429842573,0.10749249050353872,35.0,0.007181677018633661,14.160164271047222
RPXPMLKKNHOFFAA18CA,2019-03-22,中正區,套房(1房1廳1衛),89.3709057395,10.62985039861939,10.85557837097878,1,RPXOMLLKMHOFFAA08CA,2019-02-21,101.001649105,9.90082537128095,10.959616700889802,0.0475574438150614,29.0,0.06858281161070011,0.10403832991102213
RPXPMLKKNHOFFAA18CA,2019-03-22,中正區,套房(1房1廳1衛),89.3709057395,10.62985039861939,10.85557837097878,2,RPUOMLKLKHOFFAA57CA,2018-12-29,111.3682602865,10.775050404064393,9.319644079397673,0.07222571429243836,83.0,0.0136596471257829,1.535934291581107
RPXPMLKKNHOFFAA18CA,2019-03-22,中正區,套房(1房1廳1衛),89.3709057395,10.62985039861939,10.85557837097878,3,RPQPMLNJNHOFFAA77DA,2019-02-28,88.5675999845,9.032650338724387,11.4798083504449,0.07710624519280082,22.0,0.1502561183836084,0.6242299794661204
RPROMLQKJHOFFFA28DA,2018-11-15,大安區,住宅大樓(11層含以上有電梯),85.4429720025,35.11117631666911,35.2498288843258,1,RPWNMLTKKINFFFA98CA,2018-11-14,62.809584421500006,35.63147633618036,32.65160848733744,0.038963667801136484,1.0,0.014818643921771431,2.59822039698836
RPROMLQKJHOFFFA28DA,2018-11-15,大安區,住宅大樓(11層含以上有電梯),85.4429720025,35.11117631666911,35.2498288843258,2,RPSNMLTKJHOFFFA48CA,2018-11-06,70.8016502375,39.09812646617974,33.45927446954141,0.054467873436255476,9.0,0.11355216679589912,1.7905544147843884
RPROMLQKJHOFFFA28DA,2018-11-15,大安區,住宅大樓(11層含以上有電梯),85.4429720025,35.11117631666911,35.2498288843258,3,RPPOMLTKKINFFFA38CA,2018-10-30,78.1352036815,35.42577632846661,33.53593429158111,0.055059101014206385,16.0,0.008960110278280396,1.713894592744694
RPSOMLPJRHOFFFA88CA,2019-06-26,大安區,住宅大樓(11層含以上有電梯),125.4872680215,71.60175268506572,2.4531143052703626,1,RPQNMLTJPHOFFFA78CA,2019-04-27,88.8188396445,69.80490261768384,6.450376454483231,0.06805654944706509,60.0,0.025095057034220603,3.9972621492128684
RPSOMLPJRHOFFFA88CA,2019-06-26,大安區,住宅大樓(11層含以上有電梯),125.4872680215,71.60175268506572,2.4531143052703626,2,RPPOMLOJOHOFFFA18CA,2019-03-22,124.5034664055,74.59650279736884,2.190280629705681,0.07688902470714609,96.0,0.04182509505703414,0.2628336755646816
RPSOMLPJRHOFFFA88CA,2019-06-26,大安區,住宅大樓(11層含以上有電梯),125.4872680215,71.60175268506572,2.4531143052703626,3,RPVNMLQJNHOFFFA78CA,2019-03-23,125.0019787835,71.60175268506572,2.193018480492813,0.0783552736444357,95.0,0.0,0.26009582477754956
RPSNMLSJJHPFFFA38CA,2019-11-19,大安區,住宅大樓(11層含以上有電梯),85.7570215775,41.04622653923349,33.779603011635864,1,RPQNMLPKJIOFFFA97CA,2019-10-22,70.9107411425,40.332326512462245,34.51334702258727,0.046589818992956514,28.0,0.01739258604171251,0.7337440109514048
RPSNMLSJJHPFFFA38CA,2019-11-19,大安區,住宅大樓(11層含以上有電梯),85.7570215775,41.04622653923349,33.779603011635864,2,RPVPMLLJJIOFFFA18CA,2019-09-19,74.084625321,40.332326512462245,34.42299794661191,0.04755359872723495,61.0,0.01739258604171251,0.6433949349760439
RPSNMLSJJHPFFFA38CA,2019-11-19,大安區,住宅大樓(11層含以上有電梯),85.7570215775,41.04622653923349,33.779603011635864,3,RPOOMLQJJIOFFFA97DA,2019-09-22,73.184790644,37.71267641422536,33.43737166324436,0.0669170652542089,58.0,0.08121453312698049,0.3422313483915005
RPPOMLRKLHPFFFA38CA,2020-02-08,大安區,住宅大樓(11層含以上有電梯),97.084955037,81.24847804681791,4.076659822039699,1,RPSNMLQLKIOFFFA58DA,2019-12-02,94.956690654,77.93005292237699,3.3648186173853527,0.0629405891051196,68.0,0.040842920436352556,0.7118412046543461
RPPOMLRKLHPFFFA38CA,2020-02-08,大安區,住宅大樓(11層含以上有電梯),97.084955037,81.24847804681791,4.076659822039699,2,RPOOMLKLLHPFFFA77DA,2019-12-27,65.0720636755,80.75540302832762,7.594798083504449,0.06468107266868614,43.0,0.006068729289995592,3.51813826146475
RPPOMLRKLHPFFFA38CA,2020-02-08,大安區,住宅大樓(11層含以上有電梯),97.084955037,81.24847804681791,4.076659822039699,3,RPPOMLTJMHPFFFA58CA,2019-12-30,87.351401683,97.30820364905762,3.967145790554415,0.10469050897002553,40.0,0.19766186380728995,0.1095140314852836
UPTNMLNJIIPFFFA38DA,2018-11-13,大安區,住宅大樓(11層含以上有電梯),90.00330241,23.7613758910516,,1,RPROMLRLJINFFFA38CA,2018-09-16,80.00660857000001,23.12310086711628,,0.19570628643843518,58.0,0.026861871419478375,
UPTNMLNJIIPFFFA38DA,2018-11-13,大安區,住宅大樓(11層含以上有電梯),90.00330241,23.7613758910516,,2,RPRNMLSJKINFFFA38DA,2018-10-29,96.7547071155,24.80500093018753,,0.20192488569942058,15.0,0.04392106938255844,
UPTNMLNJIIPFFFA38DA,2018-11-13,大安區,住宅大樓(11層含以上有電梯),90.00330241,23.7613758910516,,3,RPVOMLSLJINFFFA98DA,2018-09-30,78.7044598585,20.176750756628152,41.74948665297741,0.2135770195524475,44.0,0.1508593252705285,
RPXNMLMJQHJGFFA58DA,2024-06-18,大安區,住宅大樓(11層含以上有電梯),99.276690492,32.91805123442692,38.17659137577002,1,RPWNMLMLPHJGFFA58DA,2024-06-07,82.3117324505,33.04510123919129,39.044490075290895,0.032112482222295624,11.0,0.003859584635177224,0.8678986995208717
RPXNMLMJQHJGFFA58DA,2024-06-18,大安區,住宅大樓(11層含以上有電梯),99.276690492,32.91805123442692,38.17659137577002,2,RPWNMLSLNHJGFFA98DA,2024-05-02,101.272723475,32.5853012219488,37.02669404517454,0.043969435321328985,47.0,0.010108435949273938,1.1498973305954863
RPXNMLMJQHJGFFA58DA,2024-06-18,大安區,住宅大樓(11層含以上有電梯),99.276690492,32.91805123442692,38.17659137577002,3,RPOPMLOJPHJGFFA97DA,2024-06-08,78.788757376,29.89002612087598,37.18822724161533,0.04678330789067241,10.0,0.0919867671383936,0.9883641341546934
RPPOMLPLLHJGFFA87DA,2024-01-28,大安區,住宅大樓(11層含以上有電梯),108.6026405555,40.87380153276756,38.62833675564682,1,RPSNMLLLKHJGFFA67EA,2024-01-27,119.9256153375,40.85867653220036,38.14647501711157,0.014398985598350535,1.0,0.000370041444641994,0.48186173853525105
RPPOMLPLLHJGFFA87DA,2024-01-28,大安區,住宅大樓(11層含以上有電梯),108.6026405555,40.87380153276756,38.62833675564682,2,RPOOMLTKKHJGFFA97DA,2024-01-10,118.36032614,43.83225164370944,38.09993155373032,0.045304140356806556,18.0,0.07238010657193614,0.5284052019164989
RPPOMLPLLHJGFFA87DA,2024-01-28,大安區,住宅大樓(11層含以上有電梯),108.6026405555,40.87380153276756,38.62833675564682,3,RPPNMLTKKHJGFFA08EA,2024-01-19,83.995368751,39.04972646436474,38.6611909650924,0.05105578455041518,9.0,0.04462699822380119,0.03285420944558126
RPPNMLLJKHLGFFA27DA,2026-01-13,大安區,住宅大樓(11層含以上有電梯),100.2766904545,11.966900448758766,47.58658453114305,1,RPQOMLKMKIKGFFA67DA,2025-11-23,121.313053302,11.210650420399393,47.01984941820671,0.09099242045383084,51.0,0.06319514661273991,0.5667351129363425
RPPNMLLJKHLGFFA27DA,2026-01-13,大安區,住宅大樓(11層含以上有電梯),100.2766904545,11.966900448758766,47.58658453114305,2,RPOOMLQJJHLGFFA67DA,2025-11-24,121.50908635250002,13.579225509220956,42.94318959616701,0.10080075638158255,50.0,0.13473205257836202,4.643394934976044
RPPNMLLJKHLGFFA27DA,2026-01-13,大安區,住宅大樓(11層含以上有電梯),100.2766904545,11.966900448758766,47.58658453114305,3,RPPNMLSLKIKGFFA18DA,2025-10-28,118.2046236665,12.68987547587033,43.44421629021218,0.10904871808319505,77.0,0.06041456016177966,4.142368240930871
RPWNMLKLPHOFFAA28DA,2019-04-13,文山區,住宅大樓(11層含以上有電梯),55.7166921255,20.963250786121904,22.74332648870637,1,RPTNMLPKOHOFFAA28DA,2019-03-16,52.036361685,21.67715081289316,19.964407939767284,0.07064342990449159,28.0,0.034054834054834296,2.7789185489390853
RPWNMLKLPHOFFAA28DA,2019-04-13,文山區,住宅大樓(11層含以上有電梯),55.7166921255,20.963250786121904,22.74332648870637,2,RPQNMLRKLHOFFAA87DA,2019-01-23,60.708096897,21.41397580302409,24.854209445585216,0.10742810426082341,80.0,0.021500721500721427,2.1108829568788465
RPWNMLKLPHOFFAA28DA,2019-04-13,文山區,住宅大樓(11層含以上有電梯),55.7166921255,20.963250786121904,22.74332648870637,3,RPSNMLTLKINFFAA28DA,2018-12-02,54.9676012445,20.70310077636628,24.711841204654345,0.11600195453364136,132.0,0.012409812409812312,1.9685147159479754
RPPNMLTKNHOFFAA18DA,2019-03-10,文山區,住宅大樓(11層含以上有電梯),69.13520401900001,51.70027693876038,6.321697467488022,1,RPXNMLMKMHOFFAA08CA,2019-03-08,61.685948100000005,51.87572694533976,1.3333333333333333,0.03577247926831728,2.0,0.0033935989702182376,4.988364134154689
RPPNMLTKNHOFFAA18DA,2019-03-10,文山區,住宅大樓(11層含以上有電梯),69.13520401900001,51.70027693876038,6.321697467488022,2,RPOPMLMLKHOFFAA37DA,2019-01-23,44.092560330000005,54.47117704266913,4.698151950718686,0.06622303203683232,46.0,0.053595459598619104,1.6235455167693358
RPPNMLTKNHOFFAA18DA,2019-03-10,文山區,住宅大樓(11層含以上有電梯),69.13520401900001,51.70027693876038,6.321697467488022,3,RPRNMLPKKHOFFAA57CA,2019-01-07,39.244296049000006,49.68865186332444,2.940451745379877,0.06727488775422208,62.0,0.03890936750336442,3.381245722108145
RPQOMLKLNHPFFAA57CA,2020-02-26,文山區,住宅大樓(11層含以上有電梯),62.219832377500005,22.74195085282316,0.1286789869952087,1,RPTPMLSJNHPFFAA58CA,2020-01-19,60.24098947650001,22.74195085282316,0.0246406570841889,0.03615692427258909,38.0,0.0,0.10403832991101979
RPQOMLKLNHPFFAA57CA,2020-02-26,文山區,住宅大樓(11層含以上有電梯),62.219832377500005,22.74195085282316,0.1286789869952087,2,RPOQMLSJNHPFFAA18CA,2020-02-08,64.5477661745,23.4709758801616,0.0793976728268309,0.054662492895170396,18.0,0.03205639797818579,0.04928131416837779
RPQOMLKLNHPFFAA57CA,2020-02-26,文山區,住宅大樓(11層含以上有電梯),62.219832377500005,22.74195085282316,0.1286789869952087,3,RPVOMLOKNHPFFAA38CA,2020-02-15,62.27669187950001,20.03155075118315,0.0985626283367556,0.05529860806246347,11.0,0.11918063314711379,0.030116358658453093
RPUNMLSLPHGGFAA18DA,2021-07-05,文山區,住宅大樓(11層含以上有電梯),63.223799282,61.86125231979696,5.9575633127994525,1,RPQPMLRLPHGGFAA87DA,2021-04-24,66.716691713,61.86125231979696,5.760438056125941,0.060437681077888106,72.0,0.0,0.19712525667351155
RPUNMLSLPHGGFAA18DA,2021-07-05,文山區,住宅大樓(11層含以上有電梯),63.223799282,61.86125231979696,5.9575633127994525,2,RPQNMLKMMHGGFAA86EA,2021-03-30,54.91900620500001,60.772252278959456,1.894592744695414,0.08105547839375252,97.0,0.017603911980440146,4.0629705681040384
RPUNMLSLPHGGFAA18DA,2021-07-05,文山區,住宅大樓(11層含以上有電梯),63.223799282,61.86125231979696,5.9575633127994525,3,RPVNMLMLRHGGFAA87DA,2021-06-06,56.35669210150001,56.60380212264258,13.06776180698152,0.08452045803454145,29.0,0.08498777506112472,7.110198494182068
RPSNMLRJMHGGFAA37DA,2021-03-01,文山區,住宅大樓(11層含以上有電梯),74.415203821,14.916275559360331,12.336755646817249,1,RPOOMLQJJHGGFAA66DA,2020-11-19,65.7041297675,14.093475528505332,11.841204654346338,0.09964429160724034,102.0,0.05516122490367055,0.4955509924709105
RPSNMLRJMHGGFAA37DA,2021-03-01,文山區,住宅大樓(11層含以上有電梯),74.415203821,14.916275559360331,12.336755646817249,2,RPQPMLPJJHGGFAA96EA,2020-12-15,47.912064319,13.316050499351894,17.232032854209447,0.11676362442111762,76.0,0.1072804704928005,4.895277207392198
RPSNMLRJMHGGFAA37DA,2021-03-01,文山區,住宅大樓(11層含以上有電梯),74.415203821,14.916275559360331,12.336755646817249,3,RPTOMLQJJHGGFAA17DA,2020-11-24,80.3897490515,12.638450473941893,10.151950718685832,0.1306175242238814,97.0,0.15270736158994105,2.184804928131417
RPXNMLLKKIIGFAA47DA,2023-11-19,文山區,住宅大樓(11層含以上有電梯),53.27008064700001,47.90692679650975,26.44216290212184,1,RPSNMLOJKIIGFAA17DA,2023-09-28,59.235039101000005,48.7418268278185,25.54688569472964,0.05161978409269101,52.0,0.017427543095283146,0.8952772073922013
RPXNMLLKKIIGFAA47DA,2023-11-19,文山區,住宅大樓(11層含以上有電梯),53.27008064700001,47.90692679650975,26.44216290212184,2,RPQNMLMLJIIGFAA86DA,2023-11-11,45.385452843500005,46.27040173514006,26.420260095824776,0.09539662266554702,8.0,0.03416051019763842,0.02190280629706365
RPXNMLLKKIIGFAA47DA,2023-11-19,文山區,住宅大樓(11層含以上有電梯),53.27008064700001,47.90692679650975,26.44216290212184,3,RPPPMLOLJIIGFAA17DA,2023-10-29,49.0714031185,48.215476808080375,28.24366872005476,0.10113116631755993,21.0,0.006440613752604628,1.8015058179329202
RPROMLRLJHLGFAA77DA,2025-11-04,文山區,住宅大樓(11層含以上有電梯),99.9242937735,77.33110289991635,14.809034907597535,1,RPTOMLSLMHLGFAA38DA,2025-10-27,60.6390059905,74.62977779861667,15.06091718001369,0.0451418777156644,8.0,0.03493193553434495,0.2518822724161538
RPROMLRLJHLGFAA77DA,2025-11-04,文山區,住宅大樓(11層含以上有電梯),99.9242937735,77.33110289991635,14.809034907597535,2,RPUNMLKMIIKGFAA27DA,2025-10-05,80.43041020700001,84.15247815571793,15.85763175906913,0.07187301621582703,30.0,0.08820998278829621,1.0485968514715953
RPROMLRLJHLGFAA77DA,2025-11-04,文山區,住宅大樓(11層含以上有電梯),99.9242937735,77.33110289991635,14.809034907597535,3,RPXNMLPLJIKGFAA08DA,2025-11-03,81.63404652550001,64.06345240237947,17.149897330595483,0.08488895796921797,1.0,0.17156939446096053,2.3408624229979473
RPVNMLRJJHOFFCA18CA,2018-11-18,內湖區,公寓(5樓含以下無電梯),27.644296484,28.5771760716441,38.27789185489391,1,RPTOMLMLKINFFCA87CA,2018-11-17,43.507436385000005,28.546926070509727,36.88158795345654,0.007899952698270176,1.0,0.0010585371017253493,1.3963039014373706
RPVNMLRJJHOFFCA18CA,2018-11-18,內湖區,公寓(5樓含以下無電梯),27.644296484,28.5771760716441,38.27789185489391,2,RPOQMLPKJINFFCA67CA,2018-10-20,51.0152046985,28.912951084235665,37.44284736481862,0.04417805004948383,29.0,0.011749761829152185,0.8350444900752905
RPVNMLRJJHOFFCA18CA,2018-11-18,內湖區,公寓(5樓含以下無電梯),27.644296484,28.5771760716441,38.27789185489391,3,RPXRMLLKJHOFFCA28CA,2018-11-16,54.59702274600001,24.36032591351222,37.99315537303217,0.05416559801345062,2.0,0.1475600719805229,0.28473648186174216
RPRRMLLLQHOFFCA58DA,2019-07-06,內湖區,公寓(5樓含以下無電梯),42.760328975,35.89767634616286,37.5441478439425,1,RPTRMLQJQHOFFCA98CA,2019-07-05,31.7477674045,34.96295131111067,34.47775496235455,0.04499341766094593,1.0,0.02603859442150502,3.0663928815879444
RPRRMLLLQHOFFCA58DA,2019-07-06,內湖區,公寓(5樓含以下無電梯),42.760328975,35.89767634616286,37.5441478439425,2,RPUSMLNLPHOFFCA09DA,2019-06-08,37.1923952995,32.264651209924416,37.43463381245722,0.05131179372664274,28.0,0.10120502233083346,0.10951403148527561
RPRRMLLLQHOFFCA58DA,2019-07-06,內湖區,公寓(5樓含以下無電梯),42.760328975,35.89767634616286,37.5441478439425,3,RPURMLKKPHOFFCA48CA,2019-06-16,41.267436469,36.34840136306505,36.25462012320329,0.06180108219251322,20.0,0.012555827083508947,1.2895277207392084
RPXOMLSKQHPFFCA07EA,2020-07-12,內湖區,公寓(5樓含以下無電梯),44.312064454,35.20495132018567,39.78097193702944,1,RPSPMLNJQHPFFCA68EA,2020-06-26,43.1619818525,35.40157632755911,35.17316906228611,0.033760940892183615,16.0,0.005585152087987732,4.607802874743335
RPXOMLSKQHPFFCA07EA,2020-07-12,內湖區,公寓(5樓含以下無電梯),44.312064454,35.20495132018567,39.78097193702944,2,RPTPMLNKQHPFFCA78DA,2020-06-19,42.2350397385,33.14795124304817,40.26557152635181,0.035475986856347785,23.0,0.05842928338202438,0.48459958932237157
RPXOMLSKQHPFFCA07EA,2020-07-12,內湖區,公寓(5樓含以下無電梯),44.312064454,35.20495132018567,39.78097193702944,3,RPVQMLTKQHPFFCA17EA,2020-07-11,51.7279319445,33.25080124690505,36.31211498973306,0.037319966666484426,1.0,0.05550781921292305,3.4688569472963806
RPTRMLTLKIPFFCA56DA,2020-11-28,內湖區,公寓(5樓含以下無電梯),67.086278476,28.02360105088504,39.89596167008898,1,RPXPMLMJKIPFFCA58EA,2020-11-10,52.126279037,28.39265106472441,34.86379192334018,0.0396331025014587,18.0,0.013169257340241606,5.032169746748799
RPTRMLTLKIPFFCA56DA,2020-11-28,內湖區,公寓(5樓含以下無電梯),67.086278476,28.02360105088504,39.89596167008898,2,RPPOMLPJKHGGFCA96DA,2020-11-21,51.921320367,27.92680104725504,36.63791923340178,0.04133480962351929,7.0,0.003454231433506082,3.258042436687198
RPTRMLTLKIPFFCA56DA,2020-11-28,內湖區,公寓(5樓含以下無電梯),67.086278476,28.02360105088504,39.89596167008898,3,RPOOMLQKJIPFFCA87DA,2020-10-12,61.1983448125,27.7785760416966,36.41341546885695,0.04622638882431622,47.0,0.008743523316062325,3.482546201232033
RPWPMLPKKHHGFCA08EA,2021-12-25,內湖區,公寓(5樓含以下無電梯),53.62743600550001,40.27787651042037,32.84052019164955,1,RPTSMLSJKHHGFCA18DA,2021-12-11,52.837353390500006,39.17677646912911,32.49555099247091,0.018964235087400964,14.0,0.027337589185129782,0.3449691991786423
RPWPMLPKKHHGFCA08EA,2021-12-25,內湖區,公寓(5樓含以下無電梯),53.62743600550001,40.27787651042037,32.84052019164955,2,RPXRMLPKLHHGFCA38DA,2021-12-19,44.799006584500006,37.50092640628474,32.988364134154686,0.02815757062996866,6.0,0.0689447990987608,0.14784394250513344
RPWPMLPKKHHGFCA08EA,2021-12-25,內湖區,公寓(5樓含以下無電梯),53.62743600550001,40.27787651042037,32.84052019164955,3,RPQQMLTKJIGGFCA77DA,2021-11-06,54.257849205,40.5471015205163,32.70636550308008,0.02985955527814481,49.0,0.006684190762297962,0.134154688569474
RPTQMLMJOHHGFCA77DA,2022-05-21,內湖區,公寓(5樓含以下無電梯),57.22346892850001,33.37785125166942,39.12388774811773,1,RPSPMLSLOHHGFCA38DA,2022-05-15,52.0492542465,33.96772627378974,36.55852156057495,0.022299929033015878,6.0,0.01767264817835792,2.5653661875427787
RPTQMLMJOHHGFCA77DA,2022-05-21,內湖區,公寓(5樓含以下無電梯),57.22346892850001,33.37785125166942,39.12388774811773,2,RPPTMLMLKHHGFCA57EA,2022-05-13,40.3295852645,32.23440120879005,40.38329911019849,0.022670830526017528,8.0,0.034257748776508855,1.2594113620807619
RPTQMLMJOHHGFCA77DA,2022-05-21,內湖區,公寓(5樓含以下無電梯),57.22346892850001,33.37785125166942,39.12388774811773,3,RPVWMLMLKHHGFCA48EA,2022-05-07,49.6737171455,32.21020120788254,37.70841889117043,0.0269925503352752,14.0,0.03498278049664678,1.4154688569472995
RPVNMLQLLHHGFCA97DA,2022-02-20,內湖區,公寓(5樓含以下無電梯),63.928592644000005,29.72062611452348,34.04517453798768,1,RPPNMLPKKHHGFCA07DA,2022-02-08,51.984130282,29.72062611452348,37.74401095140315,0.02506952453283078,12.0,0.0,3.6988364134154708
RPVNMLQLLHHGFCA97DA,2022-02-20,內湖區,公寓(5樓含以下無電梯),63.928592644000005,29.72062611452348,34.04517453798768,2,RPSQMLRJLHHGFCA87DA,2022-02-13,45.105452854000006,29.04302608911348,37.11156741957564,0.04714722461219931,7.0,0.022798982188295173,3.0663928815879657
RPVNMLQLLHHGFCA97DA,2022-02-20,內湖區,公寓(5樓含以下無電梯),63.928592644000005,29.72062611452348,34.04517453798768,3,RPUOMLSJKHHGFCA87DA,2022-01-16,47.6042957355,29.409051102839413,38.93771389459275,0.04730999017073497,35.0,0.010483460559796558,4.89253935660507
RPPOMLLKJIOFFDA37CA,2019-09-21,南港區,住宅大樓(11層含以上有電梯),48.39768413550001,77.5035279063823,16.61054072553046,1,RPRNMLTJJHPFFDA18CA,2019-09-16,47.8211552315,83.22682812100605,6.888432580424367,0.08558786085937936,5.0,0.0738456734709807,9.722108145106091
RPPOMLLKJIOFFDA37CA,2019-09-21,南港區,住宅大樓(11層含以上有電梯),48.39768413550001,77.5035279063823,16.61054072553046,2,RPWOMLSLJIOFFDA98DA,2019-09-12,52.1444608545,76.12412785465479,5.700205338809035,0.0869245700510522,9.0,0.017797900160025148,10.910335386721425
RPPOMLLKJIOFFDA37CA,2019-09-21,南港區,住宅大樓(11層含以上有電梯),48.39768413550001,77.5035279063823,16.61054072553046,3,RPRNMLQLQHOFFDA68CA,2019-07-20,65.1441297885,70.61257764797166,10.316221765913758,0.10879945837367946,63.0,0.08891143983451082,6.294318959616701
RPTOMLSJPHGGFDA28DA,2021-04-10,南港區,住宅大樓(11層含以上有電梯),77.3325590835,35.79180134219255,8.522929500342231,1,RPOQMLOJNHGGFDA47EA,2021-04-08,83.5494183545,37.82762641853599,9.06776180698152,0.03936429252440002,2.0,0.05687964841108864,0.5448323066392895
RPTOMLSJPHGGFDA28DA,2021-04-10,南港區,住宅大樓(11層含以上有電梯),77.3325590835,35.79180134219255,8.522929500342231,2,RPWNMLLKQHGGFDA08EA,2021-04-08,74.376856715,35.54072633277723,8.123203285420944,0.04216511232136921,2.0,0.007014874915483542,0.39972621492128724
RPTOMLSJPHGGFDA28DA,2021-04-10,南港區,住宅大樓(11層含以上有電梯),77.3325590835,35.79180134219255,8.522929500342231,3,RPTNMLQJMHGGFDA77EA,2021-02-27,89.87536853050001,36.542001370325046,8.958247775496236,0.06234450968751003,42.0,0.020960108181203398,0.435318275154005
RPPPMLMKKIJGFDA37DA,2019-11-07,南港區,住宅大樓(11層含以上有電梯),61.1474357235,35.01740131315255,,1,RPUOMLTKKIJGFDA48DA,2019-09-22,59.486939918,35.01740131315255,,0.1578977871443625,46.0,0.0,
RPPPMLMKKIJGFDA37DA,2019-11-07,南港區,住宅大樓(11層含以上有電梯),61.1474357235,35.01740131315255,,2,RPTNMLLJJHKGFDA27DA,2019-10-21,61.4985100905,35.01740131315255,,0.17277660695468916,17.0,0.0,
RPPPMLMKKIJGFDA37DA,2019-11-07,南港區,住宅大樓(11層含以上有電梯),61.1474357235,35.01740131315255,,3,RPQQMLMKKIJGFDA57DA,2019-08-10,59.486939918,35.01740131315255,,0.18145943097997894,89.0,0.0,
RPPPMLMLJHGGFBA86EA,2021-01-30,大同區,住宅大樓(11層含以上有電梯),67.170906572,7.771225291420948,10.247775496235455,1,RPQPMLMJJIPFFBA57DA,2020-10-04,63.696526537,7.771225291420948,9.924709103353868,0.07536377530189238,118.0,0.0,0.32306639288158756
RPPPMLMLJHGGFBA86EA,2021-01-30,大同區,住宅大樓(11層含以上有電梯),67.170906572,7.771225291420948,10.247775496235455,2,RPOPMLOJKHGGFBA86EA,2021-01-14,57.27272512500001,8.730150327380636,16.32854209445585,0.09826805808704668,16.0,0.12339431685480726,6.0807665982203964
RPPPMLMLJHGGFBA86EA,2021-01-30,大同區,住宅大樓(11層含以上有電梯),67.170906572,7.771225291420948,10.247775496235455,3,RPRPMLKMRHPFFBA48DA,2020-09-05,78.63272432400001,7.47780028041751,13.28952772073922,0.11806287427449323,147.0,0.03775788244453099,3.0417522245037656
RPQOMLOJKIOFFBA57CA,2019-10-27,中正區,公寓(5樓含以下無電梯),66.887270219,38.36305143861443,48.46269678302532,1,RPOOMLTLQHOFFBA58CA,2019-07-12,66.559336347,36.05800135217505,47.53182751540041,0.08431428934871235,107.0,0.06008516006938973,0.9308692676249137
RPQOMLOJKIOFFBA57CA,2019-10-27,中正區,公寓(5樓含以下無電梯),66.887270219,38.36305143861443,48.46269678302532,2,RPPNMLSLRHOFFBA68DA,2019-08-18,58.41057632200001,32.18600120697504,44.49555099247091,0.11454735777411956,70.0,0.16101561267938813,3.9671457905544116
RPQOMLOJKIOFFBA57CA,2019-10-27,中正區,公寓(5樓含以下無電梯),66.887270219,38.36305143861443,48.46269678302532,3,RPTOMLTKJIOFFBA38CA,2019-10-09,73.8965261545,43.98047664926787,38.29705681040383,0.12694101643194733,18.0,0.14642800820059923,10.165639972621491
RPQQMLQLLHPFFAA28DA,2020-03-07,中正區,公寓(5樓含以下無電梯),53.12826247050001,41.40922655284599,38.46680355920602,1,RPQNMLTJNHPFFBA38DA,2020-02-28,80.62644325750001,47.56510178369132,44.22450376454484,0.08520289034238307,8.0,0.1486595076338667,5.757700205338821
RPQQMLQLLHPFFAA28DA,2020-03-07,中正區,公寓(5樓含以下無電梯),53.12826247050001,41.40922655284599,38.46680355920602,2,RPPNMLRLMHPFFBA08CA,2020-02-11,69.35999739900001,35.32292632460973,28.85968514715948,0.11317698646049609,25.0,0.14697932646650602,9.607118412046539
RPQQMLQLLHPFFAA28DA,2020-03-07,中正區,公寓(5樓含以下無電梯),53.12826247050001,41.40922655284599,38.46680355920602,3,RPXNMLRKMHPFFAA68CA,2020-02-28,51.39173361,43.10020161625756,32.39972621492129,0.12901144599109027,8.0,0.04083570750237415,6.067077344284733
RPPNMLRJRHIGFAA77DA,2023-08-28,中正區,公寓(5樓含以下無電梯),83.8905753665,9.631600361185011,46.52703627652293,1,RPTNMLSKPHIGFAA18DA,2023-07-17,66.603633866,10.660100399753764,51.05270362765229,0.08301640724508035,42.0,0.10678391959799012,4.525667351129364
RPPNMLRJRHIGFAA77DA,2023-08-28,中正區,公寓(5樓含以下無電梯),83.8905753665,9.631600361185011,46.52703627652293,2,RPPNMLOLLHIGFAA17EA,2023-02-14,66.4479313925,9.631600361185011,45.99315537303217,0.10951871958594696,195.0,0.0,0.5338809034907612
RPPNMLRJRHIGFAA77DA,2023-08-28,中正區,公寓(5樓含以下無電梯),83.8905753665,9.631600361185011,46.52703627652293,3,RPRNMLTLNHIGFAA08EA,2023-05-10,56.4928904435,10.620775398279076,55.97535934291581,0.1434609396934981,110.0,0.10270100502512568,9.44832306639288
RPSNMLRLNHJGFAA97DA,2024-04-02,中正區,公寓(5樓含以下無電梯),64.0558653665,19.904500746418776,49.55509924709104,1,RPXNMLMJNHJGFBA87DA,2024-02-25,110.573880151,20.12230075458628,52.851471594798085,0.06558562157531755,37.0,0.01094224924012179,3.2963723477070417
RPSNMLRLNHJGFAA97DA,2024-04-02,中正區,公寓(5樓含以下無電梯),64.0558653665,19.904500746418776,49.55509924709104,2,RPXNMLTLMHJGFAA58DA,2024-03-15,105.07272333250002,19.98617574948159,51.97809719370294,0.0734141736444556,18.0,0.004103343465045604,2.4229979466119005
RPSNMLRLNHJGFAA97DA,2024-04-02,中正區,公寓(5樓含以下無電梯),64.0558653665,19.904500746418776,49.55509924709104,3,RPPOMLNLMHJGFBA37DA,2024-03-31,117.870408803,24.00942590035347,46.36824093086927,0.08921103305589757,2.0,0.20623100303951372,3.186858316221773
RPUOMLTJPHOFFDA09CA,2019-06-13,松山區,華廈(10層含以下有電梯),96.3434674615,41.518126556929744,42.42026009582478,1,RPROMLTKPHOFFDA88CA,2019-06-12,53.6836343505,44.70647667649287,38.02600958247776,0.06130191960411668,1.0,0.07679417122040064,4.394250513347018
RPUOMLTJPHOFFDA09CA,2019-06-13,松山區,華廈(10層含以下有電梯),96.3434674615,41.518126556929744,42.42026009582478,2,RPSNMLTLNHOFFDA78CA,2019-04-27,59.1507415835,40.57432652153724,38.26146475017112,0.06640844744356995,47.0,0.022732240437158588,4.158795345653658
RPUOMLTJPHOFFDA09CA,2019-06-13,松山區,華廈(10層含以下有電梯),96.3434674615,41.518126556929744,42.42026009582478,3,RPWOMLQLPHOFFDA56CA,2019-06-11,66.665782624,45.4506267043985,40.91170431211499,0.06798032949084015,2.0,0.09471766848816036,1.508555783709788
RPOOMLOKRHPFFDA48DA,2020-08-20,松山區,華廈(10層含以下有電梯),65.76363389750001,43.15465161829943,28.449007529089663,1,RPWNMLSLPHPFFDA96EA,2020-07-07,84.817186902,43.03365161376193,28.35318275154004,0.06842721005487794,44.0,0.00280386933968876,0.09582477754962326
RPOOMLOKRHPFFDA48DA,2020-08-20,松山區,華廈(10層含以下有電梯),65.76363389750001,43.15465161829943,28.449007529089663,2,RPRNMLLLPHPFFDA38EA,2020-06-17,74.19569969700001,42.69787660117037,34.93771389459275,0.07121663734326414,64.0,0.010584606757325065,6.488706365503084
RPOOMLOKRHPFFDA48DA,2020-08-20,松山區,華廈(10層含以下有電梯),65.76363389750001,43.15465161829943,28.449007529089663,3,RPUNMLNKQHPFFDA78DA,2020-07-26,54.99470868150001,42.60410159765381,36.8104038329911,0.07425648786566212,25.0,0.01275760549558385,8.361396303901437
RPPOMLTLQHHGFDA38DA,2022-08-01,松山區,華廈(10層含以下有電梯),80.00462509900001,52.74692697800976,39.74537987679671,1,RPPNMLNKQHHGFDA57DA,2022-07-19,71.6571873955,46.05260172697256,36.55578370978782,0.09034832304547562,13.0,0.12691403337730117,3.1895961670088937
RPPOMLTLQHHGFDA38DA,2022-08-01,松山區,華廈(10層含以下有電梯),80.00462509900001,52.74692697800976,39.74537987679671,2,RPRTMLLLOHHGFDA08DA,2022-06-16,77.8185094785,46.51845174444194,43.31006160164271,0.0918576716973205,46.0,0.11808223891724492,3.5646817248459968
RPPOMLTLQHHGFDA38DA,2022-08-01,松山區,華廈(10層含以下有電梯),80.00462509900001,52.74692697800976,39.74537987679671,3,RPQOMLSJQHHGFDA18DA,2022-07-19,78.77388134350001,47.731476789930376,39.14305270362765,0.09484330227195231,13.0,0.09508516373229345,0.6023271731690585
RPPRMLSLMHHGFDA28EA,2022-04-14,松山區,華廈(10層含以下有電梯),83.3894183605,35.24427632166036,44.48459958932238,1,RPWSMLLKNHHGFDA28DA,2022-03-31,73.055865029,33.94655127299567,40.09582477754962,0.042502412746236125,14.0,0.03682087374474291,4.388774811772755
RPPRMLSLMHHGFDA28EA,2022-04-14,松山區,華廈(10層含以下有電梯),83.3894183605,35.24427632166036,44.48459958932238,2,RPRPMLSKLHHGFDA97DA,2022-02-17,81.077021753,37.001801387567546,44.139630390143736,0.04986321497592078,56.0,0.049866964209080725,0.3449691991786423
RPPRMLSLMHHGFDA28EA,2022-04-14,松山區,華廈(10層含以下有電梯),83.3894183605,35.24427632166036,44.48459958932238,3,RPXNMLKKNHHGFDA77DA,2022-04-09,72.688922894,35.08092631553473,37.03764544832307,0.07016810365761177,5.0,0.004634795296541082,7.44695414099931
RPWOMLLJOHIGFDA97DA,2023-05-12,松山區,華廈(10層含以下有電梯),86.55867444,52.56542697120352,44.35318275154004,1,RPSNMLLMNHIGFDA67DA,2023-04-18,76.611567375,54.82207705582788,43.3347022587269,0.047554410244329826,24.0,0.042930310180122826,1.01848049281314
RPWOMLLJOHIGFDA97DA,2023-05-12,松山區,華廈(10層含以下有電梯),86.55867444,52.56542697120352,44.35318275154004,2,RPVNMLMKOHIGFDA97DA,2023-04-20,81.34743496600001,55.31817707443164,43.60848733744011,0.04839281133570177,22.0,0.05236807273982826,0.7446954140999296
RPWOMLLJOHIGFDA97DA,2023-05-12,松山區,華廈(10層含以下有電梯),86.55867444,52.56542697120352,44.35318275154004,3,RPPPMLSJOHIGFDA08DA,2023-05-10,86.994376903,45.17535169407569,43.31553730321698,0.05548996446157468,2.0,0.14058813374000134,1.0376454483230617
RPQQMLLLIIOFFDA67CA,2019-08-15,松山區,套房(1房1廳1衛),61.74710512250001,12.95607548585283,44.99931553730322,1,RPOQMLKMPHOFFDA08CA,2019-05-27,69.0317329485,12.139325455224704,40.64065708418891,0.09126431112546136,80.0,0.06303992528601451,4.358658453114309
RPQQMLLLIIOFFDA67CA,2019-08-15,松山區,套房(1房1廳1衛),61.74710512250001,12.95607548585283,44.99931553730322,2,RPWPMLTKRHOFFDA07CA,2019-08-06,62.6515678985,10.853700407013765,47.00068446269678,0.09673265453488666,9.0,0.16226943731029653,2.001368925393564
RPQQMLLLIIOFFDA67CA,2019-08-15,松山區,套房(1房1廳1衛),61.74710512250001,12.95607548585283,44.99931553730322,3,RPWNMLNJRHOFFDA88DA,2019-07-17,65.3715677965,9.943175372869074,39.644079397672826,0.12762956820887228,29.0,0.23254727994396465,5.355236139630392
RPSQMLTKLHPFFCA78CA,2020-01-19,內湖區,住宅大樓(11層含以上有電梯),54.939502072,46.74230175283632,24.48733744010952,1,RPSNMLSKKHPFFCA28CA,2019-12-16,52.44297324,47.67097678766163,24.39425051334702,0.0519422211523057,34.0,0.019867978255241975,0.09308692676249919
RPSQMLTKLHPFFCA78CA,2020-01-19,內湖區,住宅大樓(11層含以上有電梯),54.939502072,46.74230175283632,24.48733744010952,2,RPVOMLOLKHPFFCA38CA,2020-01-11,48.472064298,43.324051624651936,20.61054072553046,0.0597796040656394,8.0,0.07312969194926229,3.8767967145790614
RPSQMLTKLHPFFCA78CA,2020-01-19,內湖區,住宅大樓(11層含以上有電梯),54.939502072,46.74230175283632,24.48733744010952,3,RPRQMLKLKHPFFCA77CA,2019-12-31,48.723303958,43.20305162011443,20.580424366872005,0.06269694803421129,19.0,0.07571835361118322,3.906913073237515
RPPQMLOKMHPFFCA08CA,2020-01-09,內湖區,住宅大樓(11層含以上有電梯),65.8568570345,42.55570159583881,1.4784394250513346,1,RPUNMLRKJHPFFCA28CA,2019-12-18,67.2836338405,42.55570159583881,1.4182067077344285,0.03902262477379914,22.0,0.0,0.06023271731690616
RPPQMLOKMHPFFCA08CA,2020-01-09,內湖區,住宅大樓(11層含以上有電梯),65.8568570345,42.55570159583881,1.4784394250513346,2,RPOQMLSKLHPFFCA28CA,2019-11-29,67.4376834215,40.85565153208693,1.3661875427789183,0.04367576650865731,41.0,0.03994882001706008,0.11225188227241634
RPPQMLOKMHPFFCA08CA,2020-01-09,內湖區,住宅大樓(11層含以上有電梯),65.8568570345,42.55570159583881,1.4784394250513346,3,RPXNMLRKJHPFFCA58CA,2019-12-02,65.75008017900001,40.85565153208693,1.374401095140315,0.05532419646374531,38.0,0.03994882001706008,0.10403832991101969
RPVQMLLMKIPFFCA58DA,2019-11-10,內湖區,住宅大樓(11層含以上有電梯),54.82016323350001,41.043201539120055,,1,RPQRMLSLIIOFFCA48DA,2019-09-24,44.083965289000005,39.01645146311693,36.48459958932238,0.16851292881297,47.0,0.04938089622641504,
RPVQMLLMKIPFFCA58DA,2019-11-10,內湖區,住宅大樓(11層含以上有電梯),54.82016323350001,41.043201539120055,,2,RPRNMLKKKIOFFCA37CA,2019-08-30,68.29189826550001,39.97537649907662,1.1170431211498972,0.18689137279766518,72.0,0.026017099056603748,
RPVQMLLMKIPFFCA58DA,2019-11-10,內湖區,住宅大樓(11層含以上有電梯),54.82016323350001,41.043201539120055,,3,RPRPMLRKKIOFFCA28CA,2019-09-28,79.039335879,40.08125150304693,8.845995893223819,0.18898699105783867,43.0,0.023437500000000007,
RPQSMLKLMHGGFCA47EA,2021-04-05,內湖區,住宅大樓(11層含以上有電梯),64.889253765,30.82172615581473,27.310061601642712,1,RPVQMLLKLHGGFCA57DA,2021-01-26,76.09090623750001,30.174376131539105,26.71868583162217,0.05978282956873514,69.0,0.021003042496810242,0.5913757700205409
RPQSMLKLMHGGFCA47EA,2021-04-05,內湖區,住宅大樓(11層含以上有電梯),64.889253765,30.82172615581473,27.310061601642712,2,RPVRMLRLIIGGFCA18DA,2021-03-07,76.0353690495,25.64595096172316,25.305954825462013,0.10712101049633514,29.0,0.167926194916086,2.0041067761806985
RPQSMLKLMHGGFCA47EA,2021-04-05,內湖區,住宅大樓(11層含以上有電梯),64.889253765,30.82172615581473,27.310061601642712,3,RPTOMLSJLHGGFCA87EA,2021-01-26,72.10049316400001,32.31607621185285,37.25941136208077,0.11285758191032771,69.0,0.04848365884777686,9.949349760438057
RPXPMLPKLHGGFCA18EA,2020-06-28,內湖區,住宅大樓(11層含以上有電梯),56.2971879715,29.983801124392546,0.1779603011635865,1,RPQQMLKKPHPFFCA28EA,2020-06-10,67.71768341100001,29.460476104767853,0.4079397672826831,0.027121668091372564,18.0,0.01745359160613413,0.22997946611909661
RPXPMLPKLHGGFCA18EA,2020-06-28,內湖區,住宅大樓(11層含以上有電梯),56.2971879715,29.983801124392546,0.1779603011635865,2,RPPQMLNJLHGGFCA07DA,2020-06-11,54.9808243845,30.2469761342616,0.1314168377823408,0.03261981970836192,17.0,0.008777239709442846,0.04654346338124568
RPXPMLPKLHGGFCA18EA,2020-06-28,內湖區,住宅大樓(11層含以上有電梯),56.2971879715,29.983801124392546,0.1779603011635865,3,RPWNMLTJPHPFFCA66DA,2020-05-13,66.19041074100001,29.460476104767853,0.3312799452429842,0.0387475014012654,46.0,0.01745359160613413,0.15331964407939772
RPVOMLMKMHGGFCA67EA,2018-02-02,內湖區,住宅大樓(11層含以上有電梯),82.31239360750001,56.93957713523414,,1,RPORMLMLLHGGFCA27EA,2018-01-30,79.46710445800001,56.70362712638601,,0.1400941889076247,3.0,0.004143866546246666,
RPVOMLMKMHGGFCA67EA,2018-02-02,內湖區,住宅大樓(11層含以上有電梯),82.31239360750001,56.93957713523414,,2,RPSQMLOKNHGGFCA87EA,2018-01-22,85.00991416750001,56.93957713523414,,0.14302739726027397,11.0,0.0,
RPVOMLMKMHGGFCA67EA,2018-02-02,內湖區,住宅大樓(11層含以上有電梯),82.31239360750001,56.93957713523414,,3,RPPSMLMLLHGGFCA47EA,2018-01-26,73.40925344550001,56.70362712638601,,0.1542859697295425,7.0,0.004143866546246666,
RPPNMLMJJIGGFCA56DA,2020-10-16,內湖區,住宅大樓(11層含以上有電梯),78.1808235145,48.5633518211257,,1,RPOPMLSLIIGGFCA37DA,2020-10-06,77.85454253500001,48.53310181999132,,0.13069746625686257,10.0,0.0006228977201943782,
RPPNMLMJJIGGFCA56DA,2020-10-16,內湖區,住宅大樓(11層含以上有電梯),78.1808235145,48.5633518211257,,2,RPUOMLMJJIPFFCA08EA,2020-10-11,53.73322112550001,50.24827688431039,29.75770020533881,0.1430882452877142,5.0,0.03469540301482502,
RPPNMLMJJIGGFCA56DA,2020-10-16,內湖區,住宅大樓(11層含以上有電梯),78.1808235145,48.5633518211257,,3,RPPPMLPJJIPFFCA97EA,2020-09-19,69.7332205255,49.42245185334194,7.3730321697467485,0.159081361981915,27.0,0.01769029525351914,
RPWOMLMLPHHGFCA18DA,2022-04-13,內湖區,住宅大樓(11層含以上有電梯),89.764624733,78.87687795788293,8.678986995208762,1,RPRPMLPKMHHGFCA67DA,2022-02-16,72.680327853,78.17810293167885,8.525667351129364,0.05762912394510904,56.0,0.008859060402684707,0.15331964407939758
RPWOMLMLPHHGFCA18DA,2022-04-13,內湖區,住宅大樓(11層含以上有電梯),89.764624733,78.87687795788293,8.678986995208762,2,RPRNMLOKMHHGFCA37DA,2022-04-06,53.428427748500006,84.22507815844041,10.464065708418891,0.059569476705490856,7.0,0.06780441035474565,1.7850787132101296
RPWOMLMLPHHGFCA18DA,2022-04-13,內湖區,住宅大樓(11層含以上有電梯),89.764624733,78.87687795788293,8.678986995208762,3,RPSPMLSJMHHGFCA97DA,2022-02-16,78.782806963,74.88992780837229,10.258726899383984,0.06956161948222397,56.0,0.05054650047938642,1.5797399041752218
RPROMLMLLHHGFCA27DA,2022-03-03,內湖區,住宅大樓(11層含以上有電梯),76.983137609,15.58782558454346,25.10335386721424,1,RPUNMLLMNHHGFCA67DA,2022-02-27,82.17718700100001,17.64482566168096,26.28336755646817,0.06709904945528285,4.0,0.13196196390452158,1.1800136892539328
RPROMLMLLHHGFCA27DA,2022-03-03,內湖區,住宅大樓(11層含以上有電梯),76.983137609,15.58782558454346,25.10335386721424,2,RPTOMLKLNHHGFCA47DA,2022-02-20,72.9570220575,15.844950594185647,14.620123203285422,0.07633809862195298,11.0,0.016495245488065198,10.483230663928817
RPROMLMLLHHGFCA27DA,2022-03-03,內湖區,住宅大樓(11層含以上有電梯),76.983137609,15.58782558454346,25.10335386721424,3,RPQOMLNLLHHGFCA37EA,2022-02-27,73.24892287300001,14.607725547789707,27.04449007529089,0.09287841893485531,4.0,0.06287599456627213,1.941136208076653
RPVNMLMKRHKGFCA38DA,2025-07-18,內湖區,住宅大樓(11層含以上有電梯),101.0760292675,38.93780146016755,12.199863107460644,1,RPXNMLPLJIKGFCA28DA,2025-07-16,99.9725582345,39.00435146266317,7.014373716632443,0.04905010643195598,2.0,0.0017091361093846955,5.1854893908282005
RPVNMLMKRHKGFCA38DA,2025-07-18,內湖區,住宅大樓(11層含以上有電梯),101.0760292675,38.93780146016755,12.199863107460644,2,RPQNMLKLOHKGFCA47DA,2025-05-30,83.254211754,40.61365152301192,11.928815879534566,0.06469682680077196,49.0,0.04303915475450568,0.2710472279260774
RPVNMLMKRHKGFCA38DA,2025-07-18,內湖區,住宅大樓(11層含以上有電梯),101.0760292675,38.93780146016755,12.199863107460644,3,RPRNMLPJOHKGFCA87DA,2025-05-18,80.2766912045,37.85787641967037,11.89596167008898,0.07322270951378883,61.0,0.027734617775015312,0.303901437371664
RPPRMLPKPHPFFCA58CA,2020-05-25,中山區,華廈(10層含以下有電梯),107.582144726,23.238050871426903,4.243668720054757,1,RPRQMLQJPHPFFCA88EA,2020-05-23,78.482641685,23.238050871426903,4.238193018480493,0.001123268918830225,2.0,0.0,0.005475701574264136
RPPRMLPKPHPFFCA58CA,2020-05-25,中山區,華廈(10層含以下有電梯),107.582144726,23.238050871426903,4.243668720054757,2,RPTVMLKLPHPFFCA09DA,2020-05-12,109.71437605100002,21.60152581005721,4.20807665982204,0.04861644366796189,13.0,0.07042436865399647,0.03559206023271688
RPPRMLPKPHPFFCA58CA,2020-05-25,中山區,華廈(10層含以下有電梯),107.582144726,23.238050871426903,4.243668720054757,3,RPPNMLKLNHPFFCA67DA,2020-04-07,74.792724468,22.227700833538776,3.6167008898015056,0.05132026698529446,48.0,0.04347826086956526,0.6269678302532511
RPPNMLNLJIPFFCA67DA,2020-10-19,中山區,華廈(10層含以下有電梯),60.50280764850001,47.10530176644881,20.309377138945926,1,RPOOMLLLIIPFFCA37DA,2020-09-24,53.24694015200001,46.951026760663495,20.240930869267626,0.017687149694984812,25.0,0.003275109170305736,0.06844626967830081
RPPNMLNLJIPFFCA67DA,2020-10-19,中山區,華廈(10層含以下有電梯),60.50280764850001,47.10530176644881,20.309377138945926,2,RPQNMLOJJIPFFCA67DA,2020-10-05,51.05454354,47.00850176281881,20.27104722792608,0.023582122092741447,14.0,0.002054970459799663,0.038329911019847174
RPPNMLNLJIPFFCA67DA,2020-10-19,中山區,華廈(10層含以下有電梯),60.50280764850001,47.10530176644881,20.309377138945926,3,RPURMLQJJIPFFCA68DA,2020-10-12,72.0558650665,44.64597667422412,19.95071868583162,0.05390209133942729,7.0,0.052209093244284556,0.35865845311430533
RPQOMLPJJHHGFCA07DA,2021-12-12,中山區,華廈(10層含以下有電梯),100.0142111255,26.03315097624316,29.4839151266256,1,RPWOMLPLJIGGFCA87DA,2021-11-13,70.0247907625,22.563475846130345,17.371663244353183,0.1402422151728956,29.0,0.13327910759934922,12.112251882272417
RPQOMLPJJHHGFCA07DA,2021-12-12,中山區,華廈(10層含以下有電梯),100.0142111255,26.03315097624316,29.4839151266256,2,RPRRMLSJKIGGFCA97EA,2021-11-13,83.513385298,23.28040087301504,12.947296372347708,0.15939209198392604,29.0,0.10574018126888185,16.536618754277892
RPQOMLPJJHHGFCA07DA,2021-12-12,中山區,華廈(10層含以下有電梯),100.0142111255,26.03315097624316,29.4839151266256,3,RPURMLPKKIGGFCA97DA,2021-12-07,60.37520434750001,20.207000757762525,13.943874058863791,0.17305471839186948,5.0,0.22379735068556827,15.540041067761809
RPTNMLLLOHHGFCA57DA,2022-03-21,中山區,華廈(10層含以下有電梯),125.90974734450002,36.02775135104067,1.218343600273785,1,RPXSMLSLLHHGFCA88DA,2022-03-03,89.2393354965,36.62065137327443,6.976043805612594,0.05869709467014852,18.0,0.016456759026028705,5.757700205338809
RPTNMLLLOHHGFCA57DA,2022-03-21,中山區,華廈(10層含以下有電梯),125.90974734450002,36.02775135104067,1.218343600273785,2,RPQPMLSJMHHGFCA77DA,2022-02-20,62.43239435300001,36.33025136238442,5.141683778234087,0.06701724738906789,29.0,0.008396305625524837,3.923340177960302
RPTNMLLLOHHGFCA57DA,2022-03-21,中山區,華廈(10層含以下有電梯),125.90974734450002,36.02775135104067,1.218343600273785,3,RPRPMLLJQHHGFCA57DA,2022-03-19,78.24131938000001,32.488501218318795,7.477070499657769,0.08677239644440271,2.0,0.09823677581863968,6.2587268993839835
RPQPMLLJOHIGFCA37DA,2023-05-08,中山區,華廈(10層含以下有電梯),87.01421161300001,21.41397580302409,18.85284052019165,1,RPSOMLNJPHIGFCA77DA,2023-03-28,101.159004471,21.2536507970119,9.56331279945243,0.07439096149942506,41.0,0.00748693318265303,9.289527720739219
RPQPMLLJOHIGFCA37DA,2023-05-08,中山區,華廈(10層含以下有電梯),87.01421161300001,21.41397580302409,18.85284052019165,2,RPTOMLOLNHIGFCA97DA,2023-05-03,71.0284270885,20.27355076025816,14.272416153319645,0.07571005765732955,5.0,0.0532561096200024,4.580424366872004
RPQPMLLJOHIGFCA37DA,2023-05-08,中山區,華廈(10層含以下有電梯),87.01421161300001,21.41397580302409,18.85284052019165,3,RPSNMLKLLHIGFCA27EA,2023-02-22,80.43272425650001,20.128350754813148,17.138945927446954,0.09639250401197987,75.0,0.06003672835146222,1.713894592744694
RPTNMLTJMHIGFCA08DA,2023-04-09,中山區,華廈(10層含以下有電梯),79.777187091,32.45220121695755,8.53388090349076,1,RPSOMLOKMHIGFCA67DA,2023-04-03,80.8419804395,30.92457615967161,6.225872689938399,0.031303290227558705,6.0,0.04707307979120055,2.3080082135523607
RPTNMLTJMHIGFCA08DA,2023-04-09,中山區,華廈(10層含以下有電梯),79.777187091,32.45220121695755,8.53388090349076,2,RPTPMLPLNHIGFCA18DA,2023-03-29,66.43801403750001,27.935876047595347,11.21697467488022,0.10370740750424595,11.0,0.13916853094705464,2.6830937713894603
RPTNMLTJMHIGFCA08DA,2023-04-09,中山區,華廈(10層含以下有電梯),79.777187091,32.45220121695755,8.53388090349076,3,RPTOMLQJLHIGFCA77DA,2023-02-14,89.7894181205,36.5299013698713,4.791238877481177,0.11513776843058299,54.0,0.1256524981357194,3.742642026009582
RPVOMLPJLHJGFCA97DA,2024-01-25,中山區,華廈(10層含以下有電梯),50.3586757975,39.71522648932099,46.06707734428473,1,RPUOMLRKKHJGFCA08DA,2024-01-17,77.486939243,41.29730154864881,45.21013004791239,0.03689642996034913,8.0,0.03983547871125005,0.8569472963723399
RPVOMLPJLHJGFCA97DA,2024-01-25,中山區,華廈(10層含以下有電梯),50.3586757975,39.71522648932099,46.06707734428473,2,RPRNMLPKKHJGFCA57EA,2024-01-02,72.172559277,42.39840158994006,42.8062970568104,0.06683848234377404,23.0,0.06756036255617338,3.260780287474333
RPVOMLPJLHJGFCA97DA,2024-01-25,中山區,華廈(10層含以下有電梯),50.3586757975,39.71522648932099,46.06707734428473,3,RPSNMLPJKHJGFCA47DA,2024-01-10,72.914377431,39.3613014760488,46.130047912388775,0.06879593749812304,15.0,0.008911569807296849,0.062970568104042
RPOQMLLLNHOFFCA77CA,2019-03-25,中山區,公寓(5樓含以下無電梯),47.0363618725,34.016126275604734,40.7419575633128,1,RPUOMLOKNHOFFCA38CA,2019-03-23,50.7276014035,31.245226171695982,38.81998631074607,0.05921619576227631,2.0,0.0814584259670964,1.9219712525667347
RPOQMLLLNHOFFCA77CA,2019-03-25,中山區,公寓(5樓含以下無電梯),47.0363618725,34.016126275604734,40.7419575633128,2,RPROMLRKMHOFFCA28CA,2019-03-15,42.626114104,30.96692616125973,39.6413415468857,0.06235647611203005,10.0,0.0896398399288572,1.1006160164271037
RPOQMLLLNHOFFCA77CA,2019-03-25,中山區,公寓(5樓含以下無電梯),47.0363618725,34.016126275604734,40.7419575633128,3,RPWQMLKLLHOFFCA28CA,2019-01-09,54.772890508,31.95005119812692,41.90006844626968,0.0681447818644271,75.0,0.060738105824810935,1.1581108829568763
RPXNMLPKKHIGFCA97DA,2023-01-02,中山區,公寓(5樓含以下無電梯),72.7342121485,31.759476190980354,40.84873374401095,1,RPVOMLMJKHIGFCA57EA,2022-12-15,58.49388210400001,31.199851169994417,40.95550992470911,0.016564148626313713,18.0,0.017620725783407905,0.10677618069816219
RPXNMLPKKHIGFCA97DA,2023-01-02,中山區,公寓(5樓含以下無電梯),72.7342121485,31.759476190980354,40.84873374401095,2,RPOOMLLLKHIGFCA86DA,2022-12-27,53.2247913925,33.21752624565723,44.4599589322382,0.05741199414515309,6.0,0.04590913420325749,3.6112251882272517
RPXNMLPKKHIGFCA97DA,2023-01-02,中山區,公寓(5樓含以下無電梯),72.7342121485,31.759476190980354,40.84873374401095,3,RPRNMLMLKIHGFCA27EA,2022-12-14,100.9206573725,31.708051189051915,37.04312114989733,0.07000574251473866,19.0,0.0016192018287456615,3.8056125941136187
RPTNMLTKKINFFFA68CA,2018-10-17,大安區,公寓(5樓含以下無電梯),71.3180138545,26.641175999044098,45.71389459274469,1,RPVOMLPLKHOFFFA78DA,2018-10-08,75.0304104095,26.4959759935991,48.69267624914442,0.0467329886523765,9.0,0.005450210060179329,2.9787816563997325
RPTNMLTKKINFFFA68CA,2018-10-17,大安區,公寓(5樓含以下無電梯),71.3180138545,26.641175999044098,45.71389459274469,2,RPTNMLPKJINFFFA18CA,2018-10-11,44.851568566000005,27.37927602672285,36.276522929500345,0.11017136161450095,6.0,0.027705234472578635,9.437371663244342
RPTNMLTKKINFFFA68CA,2018-10-17,大安區,公寓(5樓含以下無電梯),71.3180138545,26.641175999044098,45.71389459274469,3,RPUNMLMJJHOFFFA97DA,2018-10-12,92.51569901,31.88652619574473,36.62422997946612,0.14709914254218337,5.0,0.1968888384239809,9.089664613278565
RPSNMLNJMHPFFFA18CA,2020-02-17,大安區,公寓(5樓含以下無電梯),60.4009894705,23.34392587539722,,1,RPOOMLQLLHPFFFA28CA,2020-02-01,58.693551518,24.27865091044941,42.79808350444901,0.14778163669961894,16.0,0.04004146689127916,
RPSNMLNJMHPFFFA18CA,2020-02-17,大安區,公寓(5樓含以下無電梯),60.4009894705,23.34392587539722,,2,RPRNMLNJLHPFFFA08DA,2020-02-13,110.8228057615,23.28040087301503,,0.15314422348098222,4.0,0.0027212647401840674,
RPSNMLNJMHPFFFA18CA,2020-02-17,大安區,公寓(5樓含以下無電梯),60.4009894705,23.34392587539722,,3,RPXNMLQKJHPFFFA88DA,2019-12-23,48.1107419975,24.693075925990343,39.95345653661875,0.17591299940888375,56.0,0.05779447972009837,
RPWNMLNLIIIGFFA97DA,2023-09-23,大安區,公寓(5樓含以下無電梯),93.6069386385,38.245076434190366,50.98151950718686,1,RPQNMLSKQHIGFFA48DA,2023-08-02,94.343136958,37.09860139119755,54.64202600958248,0.057287655039035726,52.0,0.02997706240607463,3.66050650239562
RPWNMLNLIIIGFFA97DA,2023-09-23,大安區,公寓(5樓含以下無電梯),93.6069386385,38.245076434190366,50.98151950718686,2,RPPNMLNKQHIGFFA87DA,2023-07-16,96.3143765535,36.339326362724734,52.23271731690623,0.06150468912520002,69.0,0.04982994542434562,1.251197809719372
RPWNMLNLIIIGFFA97DA,2023-09-23,大安區,公寓(5樓含以下無電梯),93.6069386385,38.245076434190366,50.98151950718686,3,RPPNMLTKIIIGFFA77DA,2023-08-28,81.3199969505,35.29267632347536,54.06160164271047,0.08166588976128447,26.0,0.0771968678320019,3.080082135523611
RPVNMLNKKIOFFFA48DA,2019-10-07,大安區,華廈(10層含以下有電梯),71.24958410500001,20.49135076842565,35.08829568788501,1,RPSNMLKKPHOFFFA18CA,2019-06-09,88.6304098995,19.045400714202525,36.53388090349076,0.11196443732715268,120.0,0.07056392087392967,1.4455852156057531
RPVNMLNKKIOFFFA48DA,2019-10-07,大安區,華廈(10層含以下有電梯),71.24958410500001,20.49135076842565,35.08829568788501,2,RPWNMLLJIIOFFFA97CA,2019-09-12,81.4099143025,21.86470081992628,22.75427789185489,0.1159689131362858,25.0,0.06702096250369073,12.334017796030118
RPVNMLNKKIOFFFA48DA,2019-10-07,大安區,華廈(10層含以下有電梯),71.24958410500001,20.49135076842565,35.08829568788501,3,RPTNMLPJOHOFFFA68DA,2019-04-28,69.1196668295,22.56952584635722,35.68240930869268,0.14151941984925742,162.0,0.10141718334809584,0.5941136208076685
RPQOMLLKJIOFFFA67CA,2019-07-31,大安區,華廈(10層含以下有電梯),90.5457817285,34.899426308728486,27.76728268309377,1,RPTOMLNLRHOFFFA09DA,2019-07-17,61.254873736,35.42577632846661,35.1047227926078,0.049637102055642444,14.0,0.01508191037531418,7.337440109514031
RPQOMLLKJIOFFFA67CA,2019-07-31,大安區,華廈(10層含以下有電梯),90.5457817285,34.899426308728486,27.76728268309377,2,RPVOMLNJRHOFFFA98CA,2019-06-17,89.8932197695,34.04032627651223,38.89390828199864,0.0883584750316331,44.0,0.024616451417179597,11.12662559890487
RPQOMLLKJIOFFFA67CA,2019-07-31,大安區,華廈(10層含以下有電梯),90.5457817285,34.899426308728486,27.76728268309377,3,RPOPMLRLRHOFFFA98CA,2019-07-30,96.8029715765,39.35827647593537,33.634496919917865,0.10317244244737676,1.0,0.1277628499609951,5.867214236824093
RPRPMLNLKHHGFFA77EA,2022-01-25,大安區,華廈(10層含以下有電梯),118.833053395,26.928551009820666,45.36344969199179,1,RPXOMLSJJIGGFFA48EA,2021-11-14,81.8356994105,26.883176008119097,39.91786447638604,0.07679354550756984,72.0,0.001685014603460121,5.445585215605746
RPRPMLNLKHHGFFA77EA,2022-01-25,大安區,華廈(10層含以下有電梯),118.833053395,26.928551009820666,45.36344969199179,2,RPSOMLLKKHHGFFA47EA,2022-01-24,104.220161381,24.94717593551909,40.06570841889117,0.09088452952243285,1.0,0.07357897101774916,5.29774127310062
RPRPMLNLKHHGFFA77EA,2022-01-25,大安區,華廈(10層含以下有電梯),118.833053395,26.928551009820666,45.36344969199179,3,RPPQMLMLKHHGFFA47DA,2022-01-14,112.2694172775,28.57415107153066,35.60027378507871,0.0928983954947569,11.0,0.061109862952145315,9.763175906913077
RPRNMLSLRHIGFFA78DA,2023-08-07,大安區,華廈(10層含以下有電梯),74.1728897805,41.25495154706068,52.55030800821356,1,RPTNMLPLQHIGFFA58DA,2023-08-02,90.9927238605,38.21180143294255,46.5845311430527,0.07029094081640314,5.0,0.07376448159554183,5.965776865160862
RPRNMLSLRHIGFFA78DA,2023-08-07,大安區,華廈(10層含以下有電梯),74.1728897805,41.25495154706068,52.55030800821356,2,RPPNMLLMPHIGFFA87EA,2023-06-26,87.759996709,41.24890154683381,46.4476386036961,0.0940545633029872,42.0,0.00014664906877831797,6.102669404517464
RPRNMLSLRHIGFFA78DA,2023-08-07,大安區,華廈(10層含以下有電梯),74.1728897805,41.25495154706068,52.55030800821356,3,RPRNMLLKQHIGFFA97EA,2023-06-12,113.88098746500002,37.05625138960942,49.11156741957564,0.09540445516107743,56.0,0.10177445373221881,3.43874058863792
RPVOMLTLNHJGFFA09DA,2024-04-24,大安區,華廈(10層含以下有電梯),90.476690822,48.167076806265385,35.68788501026694,1,RPSOMLSJJIJGFFA18DA,2024-04-13,90.238013145,45.30240169884006,36.95550992470911,0.054609894303573464,11.0,0.05947371726433483,1.2676249144421732
RPVOMLTLNHJGFFA09DA,2024-04-24,大安區,華廈(10層含以下有電梯),90.476690822,48.167076806265385,35.68788501026694,2,RPSNMLQKKIJGFFA08DA,2024-04-13,102.760326725,45.83480171880507,37.91375770020534,0.055532515458263584,11.0,0.04842052377064626,2.2258726899383987
RPVOMLTLNHJGFFA09DA,2024-04-24,大安區,華廈(10層含以下有電梯),90.476690822,48.167076806265385,35.68788501026694,3,RPUNMLPLOHJGFFA58DA,2024-04-03,94.495864225,51.113426916753504,40.49007529089665,0.06406994003151938,21.0,0.061169377629843404,4.802190280629709
RPPNMLMKRHJGFFA97DA,2024-08-23,大安區,華廈(10層含以下有電梯),99.994706994,41.64215156158068,44.851471594798085,1,RPQNMLOJRHJGFFA18DA,2024-08-12,107.7973513295,44.52800166980006,45.163586584531146,0.031843384093292036,11.0,0.06930117681243646,0.31211498973306107
RPPNMLMKRHJGFFA97DA,2024-08-23,大安區,華廈(10層含以下有電梯),99.994706994,41.64215156158068,44.851471594798085,2,RPROMLTKQHJGFFA88DA,2024-07-06,83.23007952350001,40.99480153730506,43.36208076659822,0.03918926545396217,48.0,0.01554554699985468,1.4893908281998662
RPPNMLMKRHJGFFA97DA,2024-08-23,大安區,華廈(10層含以下有電梯),99.994706994,41.64215156158068,44.851471594798085,3,RPRNMLNLQHJGFFA28DA,2024-07-30,102.0254507195,41.342676550350376,40.02464065708419,0.039801910664678905,24.0,0.007191631556007404,4.826830937713893
RPRNMLTKQHKGFFA88DA,2024-10-24,大安區,華廈(10層含以下有電梯),156.99239080700002,21.94940082310253,,1,RPVNMLTJJHKGFFA48DA,2024-10-22,114.790739497,27.672701037726288,12.112251882272416,0.23164400822478784,2.0,0.26074972436604194,
RPRNMLTKQHKGFFA88DA,2024-10-24,大安區,華廈(10層含以下有電梯),156.99239080700002,21.94940082310253,,2,RPQNMLLKLHKGFFA47DA,2024-06-15,144.87801109600002,19.1482507180594,0.0027378507871321,0.2414473048285028,131.0,0.12761852260198453,
RPRNMLTKQHKGFFA88DA,2024-10-24,大安區,華廈(10層含以下有電梯),156.99239080700002,21.94940082310253,,3,RPVNMLOKLHKGFFA28DA,2024-06-25,136.6885899155,18.59770069741377,0.0301163586584531,0.24474679433930924,121.0,0.1527012127894158,
RPPOMLSLJHLGFFA18DA,2025-12-28,大安區,華廈(10層含以下有電梯),156.731233792,11.918500446943767,20.09308692676249,1,RPQNMLLKJHLGFFA37DA,2025-11-21,114.021813906,11.839850443994392,18.38193018480493,0.06828225812543544,37.0,0.006598984771573638,1.7111567419575593
RPPOMLSLJHLGFFA18DA,2025-12-28,大安區,華廈(10層含以下有電梯),156.731233792,11.918500446943767,20.09308692676249,2,RPUNMLSKJIKGFFA48DA,2025-11-14,133.43073879800002,13.337225500145957,19.36481861738536,0.07655622427906203,44.0,0.11903553299492386,0.7282683093771283
RPPOMLSLJHLGFFA18DA,2025-12-28,大安區,華廈(10層含以下有電梯),156.731233792,11.918500446943767,20.09308692676249,3,RPTNMLPLJIKGFFA18DA,2025-11-14,95.375203035,12.05765045216189,30.97056810403833,0.1063928131532425,44.0,0.011675126903553166,10.87748117727584
RPQOMLPLKHOFFBA77CA,2018-12-28,大同區,華廈(10層含以下有電梯),75.1937161885,21.94335082287565,0.3504449007529089,1,RPROMLTLJINFFBA18CA,2018-10-27,53.145121974000006,25.025825938468472,9.91375770020534,0.16238371555734354,62.0,0.14047422111938265,9.563312799452431
RPQOMLPLKHOFFBA77CA,2018-12-28,大同區,華廈(10層含以下有電梯),75.1937161885,21.94335082287565,0.3504449007529089,2,RPROMLOLJHOFFBA77DA,2018-12-16,59.7193366035,22.88412585815472,10.510609171800136,0.19809596373433797,12.0,0.04287289771160771,10.160164271047227
RPQOMLPLKHOFFBA77CA,2018-12-28,大同區,華廈(10層含以下有電梯),75.1937161885,21.94335082287565,0.3504449007529089,3,RPRPMLMKJINFFBA47CA,2018-10-07,53.57355171,21.67110081266628,32.290212183436005,0.21341721946896156,82.0,0.012406947890818733,31.939767282683096
RPVNMLNJNHOFFBA08CA,2019-03-31,大同區,華廈(10層含以下有電梯),50.3447915005,51.84245194409196,30.28884325804244,1,RPQNMLRKOHOFFBA18CA,2019-01-27,50.9418162715,51.47037693013913,30.11635865845312,0.09503778980849739,63.0,0.007177033492823303,0.17248459958932116
RPVNMLNJNHOFFBA08CA,2019-03-31,大同區,華廈(10層含以下有電梯),50.3447915005,51.84245194409196,30.28884325804244,2,RPRNMLNLPHOFFBA08CA,2019-03-27,47.297188309,51.80312694261725,30.27789185489391,0.11679774401274359,4.0,0.0007585482553395475,0.010951403148531824
RPVNMLNJNHOFFBA08CA,2019-03-31,大同區,華廈(10層含以下有電梯),50.3447915005,51.84245194409196,30.28884325804244,3,RPTNMLOKNHOFFBA08CA,2019-03-01,41.888593470500005,38.19667643237536,33.987679671457904,0.12705822384238405,30.0,0.2632162446026377,3.6988364134154637
RPTNMLRKPHKGFBA38DA,2025-05-18,大同區,華廈(10層含以下有電梯),76.1041293775,20.56395077114816,5.585215605749487,1,RPOPMLQLQHJGFBA08DA,2024-07-03,88.0360297565,20.3098507616194,3.85763175906913,0.19013819357447956,319.0,0.012356575463372012,1.727583846680357
RPTNMLRKPHKGFBA38DA,2025-05-18,大同區,華廈(10層含以下有電梯),76.1041293775,20.56395077114816,5.585215605749487,2,RPPOMLKKKHKGFBA86DA,2025-01-16,90.497847846,20.75755077840816,4.396988364134154,0.20227601425727842,122.0,0.009414533686378273,1.1882272416153326
RPTNMLRKPHKGFBA38DA,2025-05-18,大同區,華廈(10層含以下有電梯),76.1041293775,20.56395077114816,5.585215605749487,3,RPQNMLNKJHKGFBA07DA,2024-12-24,52.970576526,20.53975077024065,31.59753593429158,0.2265922089526769,145.0,0.0011768167107977375,26.012320328542096
RPOPMLKKKIOFFDA47DA,2019-11-12,信義區,公寓(5樓含以下無電梯),62.888592683,55.6539520870232,32.98562628336756,1,RPQNMLQKJHPFFDA87CA,2019-11-09,43.976196698,40.8859015332213,33.48665297741273,0.1170231945459533,3.0,0.2653549298836831,0.5010266940451729
RPOPMLKKKIOFFDA47DA,2019-11-12,信義區,公寓(5樓含以下無電梯),62.888592683,55.6539520870232,32.98562628336756,2,RPXQMLKLJHPFFDA48DA,2019-10-27,51.7266096305,46.68785175079444,32.2984257357974,0.12858968978245214,16.0,0.16110446787694316,0.687200547570157
RPOPMLKKKIOFFDA47DA,2019-11-12,信義區,公寓(5樓含以下無電梯),62.888592683,55.6539520870232,32.98562628336756,3,RPXNMLMLNHOFFDA58CA,2019-04-20,55.64429543400001,53.55460200829757,37.91649555099247,0.15073358068015402,206.0,0.03772149146646375,4.930869267624914
RPOQMLMLKIPFFDA08EA,2020-10-29,信義區,公寓(5樓含以下無電梯),101.1527234795,13.642750511603143,44.75564681724846,1,RPVNMLRLPHPFFDA76EA,2020-06-27,89.9480958005,13.007500487781268,45.4072553045859,0.08750036543276896,124.0,0.04656319290465628,0.651608487337441
RPOQMLMLKIPFFDA08EA,2020-10-29,信義區,公寓(5樓含以下無電梯),101.1527234795,13.642750511603143,44.75564681724846,2,RPVNMLNKJIPFFDA38EA,2020-10-24,81.96958370300001,10.369700388863764,46.9678302532512,0.09776960107880785,5.0,0.23991130820399112,2.2121834360027393
RPOQMLMLKIPFFDA08EA,2020-10-29,信義區,公寓(5樓含以下無電梯),101.1527234795,13.642750511603143,44.75564681724846,3,RPWOMLQJIIPFFDA58DA,2020-08-17,93.063798163,12.357125463392205,46.72963723477071,0.12451888039507614,73.0,0.09423503325942348,1.973990417522252
RPSPMLTKPHGGFDA58EA,2021-06-28,信義區,公寓(5樓含以下無電梯),68.448261896,37.98492642443474,42.809034907597535,1,RPQOMLPJPHGGFDA67DA,2021-06-26,51.2168575835,36.47242636771598,46.718685831622174,0.06958059482004447,2.0,0.03981842796846394,3.909650924024639
RPSPMLTKPHGGFDA58EA,2021-06-28,信義區,公寓(5樓含以下無電梯),68.448261896,37.98492642443474,42.809034907597535,2,RPTPMLKLNHGGFDA67EA,2021-05-01,63.4952042305,35.71920133947005,44.67898699520876,0.07700738413972995,58.0,0.05964800509675884,1.8699520876112246
RPSPMLTKPHGGFDA58EA,2021-06-28,信義區,公寓(5樓含以下無電梯),68.448261896,37.98492642443474,42.809034907597535,3,RPQVMLTLOHGGFDA88DA,2021-06-16,47.712394905,29.34250110034379,42.954140999315534,0.08693374701847419,12.0,0.22752249741180222,0.1451060917179987
RPWOMLKKKIGGFDA57EA,2021-11-06,信義區,公寓(5樓含以下無電梯),55.115369834,35.01740131315255,33.79876796714579,1,RPWPMLQKJIGGFDA18EA,2021-10-08,57.088923479,34.63020129863255,31.50444900752909,0.031232081776337982,29.0,0.011057360055286718,2.294318959616703
RPWOMLKKKIGGFDA57EA,2021-11-06,信義區,公寓(5樓含以下無電梯),55.115369834,35.01740131315255,33.79876796714579,2,RPUNMLLLIIGGFDA27EA,2021-10-01,64.5695843555,35.31082632415599,34.38466803559206,0.0455883197229056,36.0,0.008379405666897164,0.5859000684462643
RPWOMLKKKIGGFDA57EA,2021-11-06,信義區,公寓(5樓含以下無電梯),55.115369834,35.01740131315255,33.79876796714579,3,RPSNMLLKJIGGFDA96DA,2021-10-08,80.8102449035,32.29792621117223,34.55715263518138,0.046863571341238225,29.0,0.07766067726330335,0.758384668035589
RPPNMLRJRHIGFDA08DA,2023-07-15,信義區,公寓(5樓含以下無電梯),65.859832241,21.105425791453463,50.75427789185489,1,RPXNMLLJQHIGFDA18DA,2023-06-30,82.14016220900001,20.818050780676906,49.56605065023956,0.043925972882786615,15.0,0.01361616740719481,1.1882272416153299
RPPNMLRJRHIGFDA08DA,2023-07-15,信義區,公寓(5樓含以下無電梯),65.859832241,21.105425791453463,50.75427789185489,2,RPXNMLSLQHIGFDA09DA,2023-05-25,81.187434972,19.5596507334869,51.77275838466804,0.05867183468853711,51.0,0.07324064784291232,1.018480492813147
RPPNMLRJRHIGFDA08DA,2023-07-15,信義區,公寓(5樓含以下無電梯),65.859832241,21.105425791453463,50.75427789185489,3,RPXNMLLMJHJGFDA87DA,2023-05-23,66.1332206605,22.681450850554405,51.84394250513347,0.060625293974719906,53.0,0.0746739286226173,1.089664613278579
RPQPMLMKQHJGFDA97DA,2024-06-26,信義區,公寓(5樓含以下無電梯),72.99636089900001,29.590551109645663,54.8062970568104,1,RPTOMLMLPHJGFDA18DA,2024-06-24,100.115037568,30.16530113119879,52.25188227241616,0.020666165109867372,2.0,0.019423430791249342,2.5544147843942397
RPQPMLMKQHJGFDA97DA,2024-06-26,信義區,公寓(5樓含以下無電梯),72.99636089900001,29.590551109645663,54.8062970568104,2,RPRNMLKKPHJGFDA57DA,2024-05-08,76.11900541,29.2305760961466,54.42847364818618,0.032996252598222336,49.0,0.012165201390308751,0.3778234086242236
RPQPMLMKQHJGFDA97DA,2024-06-26,信義區,公寓(5樓含以下無電梯),72.99636089900001,29.590551109645663,54.8062970568104,3,RPUOMLPJPHJGFDA38DA,2024-06-18,82.15702171250001,27.690851038406915,49.99863107460644,0.05089173412283735,8.0,0.06419955019423414,4.807665982203957
RPSPMLKMPHPFFDA68EA,2020-07-04,松山區,公寓(5樓含以下無電梯),60.11966716700001,49.90040187126507,53.74401095140315,1,RPXNMLPKOHPFFDA09DA,2020-04-13,68.390741237,41.67240156271505,52.78850102669404,0.10742001670564433,82.0,0.16488845780795353,0.955509924709105
RPSPMLKMPHPFFDA68EA,2020-07-04,松山區,公寓(5樓含以下無電梯),60.11966716700001,49.90040187126507,53.74401095140315,2,RPUOMLKMOHPFFDA58DA,2020-05-23,64.5755347685,40.38677651450411,49.21286789869952,0.11239771166281129,42.0,0.19065227934044623,4.5311430527036265
RPSPMLKMPHPFFDA68EA,2020-07-04,松山區,公寓(5樓含以下無電梯),60.11966716700001,49.90040187126507,53.74401095140315,3,RPVPMLSJPHPFFDA76DA,2020-06-17,73.709088145,38.66555144995817,47.931553730321696,0.11717827603405749,17.0,0.225145489815713,5.812457221081452
RPROMLPJKIOFFBA77CA,2019-10-22,大同區,公寓(5樓含以下無電梯),54.5861136555,22.20350083263128,30.32991101984942,1,RPXPMLSKIIOFFBA78DA,2019-09-10,36.378841611000006,22.403150840118155,33.054072553045856,0.0397816452606968,42.0,0.008991825613078937,2.724161533196437
RPROMLPJKIOFFBA77CA,2019-10-22,大同區,公寓(5樓含以下無電梯),54.5861136555,22.20350083263128,30.32991101984942,2,RPWOMLRJJIOFFBA38CA,2019-10-06,46.455535448000006,21.52590080722128,40.86789869952088,0.07213826059611028,16.0,0.030517711171662135,10.53798767967146
RPROMLPJKIOFFBA77CA,2019-10-22,大同區,公寓(5樓含以下無電梯),54.5861136555,22.20350083263128,30.32991101984942,3,RPUNMLOJKIOFFBA87CA,2019-09-14,52.5676013345,23.398375877439094,34.99520876112252,0.10965022304501156,38.0,0.05381471389645768,4.6652977412731005
RPUNMLQKKHPFFBA28DA,2019-11-24,大同區,公寓(5樓含以下無電梯),38.05090766400001,37.71267641422536,44.580424366872,1,RPOPMLNKLHPFFBA67DA,2019-10-29,38.3831390565,35.171676318937855,38.88021902806297,0.07632985919541045,26.0,0.06737787759685582,5.700205338809035
RPUNMLQKKHPFFBA28DA,2019-11-24,大同區,公寓(5樓含以下無電梯),38.05090766400001,37.71267641422536,44.580424366872,2,RPQQMLTLJIOFFBA48DA,2019-10-25,50.435039431,32.00147620005536,43.31279945242984,0.10578041111278749,30.0,0.15143980107483754,1.267624914442159
RPUNMLQKKHPFFBA28DA,2019-11-24,大同區,公寓(5樓含以下無電梯),38.05090766400001,37.71267641422536,44.580424366872,3,RPUNMLQJRHOFFBA78DA,2019-07-29,54.2918987905,32.93317623499411,47.35660506502396,0.12289554048859848,118.0,0.1267345792893238,2.7761806981519612
RPVOMLTJOHGGFBA28DA,2021-03-13,大同區,公寓(5樓含以下無電梯),44.796031378,26.341700987813784,46.79260780287474,1,RPPOMLSKLHGGFBA37DA,2021-02-21,64.58875790850001,23.967075898765344,52.7501711156742,0.07229816761892394,20.0,0.09014699127239317,5.957563312799458
RPVOMLTJOHGGFBA28DA,2021-03-13,大同區,公寓(5樓含以下無電梯),44.796031378,26.341700987813784,46.79260780287474,2,RPPPMLQJJHGGFBA96DA,2020-12-03,33.89090782,24.49040091839003,45.53319644079398,0.08568964809789888,100.0,0.07028020211299961,1.2594113620807619
RPVOMLTJOHGGFBA28DA,2021-03-13,大同區,公寓(5樓含以下無電梯),44.796031378,26.341700987813784,46.79260780287474,3,RPROMLQLLHGGFBA47DA,2021-03-12,39.696858015500005,21.91612582185472,45.57973990417522,0.09041453550283551,1.0,0.16800643086816702,1.2128678986995212
RPVOMLPLJIHGFBA77DA,2022-11-19,大同區,公寓(5樓含以下無電梯),34.1933871475,30.473851142769416,41.28952772073922,1,RPTOMLMLJIHGFBA27DA,2022-10-23,58.0327250965,24.12437590466409,40.46269678302532,0.09185402762881176,27.0,0.20835814969227726,0.8268309377139005
RPVOMLPLJIHGFBA77DA,2022-11-19,大同區,公寓(5樓含以下無電梯),34.1933871475,30.473851142769416,41.28952772073922,2,RPPNMLTKKIHGFBA57EA,2022-11-15,57.69487386950001,27.0041760126566,47.59753593429158,0.09858193108165891,4.0,0.11385745483422666,6.308008213552355
RPVOMLPLJIHGFBA77DA,2022-11-19,大同區,公寓(5樓含以下無電梯),34.1933871475,30.473851142769416,41.28952772073922,3,RPOQMLNJJHIGFBA86DA,2022-11-07,56.45619623,24.26655090999565,45.73579739904175,0.10009912683106005,12.0,0.20369267421084,4.446269678302528
RPVNMLTLLHJGFBA48EA,2024-02-20,大同區,公寓(5樓含以下無電梯),47.507766813500005,26.31145098667941,44.80492813141684,1,RPRNMLPJLHJGFBA47EA,2024-01-24,48.603634541,26.747051003014413,46.24503764544832,0.02778950362051699,27.0,0.016555530006898182,1.4401095140314837
RPVNMLTLLHJGFBA48EA,2024-02-20,大同區,公寓(5樓含以下無電梯),47.507766813500005,26.31145098667941,44.80492813141684,2,RPQOMLRJLHJGFBA57DA,2024-02-02,54.718014477,24.671900925196283,45.07597535934291,0.03302786124318119,18.0,0.06231317544263051,0.2710472279260756
RPVNMLTLLHJGFBA48EA,2024-02-20,大同區,公寓(5樓含以下無電梯),47.507766813500005,26.31145098667941,44.80492813141684,3,RPVNMLPLKIIGFBA87DA,2023-12-14,51.88098979,24.671900925196283,44.93908281998631,0.05974065882037079,68.0,0.06231317544263051,0.134154688569474
RPRNMLLJPHKGFBA47DA,2025-05-22,大同區,公寓(5樓含以下無電梯),54.784130177,32.03475120130317,44.43258042436687,1,RPQOMLLLNHKGFBA47DA,2025-05-04,58.73718788000001,31.49630118111129,46.362765229295,0.06539684612742577,18.0,0.01680830972615703,1.9301848049281318
RPRNMLLJPHKGFBA47DA,2025-05-22,大同區,公寓(5樓含以下無電梯),54.784130177,32.03475120130317,44.43258042436687,2,RPXNMLNJOHKGFBA18DA,2025-03-22,35.0991722375,35.616351335613174,40.50650239561944,0.0921863035797778,61.0,0.11180358829084029,3.926078028747426
RPRNMLLJPHKGFBA47DA,2025-05-22,大同區,公寓(5樓含以下無電梯),54.784130177,32.03475120130317,44.43258042436687,3,RPPNMLLKOHKGFBA37EA,2025-04-28,50.69156834700001,28.60440107266504,45.267624914442166,0.09480466092295985,24.0,0.10708215297450431,0.8350444900752976
SPPOMLLJNHOFFEA77CA,2019-03-17,北投區,住宅大樓(11層含以上有電梯),53.94115500200001,81.79297806723667,3.003422313483916,1,SPQOMLMLLHOFFEA97CA,2019-02-01,52.128262508000006,80.18670300700136,2.8829568788501025,0.0368484791905507,44.0,0.019638300232996835,0.12046543463381365
SPPOMLLJNHOFFEA77CA,2019-03-17,北投區,住宅大樓(11層含以上有電梯),53.94115500200001,81.79297806723667,3.003422313483916,2,SPROMLMLLHOFFEA08CA,2019-02-12,58.443303593500005,85.55305320823949,2.913073237508556,0.06093944888742483,33.0,0.04597063500869112,0.09034907597536002
SPPOMLLJNHOFFEA77CA,2019-03-17,北投區,住宅大樓(11層含以上有電梯),53.94115500200001,81.79297806723667,3.003422313483916,3,SPPNMLNLJINFFEA67CA,2018-10-23,58.595039125,78.5048029439301,2.6064339493497606,0.12708636078896765,145.0,0.04020119087244358,0.3969883641341556
RPUNMLOJQHGGFEA08DA,2021-07-06,北投區,住宅大樓(11層含以上有電梯),54.285948377500006,53.05245198946695,30.72142368240931,1,RPROMLTKPHGGFEA48EA,2021-05-31,55.207931814,46.333926737522255,24.383299110198493,0.1066715784812639,36.0,0.12663929752537348,6.338124572210816
RPUNMLOJQHGGFEA08DA,2021-07-06,北投區,住宅大樓(11層含以上有電梯),54.285948377500006,53.05245198946695,30.72142368240931,2,RPQOMLTKPHGGFEA38EA,2021-06-17,49.72462623450001,50.762526903594754,13.508555783709788,0.13786454548305688,19.0,0.043163416581138245,17.21286789869952
RPUNMLOJQHGGFEA08DA,2021-07-06,北投區,住宅大樓(11層含以上有電梯),54.285948377500006,53.05245198946695,30.72142368240931,3,RPOOMLLMNHGGFEA37EA,2021-04-30,31.803635171000003,50.41465189054946,36.28199863107461,0.1392600731920283,67.0,0.049720606682631834,5.560574948665298
RPTOMLTJKIGGFEA18EA,2021-11-19,北投區,住宅大樓(11層含以上有電梯),41.9996678465,14.76200055357502,12.785763175906911,1,RPOOMLKLKIGGFEA86DA,2021-11-13,45.6446263875,14.459500542231268,21.412731006160165,0.05359464153168397,6.0,0.020491803278688568,8.626967830253253
RPTOMLTJKIGGFEA18EA,2021-11-19,北投區,住宅大樓(11層含以上有電梯),41.9996678465,14.76200055357502,12.785763175906911,2,RPTNMLSJPHGGFEA38EA,2021-05-21,54.245287222,15.07962556548596,11.698836413415467,0.1126913989146356,182.0,0.021516393442623172,1.0869267624914443
RPTOMLTJKIGGFEA18EA,2021-11-19,北投區,住宅大樓(11層含以上有電梯),41.9996678465,14.76200055357502,12.785763175906911,3,RPRPMLTJJIGGFEA87DA,2021-10-27,66.2092537155,14.952575560721584,23.28815879534565,0.11407760489061641,23.0,0.012909836065573927,10.50239561943874
RPSNMLTKNHKGFEA58DA,2025-05-16,北投區,住宅大樓(11層含以上有電梯),64.974543018,27.518426031940976,7.79192334017796,1,RPPOMLMKNHKGFEA67DA,2025-04-22,93.923302263,30.30142613630348,0.2874743326488706,0.11166445255378252,24.0,0.10113224139826317,7.5044490075290895
RPSNMLTKNHKGFEA58DA,2025-05-16,北投區,住宅大樓(11層含以上有電梯),64.974543018,27.518426031940976,7.79192334017796,2,RPVNMLPKMHKGFEA38DA,2025-03-31,98.989748354,34.49407629352786,9.752224503764545,0.13244066303921567,46.0,0.25349016159173354,1.9603011635865846
RPSNMLTKNHKGFEA58DA,2025-05-16,北投區,住宅大樓(11層含以上有電梯),64.974543018,27.518426031940976,7.79192334017796,3,RPQNMLKKMHKGFEA37DA,2025-03-17,107.4965248945,34.50012629375473,0.7364818617385352,0.15834131361150197,60.0,0.2537100142904253,7.055441478439425
RPQPMLQLJIOFFDA18CA,2019-10-02,信義區,住宅大樓(11層含以上有電梯),98.462806225,33.45952625473223,1.106091718001369,1,RPVOMLOJJIOFFDA18CA,2019-09-21,96.050905489,33.45952625473223,1.0759753593429158,0.006177979053566238,11.0,0.0,0.03011635865845319
RPQPMLQLJIOFFDA18CA,2019-10-02,信義區,住宅大樓(11層含以上有電梯),98.462806225,33.45952625473223,1.106091718001369,2,RPUPMLNJIIOFFDA97CA,2019-08-05,83.7147076045,32.706301226486296,4.766598220396989,0.09879572220846815,58.0,0.02251152698670998,3.66050650239562
RPQPMLQLJIOFFDA18CA,2019-10-02,信義區,住宅大樓(11層含以上有電梯),98.462806225,33.45952625473223,1.106091718001369,3,RPVOMLLMNHOFFDA48CA,2019-04-19,98.6350376235,33.45952625473223,0.6516084873374401,0.1119813202629087,166.0,0.0,0.4544832306639288
RPSPMLNKPHPFFDA58CA,2020-04-09,信義區,住宅大樓(11層含以上有電梯),94.3414840655,126.35122973817111,6.398357289527721,1,RPUNMLPKNHPFFDA58CA,2020-04-01,149.084953087,124.00685465025704,12.780287474332647,0.07797244836474312,8.0,0.018554430319136263,6.381930184804927
RPSPMLNKPHPFFDA58CA,2020-04-09,信義區,住宅大樓(11層含以上有電梯),94.3414840655,126.35122973817111,6.398357289527721,2,RPXNMLTJOHPFFDA76DA,2020-04-04,116.3335493565,119.31205447420204,12.711841204654348,0.07880605627841167,5.0,0.05571117335823217,6.3134839151266275
RPSPMLNKPHPFFDA58CA,2020-04-09,信義區,住宅大樓(11層含以上有電梯),94.3414840655,126.35122973817111,6.398357289527721,3,RPRRMLPLNHPFFDA88DA,2020-02-24,146.0770193155,112.36665421374953,10.499657768651607,0.09223542930182273,45.0,0.11068016950369895,4.1013004791238865
RPTNMLLJQHHGFDA77EA,2022-06-23,信義區,住宅大樓(11層含以上有電梯),99.814211133,67.12475251717822,7.73990417522245,1,RPSOMLLJPHHGFDA57DA,2022-06-17,122.9709044795,50.5810268967885,1.4072553045859,0.1407365547628659,6.0,0.246462370437134,6.33264887063655
RPTNMLLJQHHGFDA77EA,2022-06-23,信義區,住宅大樓(11層含以上有電梯),99.814211133,67.12475251717822,7.73990417522245,2,RPSQMLRLNHHGFDA48EA,2022-05-31,117.8006567395,57.04545213920446,1.3607118412046544,0.14991104930057786,23.0,0.15015772870662464,6.379192334017795
RPTNMLLJQHHGFDA77EA,2022-06-23,信義區,住宅大樓(11層含以上有電梯),99.814211133,67.12475251717822,7.73990417522245,3,RPRPMLLLLHHGFDA37DA,2022-03-12,121.22875578450002,57.65952716223227,1.1416837782340865,0.17163991330930733,103.0,0.14100946372239745,6.5982203969883635
RPSNMLRJQHIGFDA28DA,2023-07-14,信義區,住宅大樓(11層含以上有電梯),91.879004819,59.31722722439602,28.72826830937714,1,RPVOMLRJPHIGFDA58DA,2023-07-04,108.8618140995,59.383777226891645,28.700889801505816,0.006009021426218037,10.0,0.0011219338059054412,0.027378507871322455
RPSNMLRJQHIGFDA28DA,2023-07-14,信義區,住宅大樓(11層含以上有電梯),91.879004819,59.31722722439602,28.72826830937714,2,RPXOMLPJPHIGFDA58DA,2023-07-02,94.18181465,58.39762718991102,25.177275838466805,0.036110899731760494,12.0,0.015503085317966228,3.5509924709103338
RPSNMLRJQHIGFDA28DA,2023-07-14,信義區,住宅大樓(11層含以上有電梯),91.879004819,59.31722722439602,28.72826830937714,3,RPQOMLQLOHIGFDA08DA,2023-06-15,129.53024307650003,57.88942717085352,23.98357289527721,0.08741057164825863,29.0,0.02407057983578962,4.74469541409993
RPXNMLTKMHIGFDA68DA,2023-04-14,信義區,住宅大樓(11層含以上有電梯),73.03173279850002,11.364925426184705,29.916495550992472,1,RPQNMLTLLHIGFDA08EA,2023-02-27,92.4790047965,11.083600415635017,15.06091718001369,0.1232732492490758,46.0,0.024753792919882896,14.855578370978783
RPXNMLTKMHIGFDA68DA,2023-04-14,信義區,住宅大樓(11層含以上有電梯),73.03173279850002,11.364925426184705,29.916495550992472,2,RPUOMLRKMHIGFDA28DA,2023-03-18,96.0995005285,11.092675415975329,15.1129363449692,0.13207061537269257,27.0,0.023955283470854467,14.803559206023273
RPXNMLTKMHIGFDA68DA,2023-04-14,信義區,住宅大樓(11層含以上有電梯),73.03173279850002,11.364925426184705,29.916495550992472,3,RPPOMLOKLHIGFDA37DA,2023-02-20,58.9332209305,10.85975040724064,39.611225188227245,0.15532727180260741,53.0,0.044450359329252245,9.694729637234772
RPTOMLKKLHIGFDA37DA,2023-02-19,信義區,住宅大樓(11層含以上有電梯),70.54446016450001,47.91600179685007,38.27789185489391,1,RPOPMLSLKIHGFDA77DA,2022-12-02,68.874708161,47.91600179685007,38.06160164271047,0.05151197943665105,79.0,0.0,0.2162902121834378
RPTOMLKKLHIGFDA37DA,2023-02-19,信義區,住宅大樓(11層含以上有電梯),70.54446016450001,47.91600179685007,38.27789185489391,2,RPQNMLKMKIHGFDA07DA,2022-12-13,77.1897491715,41.43342655375349,38.091718001368925,0.09268564179722626,68.0,0.13529040404040413,0.18617385352498417
RPTOMLKKLHIGFDA37DA,2023-02-19,信義區,住宅大樓(11層含以上有電梯),70.54446016450001,47.91600179685007,38.27789185489391,3,RPSNMLRLNHIGFDA18DA,2023-02-11,73.045947674,39.536751482628176,44.101300479123886,0.12446831760769839,8.0,0.1748737373737375,5.823408624229977
RPPOMLNKJIIGFDA17DA,2023-10-23,信義區,住宅大樓(11層含以上有電梯),109.5798306015,37.36177640106661,0.947296372347707,1,RPXOMLOLJIIGFDA18DA,2023-10-20,84.0433026335,39.50347648138037,0.9390828199863108,0.04674805615939674,3.0,0.05732329366043258,0.008213552361396204
RPPOMLNKJIIGFDA17DA,2023-10-23,信義區,住宅大樓(11層含以上有電梯),109.5798306015,37.36177640106661,0.947296372347707,2,RPRNMLQJJIIGFDA57EA,2023-10-04,110.69751651,40.25065150939943,8.120465434633813,0.08773332963490264,19.0,0.07732167435835181,7.173169062286106
RPPOMLNKJIIGFDA17DA,2023-10-23,信義區,住宅大樓(11層含以上有電梯),109.5798306015,37.36177640106661,0.947296372347707,3,RPXNMLKMQHIGFDA38DA,2023-07-30,101.808260645,40.943376535376615,0.7145790554414785,0.09795753483119304,85.0,0.095862683183548,0.23271731690622854
RPXNMLSJNHJGFDA68DA,2024-04-15,信義區,住宅大樓(11層含以上有電梯),100.914376381,11.89127544592283,15.019849418206707,1,RPXNMLOLMHJGFDA38DA,2024-04-03,120.573879776,13.00447548766783,15.613963039014374,0.04957606752948319,12.0,0.09361485627066901,0.5941136208076667
RPXNMLSJNHJGFDA68DA,2024-04-15,信義區,住宅大樓(11層含以上有電梯),100.914376381,11.89127544592283,15.019849418206707,2,RPPNMLSLMHJGFDA97DA,2024-04-14,123.03470613000002,13.00447548766783,15.644079397672828,0.056947115310364727,1.0,0.09361485627066901,0.6242299794661204
RPXNMLSJNHJGFDA68DA,2024-04-15,信義區,住宅大樓(11層含以上有電梯),100.914376381,11.89127544592283,15.019849418206707,3,RPSNMLKMLHJGFDA47DA,2024-03-03,113.66710317550002,12.184700456926269,17.177275838466805,0.06525246168201175,43.0,0.024675655049605796,2.157426420260098
RPQOMLLKKIJGFDA27DA,2024-11-25,信義區,住宅大樓(11層含以上有電梯),104.87073986900002,38.14222643033349,38.28062970568104,1,RPUOMLNLJHKGFDA87DA,2024-11-17,85.1077654035,36.13060135489755,39.4113620807666,0.03563911785777445,8.0,0.05274010627329677,1.1307323750855645
RPQOMLLKKIJGFDA27DA,2024-11-25,信義區,住宅大樓(11層含以上有電梯),104.87073986900002,38.14222643033349,38.28062970568104,2,RPWNMLRJLHKGFDA38DA,2024-10-09,96.015864168,35.87952634548223,39.304585900068446,0.0587790098736053,47.0,0.05932270600364821,1.0239561943874094
RPQOMLLKKIJGFDA27DA,2024-11-25,信義區,住宅大樓(11層含以上有電梯),104.87073986900002,38.14222643033349,38.28062970568104,3,RPSNMLKKJHKGFDA17DA,2024-10-19,90.1795007505,42.13825158018444,29.88637919233402,0.11224681133808462,37.0,0.10476643667221847,8.394250513347018
RPOQMLMJRHOFFDA28DA,2019-07-16,信義區,華廈(10層含以下有電梯),71.76198078,29.542151107830662,12.621492128678987,1,RPSPMLMLMHOFFDA18CA,2019-03-17,67.2373528505,30.488976143336604,16.54483230663929,0.11046889333456145,121.0,0.03204996928117971,3.923340177960302
RPOQMLMJRHOFFDA28DA,2019-07-16,信義區,華廈(10層含以下有電梯),71.76198078,29.542151107830662,12.621492128678987,2,RPVNMLKMQHOFFDA68DA,2019-07-03,67.246939627,28.99765108741192,30.203969883641346,0.14815329539614353,13.0,0.018431292238377736,17.58247775496236
RPOQMLMJRHOFFDA28DA,2019-07-16,信義區,華廈(10層含以下有電梯),71.76198078,29.542151107830662,12.621492128678987,3,RPOPMLPLOHOFFDA28CA,2019-05-05,60.13817956300001,27.436751028878163,27.81930184804928,0.16324192841111979,72.0,0.07126766332172833,15.197809719370294
RPQNMLMJJIOFFDA47DA,2019-07-16,信義區,華廈(10層含以下有電梯),101.7656160185,28.20207605757785,,1,RPWPMLTLPHOFFDA96CA,2019-07-08,52.853221158500006,28.380551064270666,35.63860369609856,0.1315985139124187,8.0,0.006328435053094543,
RPQNMLMJJIOFFDA47DA,2019-07-16,信義區,華廈(10層含以下有電梯),101.7656160185,28.20207605757785,,2,RPXPMLTLPHOFFDA07CA,2019-07-08,52.853221158500006,28.380551064270666,35.63860369609856,0.1315985139124187,8.0,0.006328435053094543,
RPQNMLMJJIOFFDA47DA,2019-07-16,信義區,華廈(10層含以下有電梯),101.7656160185,28.20207605757785,,3,RPVNMLKMQHOFFDA68DA,2019-07-03,67.246939627,28.99765108741192,30.203969883641346,0.1753300523035044,13.0,0.02820980371125193,
RPXOMLLJOHPFFDA58CA,2020-02-15,信義區,華廈(10層含以下有電梯),46.109089180000005,43.375476626580365,17.10609171800137,1,RPXOMLLMLHPFFDA58CA,2020-01-22,89.48660821450001,36.433101366241296,12.186173853524982,0.12154660283716205,24.0,0.1600530023014157,4.919917864476387
RPXOMLLJOHPFFDA58CA,2020-02-15,信義區,華廈(10層含以下有電梯),46.109089180000005,43.375476626580365,17.10609171800137,2,RPSPMLRLKIOFFDA58CA,2019-10-31,58.40032838850001,44.79420167978255,7.860369609856263,0.12344940437697657,107.0,0.032707999163121525,9.245722108145106
RPXOMLLJOHPFFDA58CA,2020-02-15,信義區,華廈(10層含以下有電梯),46.109089180000005,43.375476626580365,17.10609171800137,3,RPTNMLLJKIOFFDA77DA,2019-10-16,66.679666921,45.74102671528849,18.9678302532512,0.13413469913031856,122.0,0.05453657856196383,1.861738535249831
RPQOMLSKJIPFFDA48EA,2020-09-23,信義區,華廈(10層含以下有電梯),67.6333858935,42.434701591301305,32.76933607118412,1,RPTNMLSKRHPFFDA66DA,2020-08-20,61.6750390095,42.15640158086506,33.24845995893224,0.03760687989239295,34.0,0.00655831194753343,0.4791238877481163
RPQOMLSKJIPFFDA48EA,2020-09-23,信義區,華廈(10層含以下有電梯),67.6333858935,42.434701591301305,32.76933607118412,2,RPPNMLQLRHPFFDA88EA,2020-08-11,66.523633869,42.66157659980912,32.9637234770705,0.04069055263579262,43.0,0.005346449957228527,0.19438740588638126
RPQOMLSKJIPFFDA48EA,2020-09-23,信義區,華廈(10層含以下有電梯),67.6333858935,42.434701591301305,32.76933607118412,3,RPUQMLOLRHPFFDA76DA,2020-08-13,52.040989784,42.27437658528912,31.274469541409992,0.05983386993437789,41.0,0.0037781579697747096,1.4948665297741286
RPXNMLQJNHHGFDA28DA,2022-04-16,信義區,華廈(10層含以下有電梯),90.223467691,19.39630072736128,0.9527720739219712,1,RPTPMLKLMHHGFDA57DA,2022-04-03,88.4704099055,19.39630072736128,0.917180013689254,0.007301247972396463,13.0,0.0,0.035592060232717215
RPXNMLQJNHHGFDA28DA,2022-04-16,信義區,華廈(10層含以下有電梯),90.223467691,19.39630072736128,0.9527720739219712,2,RPTNMLQJMHHGFDA77DA,2022-03-10,87.645616548,19.39630072736128,0.8514715947980835,0.03506618928407346,37.0,0.0,0.10130047912388762
RPXNMLQJNHHGFDA28DA,2022-04-16,信義區,華廈(10層含以下有電梯),90.223467691,19.39630072736128,0.9527720739219712,3,RPTPMLLLMHHGFDA67DA,2022-03-27,96.0578476375,20.092050753451897,0.8980150581793293,0.052358702912569104,20.0,0.03587024329382366,0.05475701574264191
RPROMLPLKHJGFDA77DA,2021-01-24,信義區,華廈(10層含以下有電梯),72.59999727750001,22.176275831610344,,1,RPSOMLOJJHGGFDA27EA,2020-12-01,38.123634934,20.984425786915967,24.48733744010952,0.1883995717192706,54.0,0.05374437320965762,
RPROMLPLKHJGFDA77DA,2021-01-24,信義區,華廈(10層含以下有電梯),72.59999727750001,22.176275831610344,,2,RPWNMLRJKIPFFDA88EA,2020-11-09,66.30379916650001,21.265750797465653,4.692676249144422,0.189347650466618,76.0,0.04105851861956084,
RPROMLPLKHJGFDA77DA,2021-01-24,信義區,華廈(10層含以下有電梯),72.59999727750001,22.176275831610344,,3,RPOSMLNKJHGGFDA17DA,2020-12-02,59.0720639005,20.41572576558972,24.490075290896645,0.19016054298721444,53.0,0.07938889646705755,
RPQNMLQJRHJGFDA18DA,2024-09-06,信義區,華廈(10層含以下有電梯),101.6631366835,50.411626890436,47.45516769336072,1,RPROMLLLQHJGFDA97DA,2024-07-26,74.6343773665,48.905176833944125,40.85694729637235,0.08932098937681215,42.0,0.029882988298829783,6.598220396988374
RPQNMLQJRHJGFDA18DA,2024-09-06,信義區,華廈(10層含以下有電梯),101.6631366835,50.411626890436,47.45516769336072,2,RPQNMLMJQHJGFDA67DA,2024-07-15,46.0743784375,42.32277658710412,43.23066392881588,0.12632323067473125,53.0,0.16045604560456025,4.224503764544842
RPQNMLQJRHJGFDA18DA,2024-09-06,信義區,華廈(10層含以下有電梯),101.6631366835,50.411626890436,47.45516769336072,3,RPPOMLMKPHJGFDA67DA,2024-03-19,97.3761946955,47.95835179843819,46.16563997262149,0.13717897201100945,171.0,0.048664866486648556,1.2895277207392297
RPTQMLNKJHPFFEA38DA,2019-11-29,士林區,住宅大樓(11層含以上有電梯),76.5603277075,43.103226616371,17.8507871321013,1,RPWOMLRJKHPFFEA78CA,2019-11-25,53.056196357500006,41.08857654082162,22.858316221765914,0.04510362052523383,4.0,0.04674012211383267,5.007529089664615
RPTQMLNKJHPFFEA38DA,2019-11-29,士林區,住宅大樓(11層含以上有電梯),76.5603277075,43.103226616371,17.8507871321013,2,RPVNMLPLJIOFFEA48CA,2019-10-13,34.825783818000005,37.328501399818805,19.88501026694045,0.09190645931807037,47.0,0.1339743139869465,2.034223134839152
RPTQMLNKJHPFFEA38DA,2019-11-29,士林區,住宅大樓(11層含以上有電梯),76.5603277075,43.103226616371,17.8507871321013,3,RPPPMLPJJIOFFEA87CA,2019-09-13,58.3801631,41.10975154161568,22.65845311430527,0.09226569643060498,77.0,0.04624885956909276,4.807665982203972
RPVNMLOLPHGGFEA28DA,2021-06-26,士林區,住宅大樓(11層含以上有電梯),45.2631387985,25.9151759718191,17.10609171800137,1,RPWQMLTKMHGGFEA78DA,2021-03-22,47.462477559,25.9151759718191,16.843258042436688,0.07699383118077388,96.0,0.0,0.26283367556468207
RPVNMLOLPHGGFEA28DA,2021-06-26,士林區,住宅大樓(11層含以上有電梯),45.2631387985,25.9151759718191,17.10609171800137,2,RPSRNLSLOHGGFEA78DA,2021-06-09,82.6039638445,18.49787569367033,22.494182067077343,0.15181522608655215,17.0,0.2862145441811606,5.3880903490759735
RPVNMLOLPHGGFEA28DA,2021-06-26,士林區,住宅大樓(11層含以上有電梯),45.2631387985,25.9151759718191,17.10609171800137,3,RPVOMLOJOHGGFEA18EA,2021-04-20,47.5923949095,29.6177761106666,0.9500342231348392,0.17589006098184448,67.0,0.14287381813937183,16.15605749486653
RPRNMLRLNHHGFEA08DA,2022-05-14,士林區,住宅大樓(11層含以上有電梯),73.323633614,36.95945138597943,43.03080082135524,1,RPXNMLRLNHHGFEA78EA,2022-04-13,57.359997849,36.95945138597943,42.945927446954144,0.024553525384725647,31.0,0.0,0.08487337440109854
RPRNMLRLNHHGFEA08DA,2022-05-14,士林區,住宅大樓(11層含以上有電梯),73.323633614,36.95945138597943,43.03080082135524,2,RPTNMLNJNHHGFEA67DA,2022-04-09,67.174212357,37.216576395621615,35.813826146475016,0.07198360191933773,35.0,0.006956948764118511,7.216974674880227
RPRNMLRLNHHGFEA08DA,2022-05-14,士林區,住宅大樓(11層含以上有電梯),73.323633614,36.95945138597943,43.03080082135524,3,RPRQMLPJNHHGFEA97DA,2022-04-10,43.3629735805,31.363201176120043,38.49691991786448,0.09667607417608096,34.0,0.1514159436896383,4.533880903490761
