param_id,fold_id,train_start,train_end,valid_start,valid_end,test_start,test_end,num_leaves,min_child_samples,learning_rate,n_estimators,subsample,colsample_bytree,split,n,mae,rmse,mape,medae,r2
1,1,2019-01-01,2021-12-31,2022-01-01,2022-06-30,2022-07-01,2022-09-30,15,10,0.03,1000,0.8,0.8,train,43736,7.277331480685764,9.643072214938991,12.271159356989317,5.670978384162471,0.8029611482912609
1,1,2019-01-01,2021-12-31,2022-01-01,2022-06-30,2022-07-01,2022-09-30,15,10,0.03,1000,0.8,0.8,valid,5929,9.202882048535193,12.51794706546547,13.612424500441694,7.063808981078623,0.7239802982049486
1,1,2019-01-01,2021-12-31,2022-01-01,2022-06-30,2022-07-01,2022-09-30,15,10,0.03,1000,0.8,0.8,test,969,9.513624066086457,12.551401837180217,14.164170211893323,7.772153748832984,0.713991842901255
1,2,2019-04-01,2022-03-31,2022-04-01,2022-09-30,2022-10-01,2022-12-31,15,10,0.03,1000,0.8,0.8,train,44005,7.371924551341082,9.768801195415126,12.310698091091341,5.768927994604681,0.8036652222187257
1,2,2019-04-01,2022-03-31,2022-04-01,2022-09-30,2022-10-01,2022-12-31,15,10,0.03,1000,0.8,0.8,valid,3729,9.078477076724509,12.197118471244393,13.664122511194666,7.184328828066256,0.7357060268097104
1,2,2019-04-01,2022-03-31,2022-04-01,2022-09-30,2022-10-01,2022-12-31,15,10,0.03,1000,0.8,0.8,test,1855,9.286940789919008,12.372095531210624,13.971090210842974,7.192589942060849,0.7332553442644606
1,3,2019-07-01,2022-06-30,2022-07-01,2022-12-31,2023-01-01,2023-03-31,15,10,0.03,1000,0.8,0.8,train,42903,7.443785320640185,9.858954870404151,12.314592662628119,5.822975414025514,0.8056554574573386
1,3,2019-07-01,2022-06-30,2022-07-01,2022-12-31,2023-01-01,2023-03-31,15,10,0.03,1000,0.8,0.8,valid,2824,9.239383979760923,12.314622284603724,13.922271162293987,7.181395345047385,0.7320491917123315
1,3,2019-07-01,2022-06-30,2022-07-01,2022-12-31,2023-01-01,2023-03-31,15,10,0.03,1000,0.8,0.8,test,2572,9.08939399807513,12.482397304089563,13.801326219213308,6.910456546570725,0.7023824770366558
1,4,2019-10-01,2022-09-30,2022-10-01,2023-03-31,2023-04-01,2023-06-30,15,10,0.03,1000,0.8,0.8,train,40452,7.4795491144568365,9.892064399421644,12.296597792501137,5.876809773764887,0.8063989806572658
1,4,2019-10-01,2022-09-30,2022-10-01,2023-03-31,2023-04-01,2023-06-30,15,10,0.03,1000,0.8,0.8,valid,4427,9.172771827482583,12.442896292492673,13.844156254389919,7.077138418283866,0.7158226832977899
1,4,2019-10-01,2022-09-30,2022-10-01,2023-03-31,2023-04-01,2023-06-30,15,10,0.03,1000,0.8,0.8,test,3175,9.690472110680272,13.045666328763193,14.124887821174905,7.3330762554597655,0.6994915153018878
1,5,2020-01-01,2022-12-31,2023-01-01,2023-06-30,2023-07-01,2023-09-30,15,10,0.03,1000,0.8,0.8,train,38519,7.527639287913249,9.944454980498834,12.275223305302637,5.9135175876669095,0.8085838796883129
1,5,2020-01-01,2022-12-31,2023-01-01,2023-06-30,2023-07-01,2023-09-30,15,10,0.03,1000,0.8,0.8,valid,5747,9.355339693790876,12.713386966622839,13.877499349749828,7.014413571395522,0.705146059144125
1,5,2020-01-01,2022-12-31,2023-01-01,2023-06-30,2023-07-01,2023-09-30,15,10,0.03,1000,0.8,0.8,test,3144,9.511073040730945,12.933751860053919,13.637436323456562,7.233752368690176,0.7336443713780811
1,6,2020-04-01,2023-03-31,2023-04-01,2023-09-30,2023-10-01,2023-12-31,15,10,0.03,1000,0.8,0.8,train,38109,7.583308453259301,10.006499353108879,12.24198036591827,5.962850263090665,0.8080718995980085
1,6,2020-04-01,2023-03-31,2023-04-01,2023-09-30,2023-10-01,2023-12-31,15,10,0.03,1000,0.8,0.8,valid,6319,9.554871857754385,12.906322306816945,13.742074212765237,7.263020278720461,0.7212547451747184
1,6,2020-04-01,2023-03-31,2023-04-01,2023-09-30,2023-10-01,2023-12-31,15,10,0.03,1000,0.8,0.8,test,3475,9.631452601840197,12.931288943504423,13.59765542805479,7.407678464309072,0.7153130259366502
1,7,2020-07-01,2023-06-30,2023-07-01,2023-12-31,2024-01-01,2024-03-31,15,10,0.03,1000,0.8,0.8,train,37451,7.70068240623742,10.160598990059464,12.243641687570507,6.0457540596573836,0.8066313494422888
1,7,2020-07-01,2023-06-30,2023-07-01,2023-12-31,2024-01-01,2024-03-31,15,10,0.03,1000,0.8,0.8,valid,6619,9.504986157856424,12.813431385720547,13.541628149743493,7.2810732215248635,0.7293832626076746
1,7,2020-07-01,2023-06-30,2023-07-01,2023-12-31,2024-01-01,2024-03-31,15,10,0.03,1000,0.8,0.8,test,3482,10.095864290237335,13.743212683816003,14.03092351042787,7.670280051306982,0.7195088943635958
1,8,2020-10-01,2023-09-30,2023-10-01,2024-03-31,2024-04-01,2024-06-30,15,10,0.03,1000,0.8,0.8,train,36225,7.828078444432106,10.295663593238874,12.280807951416927,6.131081857382362,0.8070475412618948
1,8,2020-10-01,2023-09-30,2023-10-01,2024-03-31,2024-04-01,2024-06-30,15,10,0.03,1000,0.8,0.8,valid,6957,9.769853968869795,13.212149123577628,13.730831567604977,7.475871161661118,0.7236741838225936
1,8,2020-10-01,2023-09-30,2023-10-01,2024-03-31,2024-04-01,2024-06-30,15,10,0.03,1000,0.8,0.8,test,4025,10.125492836650812,13.540963115170431,13.30141509389332,7.6621524900013895,0.715645135465252
1,9,2021-01-01,2023-12-31,2024-01-01,2024-06-30,2024-07-01,2024-09-30,15,10,0.03,1000,0.8,0.8,train,35525,7.928141183935261,10.402317865922573,12.247885840668129,6.240920989775603,0.8060776020739047
1,9,2021-01-01,2023-12-31,2024-01-01,2024-06-30,2024-07-01,2024-09-30,15,10,0.03,1000,0.8,0.8,valid,7507,10.071565772447302,13.552523424241434,13.635065020937997,7.627391184640459,0.7216820114530309
1,9,2021-01-01,2023-12-31,2024-01-01,2024-06-30,2024-07-01,2024-09-30,15,10,0.03,1000,0.8,0.8,test,2827,10.418035587502636,13.991880427396605,13.646589326729961,7.854806680788911,0.7039227334418663
1,10,2021-04-01,2024-03-31,2024-04-01,2024-09-30,2024-10-01,2024-12-31,15,10,0.03,1000,0.8,0.8,train,35354,8.048617972066314,10.531765501996922,12.266758374086537,6.388576223439522,0.8074729178201903
1,10,2021-04-01,2024-03-31,2024-04-01,2024-09-30,2024-10-01,2024-12-31,15,10,0.03,1000,0.8,0.8,valid,6852,10.148936748251755,13.584737452897487,13.421961228701063,7.722788006500725,0.7169948675792432
1,10,2021-04-01,2024-03-31,2024-04-01,2024-09-30,2024-10-01,2024-12-31,15,10,0.03,1000,0.8,0.8,test,2204,10.500510238663676,14.06821658258645,14.871494296325723,7.966762510212952,0.6844887609930757
1,11,2021-07-01,2024-06-30,2024-07-01,2024-12-31,2025-01-01,2025-03-31,15,10,0.03,1000,0.8,0.8,train,36095,8.203169395391164,10.72210566077434,12.274227586531621,6.5059579748615874,0.8064941239115118
1,11,2021-07-01,2024-06-30,2024-07-01,2024-12-31,2025-01-01,2025-03-31,15,10,0.03,1000,0.8,0.8,valid,5031,10.352244479781787,13.888083191428176,14.164842703480948,7.882834522606053,0.7022543764974567
1,11,2021-07-01,2024-06-30,2024-07-01,2024-12-31,2025-01-01,2025-03-31,15,10,0.03,1000,0.8,0.8,test,2098,10.493972074366257,13.986316231437808,14.341920338839955,8.27793358848923,0.6976829413808345
1,12,2021-10-01,2024-09-30,2024-10-01,2025-03-31,2025-04-01,2025-06-30,15,10,0.03,1000,0.8,0.8,train,35473,8.30223529642458,10.858363088603044,12.221148504526456,6.569199896982013,0.8066225034775668
1,12,2021-10-01,2024-09-30,2024-10-01,2025-03-31,2025-04-01,2025-06-30,15,10,0.03,1000,0.8,0.8,valid,4302,10.569140991627092,14.09040371945564,14.735208514038467,8.252802242181655,0.6888186825009639
1,12,2021-10-01,2024-09-30,2024-10-01,2025-03-31,2025-04-01,2025-06-30,15,10,0.03,1000,0.8,0.8,test,2307,10.328191579780874,13.798956338168075,14.215640364296393,7.921390259823156,0.720068313218577
1,13,2022-01-01,2024-12-31,2025-01-01,2025-06-30,2025-07-01,2025-09-30,15,10,0.03,1000,0.8,0.8,train,33657,8.383361572028388,10.971475911475698,12.201086841070845,6.635166245297093,0.8045903084932736
1,13,2022-01-01,2024-12-31,2025-01-01,2025-06-30,2025-07-01,2025-09-30,15,10,0.03,1000,0.8,0.8,valid,4405,10.409556765279268,13.818977008351307,14.125683386994778,8.093626126402164,0.7126011832380335
1,13,2022-01-01,2024-12-31,2025-01-01,2025-06-30,2025-07-01,2025-09-30,15,10,0.03,1000,0.8,0.8,test,2037,10.031440142630268,13.28389684284396,13.562965945791658,7.64092579101316,0.7445579189150136
1,14,2022-04-01,2025-03-31,2025-04-01,2025-09-30,2025-10-01,2025-12-31,15,10,0.03,1000,0.8,0.8,train,32586,8.426804554700343,11.015219320757142,12.165596519181058,6.690646531653876,0.8052370963314093
1,14,2022-04-01,2025-03-31,2025-04-01,2025-09-30,2025-10-01,2025-12-31,15,10,0.03,1000,0.8,0.8,valid,4344,10.180934700565771,13.528745411973517,13.78348241739917,7.896738577452126,0.7330084806892554
1,14,2022-04-01,2025-03-31,2025-04-01,2025-09-30,2025-10-01,2025-12-31,15,10,0.03,1000,0.8,0.8,test,1904,10.501376275866168,14.172712871192196,14.003957886490792,7.966988410371663,0.7202810102934991
1,15,2022-07-01,2025-06-30,2025-07-01,2025-12-31,2026-01-01,2026-03-31,15,10,0.03,1000,0.8,0.8,train,32133,8.498975621397076,11.10185624703852,12.158365158079135,6.730697029222597,0.8046163202511416
1,15,2022-07-01,2025-06-30,2025-07-01,2025-12-31,2026-01-01,2026-03-31,15,10,0.03,1000,0.8,0.8,valid,3941,10.213753150321411,13.681750985384872,13.705622117583852,7.740032641956944,0.7341101283853002
1,15,2022-07-01,2025-06-30,2025-07-01,2025-12-31,2026-01-01,2026-03-31,15,10,0.03,1000,0.8,0.8,test,355,11.088187858584028,14.675869937390928,16.497369226350497,8.43606531789959,0.7491901717260041
2,1,2019-01-01,2021-12-31,2022-01-01,2022-06-30,2022-07-01,2022-09-30,15,20,0.03,1000,0.8,0.8,train,43736,7.27764236743712,9.674378222988883,12.266272165528257,5.677148833488154,0.801679707545989
2,1,2019-01-01,2021-12-31,2022-01-01,2022-06-30,2022-07-01,2022-09-30,15,20,0.03,1000,0.8,0.8,valid,5929,9.194225646615443,12.50949015895139,13.606214521103569,7.047888397896415,0.724353120410529
2,1,2019-01-01,2021-12-31,2022-01-01,2022-06-30,2022-07-01,2022-09-30,15,20,0.03,1000,0.8,0.8,test,969,9.493517611361804,12.514954498478627,14.15463210010003,7.797462986073228,0.7156504785054183
2,2,2019-04-01,2022-03-31,2022-04-01,2022-09-30,2022-10-01,2022-12-31,15,20,0.03,1000,0.8,0.8,train,44005,7.3788503625414785,9.816922570066499,12.312884669093702,5.74740770035352,0.8017261573301737
2,2,2019-04-01,2022-03-31,2022-04-01,2022-09-30,2022-10-01,2022-12-31,15,20,0.03,1000,0.8,0.8,valid,3729,9.07786616738191,12.196974301823277,13.684008416307448,7.109776103100543,0.7357122746598106
2,2,2019-04-01,2022-03-31,2022-04-01,2022-09-30,2022-10-01,2022-12-31,15,20,0.03,1000,0.8,0.8,test,1855,9.33872716854006,12.439745164857303,13.994161701704272,7.091220369428342,0.7303302919980519
2,3,2019-07-01,2022-06-30,2022-07-01,2022-12-31,2023-01-01,2023-03-31,15,20,0.03,1000,0.8,0.8,train,42903,7.447190184226576,9.911384131568312,12.305173472951262,5.800037808235814,0.8035829388127707
2,3,2019-07-01,2022-06-30,2022-07-01,2022-12-31,2023-01-01,2023-03-31,15,20,0.03,1000,0.8,0.8,valid,2824,9.278740929463796,12.354182420160981,13.999442038828636,7.158516983103876,0.7303248681685952
2,3,2019-07-01,2022-06-30,2022-07-01,2022-12-31,2023-01-01,2023-03-31,15,20,0.03,1000,0.8,0.8,test,2572,9.116692260763173,12.527940480942927,13.871051607344645,6.931523346475764,0.7002067451676033
2,4,2019-10-01,2022-09-30,2022-10-01,2023-03-31,2023-04-01,2023-06-30,15,20,0.03,1000,0.8,0.8,train,40452,7.473620514021857,9.931520298780724,12.278434443082217,5.856259839979327,0.8048514904572791
2,4,2019-10-01,2022-09-30,2022-10-01,2023-03-31,2023-04-01,2023-06-30,15,20,0.03,1000,0.8,0.8,valid,4427,9.187148008043682,12.430132849183781,13.864622875247715,6.997074513384192,0.716405380561549
2,4,2019-10-01,2022-09-30,2022-10-01,2023-03-31,2023-04-01,2023-06-30,15,20,0.03,1000,0.8,0.8,test,3175,9.675031668814382,13.046595875633669,14.087250187866776,7.320421961325707,0.6994486893294468
2,5,2020-01-01,2022-12-31,2023-01-01,2023-06-30,2023-07-01,2023-09-30,15,20,0.03,1000,0.8,0.8,train,38519,7.547857930307011,10.017404439913143,12.283018716045216,5.910301261196736,0.805765239704892
2,5,2020-01-01,2022-12-31,2023-01-01,2023-06-30,2023-07-01,2023-09-30,15,20,0.03,1000,0.8,0.8,valid,5747,9.359539497565295,12.711509024067421,13.884492557061698,7.0473534910989315,0.7052331606960043
2,5,2020-01-01,2022-12-31,2023-01-01,2023-06-30,2023-07-01,2023-09-30,15,20,0.03,1000,0.8,0.8,test,3144,9.543361952832294,12.955322382063844,13.68885044287821,7.098181814929159,0.7327551907227797
2,6,2020-04-01,2023-03-31,2023-04-01,2023-09-30,2023-10-01,2023-12-31,15,20,0.03,1000,0.8,0.8,train,38109,7.593602005507281,10.061697629478877,12.250965005370496,5.949150059172204,0.8059486155668628
2,6,2020-04-01,2023-03-31,2023-04-01,2023-09-30,2023-10-01,2023-12-31,15,20,0.03,1000,0.8,0.8,valid,6319,9.546595723065137,12.912807344248916,13.748619998847477,7.203084534078478,0.7209745526428402
2,6,2020-04-01,2023-03-31,2023-04-01,2023-09-30,2023-10-01,2023-12-31,15,20,0.03,1000,0.8,0.8,test,3475,9.641050799963493,12.951229401082538,13.59958760186284,7.366699698680534,0.7144343563085678
2,7,2020-07-01,2023-06-30,2023-07-01,2023-12-31,2024-01-01,2024-03-31,15,20,0.03,1000,0.8,0.8,train,37451,7.712324871141243,10.217268969861086,12.249311383791667,6.015295021347612,0.8044683358650269
2,7,2020-07-01,2023-06-30,2023-07-01,2023-12-31,2024-01-01,2024-03-31,15,20,0.03,1000,0.8,0.8,valid,6619,9.510176900300916,12.800653315861304,13.549459793217189,7.218346214142002,0.7299227333026281
2,7,2020-07-01,2023-06-30,2023-07-01,2023-12-31,2024-01-01,2024-03-31,15,20,0.03,1000,0.8,0.8,test,3482,10.06129876688658,13.711583525912527,13.994245985260601,7.757068178946906,0.7207984747319989
2,8,2020-10-01,2023-09-30,2023-10-01,2024-03-31,2024-04-01,2024-06-30,15,20,0.03,1000,0.8,0.8,train,36225,7.834759173650045,10.352255140248767,12.280606517631544,6.132551157615332,0.8049205315251434
2,8,2020-10-01,2023-09-30,2023-10-01,2024-03-31,2024-04-01,2024-06-30,15,20,0.03,1000,0.8,0.8,valid,6957,9.764524547991835,13.22302906442906,13.718683280967134,7.4917842511306105,0.7232188988623218
2,8,2020-10-01,2023-09-30,2023-10-01,2024-03-31,2024-04-01,2024-06-30,15,20,0.03,1000,0.8,0.8,test,4025,10.095437678803952,13.502259608540639,13.266990954313165,7.617507896720397,0.7172683290287849
2,9,2021-01-01,2023-12-31,2024-01-01,2024-06-30,2024-07-01,2024-09-30,15,20,0.03,1000,0.8,0.8,train,35525,7.935171112450912,10.452759486666867,12.243932808973259,6.259869272843673,0.8041923537242509
2,9,2021-01-01,2023-12-31,2024-01-01,2024-06-30,2024-07-01,2024-09-30,15,20,0.03,1000,0.8,0.8,valid,7507,10.038901675142338,13.521430048688636,13.617051947939427,7.6315741995460655,0.7229576290289454
2,9,2021-01-01,2023-12-31,2024-01-01,2024-06-30,2024-07-01,2024-09-30,15,20,0.03,1000,0.8,0.8,test,2827,10.401238865731727,13.98206148632972,13.643467537528817,7.868873850571461,0.7043381379588817
2,10,2021-04-01,2024-03-31,2024-04-01,2024-09-30,2024-10-01,2024-12-31,15,20,0.03,1000,0.8,0.8,train,35354,8.056116334047982,10.581722323636251,12.263057585836965,6.346155763654423,0.8056421037150477
2,10,2021-04-01,2024-03-31,2024-04-01,2024-09-30,2024-10-01,2024-12-31,15,20,0.03,1000,0.8,0.8,valid,6852,10.149653380468674,13.586375584612979,13.434104309727543,7.71804934547929,0.7169266104433903
2,10,2021-04-01,2024-03-31,2024-04-01,2024-09-30,2024-10-01,2024-12-31,15,20,0.03,1000,0.8,0.8,test,2204,10.51757109377881,14.072698847032981,14.887851271964378,8.059430107458361,0.6842876793435047
2,11,2021-07-01,2024-06-30,2024-07-01,2024-12-31,2025-01-01,2025-03-31,15,20,0.03,1000,0.8,0.8,train,36095,8.205622348568536,10.77258924753935,12.260451412747308,6.494680621136652,0.8046676415582981
2,11,2021-07-01,2024-06-30,2024-07-01,2024-12-31,2025-01-01,2025-03-31,15,20,0.03,1000,0.8,0.8,valid,5031,10.310292518027614,13.829454938796745,14.09576530918396,7.957544140050302,0.7047629242473508
2,11,2021-07-01,2024-06-30,2024-07-01,2024-12-31,2025-01-01,2025-03-31,15,20,0.03,1000,0.8,0.8,test,2098,10.450503952123304,13.943961674211284,14.243344934466274,8.292741785836107,0.6995111736473258
2,12,2021-10-01,2024-09-30,2024-10-01,2025-03-31,2025-04-01,2025-06-30,15,20,0.03,1000,0.8,0.8,train,35473,8.310932204733401,10.916744149823675,12.221938533645949,6.549772545909036,0.804537486951435
2,12,2021-10-01,2024-09-30,2024-10-01,2025-03-31,2025-04-01,2025-06-30,15,20,0.03,1000,0.8,0.8,valid,4302,10.493155144979319,14.007911577090235,14.616702382586707,8.195887075110186,0.6924516332129527
2,12,2021-10-01,2024-09-30,2024-10-01,2025-03-31,2025-04-01,2025-06-30,15,20,0.03,1000,0.8,0.8,test,2307,10.308178053518617,13.735724685593958,14.143733732181976,7.9386152329397675,0.7226279253638831
2,13,2022-01-01,2024-12-31,2025-01-01,2025-06-30,2025-07-01,2025-09-30,15,20,0.03,1000,0.8,0.8,train,33657,8.392303087912772,11.017863871187854,12.199660913560855,6.596612474668234,0.8029344109848423
2,13,2022-01-01,2024-12-31,2025-01-01,2025-06-30,2025-07-01,2025-09-30,15,20,0.03,1000,0.8,0.8,valid,4405,10.378870051471,13.771909832525324,14.1029837092649,8.083037170078377,0.7145555991390802
2,13,2022-01-01,2024-12-31,2025-01-01,2025-06-30,2025-07-01,2025-09-30,15,20,0.03,1000,0.8,0.8,test,2037,10.04535991069929,13.2902557135301,13.56263807552604,7.6312165087791755,0.7443133051613244
2,14,2022-04-01,2025-03-31,2025-04-01,2025-09-30,2025-10-01,2025-12-31,15,20,0.03,1000,0.8,0.8,train,32586,8.43011750831387,11.056673562969596,12.16026972349664,6.6634217881237205,0.8037684118575513
2,14,2022-04-01,2025-03-31,2025-04-01,2025-09-30,2025-10-01,2025-12-31,15,20,0.03,1000,0.8,0.8,valid,4344,10.184454469687694,13.526418293451162,13.804044477479357,7.876590285330263,0.733100324752157
2,14,2022-04-01,2025-03-31,2025-04-01,2025-09-30,2025-10-01,2025-12-31,15,20,0.03,1000,0.8,0.8,test,1904,10.489657841276024,14.144550675238262,14.009137141698469,8.046853596285231,0.7213915491849897
2,15,2022-07-01,2025-06-30,2025-07-01,2025-12-31,2026-01-01,2026-03-31,15,20,0.03,1000,0.8,0.8,train,32133,8.500395277530771,11.148201057961924,12.145887423057964,6.684525495145948,0.8029816531055562
2,15,2022-07-01,2025-06-30,2025-07-01,2025-12-31,2026-01-01,2026-03-31,15,20,0.03,1000,0.8,0.8,valid,3941,10.202100788435358,13.644591470674674,13.692193474017774,7.8446980885328585,0.735552476100876
2,15,2022-07-01,2025-06-30,2025-07-01,2025-12-31,2026-01-01,2026-03-31,15,20,0.03,1000,0.8,0.8,test,355,11.094360203884484,14.678948816919474,16.44646635719664,8.469915048275425,0.7490849249159421
3,1,2019-01-01,2021-12-31,2022-01-01,2022-06-30,2022-07-01,2022-09-30,15,50,0.03,1000,0.8,0.8,train,43736,7.313151770778641,9.771983156909833,12.292726303394344,5.656883431716366,0.7976578086069024
3,1,2019-01-01,2021-12-31,2022-01-01,2022-06-30,2022-07-01,2022-09-30,15,50,0.03,1000,0.8,0.8,valid,5929,9.193132029639793,12.499350926445944,13.590965835668209,6.98307827896997,0.7247997757292528
3,1,2019-01-01,2021-12-31,2022-01-01,2022-06-30,2022-07-01,2022-09-30,15,50,0.03,1000,0.8,0.8,test,969,9.49574934851463,12.511585413332133,14.170664416678576,7.808201899422556,0.7158035543796657
3,2,2019-04-01,2022-03-31,2022-04-01,2022-09-30,2022-10-01,2022-12-31,15,50,0.03,1000,0.8,0.8,train,44005,7.403398867516648,9.901898243467594,12.31763981726521,5.740509431584897,0.7982787686765769
3,2,2019-04-01,2022-03-31,2022-04-01,2022-09-30,2022-10-01,2022-12-31,15,50,0.03,1000,0.8,0.8,valid,3729,9.068546820101359,12.184516996086366,13.650839590495995,7.138847337492756,0.736251856300911
3,2,2019-04-01,2022-03-31,2022-04-01,2022-09-30,2022-10-01,2022-12-31,15,50,0.03,1000,0.8,0.8,test,1855,9.303096755795833,12.396401337058325,13.97228823560599,7.106283567647182,0.7322062394664118
3,3,2019-07-01,2022-06-30,2022-07-01,2022-12-31,2023-01-01,2023-03-31,15,50,0.03,1000,0.8,0.8,train,42903,7.480239113147716,9.997811229377538,12.333256129154117,5.810711735938732,0.800142496895929
3,3,2019-07-01,2022-06-30,2022-07-01,2022-12-31,2023-01-01,2023-03-31,15,50,0.03,1000,0.8,0.8,valid,2824,9.253156583560125,12.331595820861951,13.962452888945256,7.0588368580812535,0.7313100367446776
3,3,2019-07-01,2022-06-30,2022-07-01,2022-12-31,2023-01-01,2023-03-31,15,50,0.03,1000,0.8,0.8,test,2572,9.133788392794951,12.509208164748337,13.86707515993093,6.902868001111937,0.7011026024781588
3,4,2019-10-01,2022-09-30,2022-10-01,2023-03-31,2023-04-01,2023-06-30,15,50,0.03,1000,0.8,0.8,train,40452,7.500087571924823,10.017968236739694,12.292869417471202,5.818077230341689,0.801439402847056
3,4,2019-10-01,2022-09-30,2022-10-01,2023-03-31,2023-04-01,2023-06-30,15,50,0.03,1000,0.8,0.8,valid,4427,9.151356741253391,12.418412620610424,13.791377299396752,7.00099234295034,0.7169399246117123
3,4,2019-10-01,2022-09-30,2022-10-01,2023-03-31,2023-04-01,2023-06-30,15,50,0.03,1000,0.8,0.8,test,3175,9.635731553602687,13.02646723143773,14.004881093048102,7.323456125718394,0.7003753714523556
3,5,2020-01-01,2022-12-31,2023-01-01,2023-06-30,2023-07-01,2023-09-30,15,50,0.03,1000,0.8,0.8,train,38519,7.564948313425058,10.095103565142828,12.287572385301287,5.881153637586209,0.8027404241558194
3,5,2020-01-01,2022-12-31,2023-01-01,2023-06-30,2023-07-01,2023-09-30,15,50,0.03,1000,0.8,0.8,valid,5747,9.36816362809734,12.717208762289356,13.879092874546043,7.090040846583413,0.7049687592803071
3,5,2020-01-01,2022-12-31,2023-01-01,2023-06-30,2023-07-01,2023-09-30,15,50,0.03,1000,0.8,0.8,test,3144,9.515554691938052,12.91870278581521,13.649755236422296,7.187425951575044,0.7342638472550063
3,6,2020-04-01,2023-03-31,2023-04-01,2023-09-30,2023-10-01,2023-12-31,15,50,0.03,1000,0.8,0.8,train,38109,7.618990846554134,10.160374553553975,12.254542919567198,5.920489024127889,0.8021237561144832
3,6,2020-04-01,2023-03-31,2023-04-01,2023-09-30,2023-10-01,2023-12-31,15,50,0.03,1000,0.8,0.8,valid,6319,9.529105433624267,12.902884809892623,13.70521553215895,7.152152069347267,0.7214032085914421
3,6,2020-04-01,2023-03-31,2023-04-01,2023-09-30,2023-10-01,2023-12-31,15,50,0.03,1000,0.8,0.8,test,3475,9.611247791061727,12.914942993859198,13.575133313292023,7.345770164364325,0.7160322949623903
3,7,2020-07-01,2023-06-30,2023-07-01,2023-12-31,2024-01-01,2024-03-31,15,50,0.03,1000,0.8,0.8,train,37451,7.753920468342285,10.332418057659199,12.276627110339996,6.040767270363986,0.8000361990550249
3,7,2020-07-01,2023-06-30,2023-07-01,2023-12-31,2024-01-01,2024-03-31,15,50,0.03,1000,0.8,0.8,valid,6619,9.511567537180511,12.811945029592973,13.550474276680044,7.2832388675719315,0.7294460419685287
3,7,2020-07-01,2023-06-30,2023-07-01,2023-12-31,2024-01-01,2024-03-31,15,50,0.03,1000,0.8,0.8,test,3482,10.051183886184388,13.675880412009954,13.96054531771767,7.749121457689476,0.7222505879328105
3,8,2020-10-01,2023-09-30,2023-10-01,2024-03-31,2024-04-01,2024-06-30,15,50,0.03,1000,0.8,0.8,train,36225,7.877644763481193,10.466068871182774,12.308190460838105,6.157220360338918,0.8006075057525159
3,8,2020-10-01,2023-09-30,2023-10-01,2024-03-31,2024-04-01,2024-06-30,15,50,0.03,1000,0.8,0.8,valid,6957,9.760974133729922,13.221321349186338,13.726626901182978,7.495702585807962,0.7232903851732828
3,8,2020-10-01,2023-09-30,2023-10-01,2024-03-31,2024-04-01,2024-06-30,15,50,0.03,1000,0.8,0.8,test,4025,10.071466750044149,13.483765952109808,13.250617622962007,7.6177280878939655,0.7180422974914802
3,9,2021-01-01,2023-12-31,2024-01-01,2024-06-30,2024-07-01,2024-09-30,15,50,0.03,1000,0.8,0.8,train,35525,7.9865598433333505,10.575794612924106,12.281171649922625,6.261315906278185,0.7995556829164755
3,9,2021-01-01,2023-12-31,2024-01-01,2024-06-30,2024-07-01,2024-09-30,15,50,0.03,1000,0.8,0.8,valid,7507,10.033200676147036,13.514693000094358,13.586155688157794,7.646865263305685,0.72323363281414
3,9,2021-01-01,2023-12-31,2024-01-01,2024-06-30,2024-07-01,2024-09-30,15,50,0.03,1000,0.8,0.8,test,2827,10.410783433459178,13.956895267585512,13.613095513429837,7.9508272250366545,0.7054014997352125
3,10,2021-04-01,2024-03-31,2024-04-01,2024-09-30,2024-10-01,2024-12-31,15,50,0.03,1000,0.8,0.8,train,35354,8.100916061557818,10.699207242429683,12.29950064501967,6.363394462118862,0.8013023789839435
3,10,2021-04-01,2024-03-31,2024-04-01,2024-09-30,2024-10-01,2024-12-31,15,50,0.03,1000,0.8,0.8,valid,6852,10.102716329967894,13.494505615563947,13.360457085687694,7.7336329558938814,0.7207419058966869
3,10,2021-04-01,2024-03-31,2024-04-01,2024-09-30,2024-10-01,2024-12-31,15,50,0.03,1000,0.8,0.8,test,2204,10.477561464486067,14.059816921159728,14.806278372187542,7.9636394988829196,0.6848654109258177
3,11,2021-07-01,2024-06-30,2024-07-01,2024-12-31,2025-01-01,2025-03-31,15,50,0.03,1000,0.8,0.8,train,36095,8.252907513385606,10.887136034963712,12.304671740844988,6.490038733881633,0.8004915515578225
3,11,2021-07-01,2024-06-30,2024-07-01,2024-12-31,2025-01-01,2025-03-31,15,50,0.03,1000,0.8,0.8,valid,5031,10.308955732815347,13.869706116100788,14.078272521958498,7.8516950943277735,0.7030418247769514
3,11,2021-07-01,2024-06-30,2024-07-01,2024-12-31,2025-01-01,2025-03-31,15,50,0.03,1000,0.8,0.8,test,2098,10.468784873313025,13.962917090191295,14.28885857755552,8.180068296942522,0.6986936495706233
3,12,2021-10-01,2024-09-30,2024-10-01,2025-03-31,2025-04-01,2025-06-30,15,50,0.03,1000,0.8,0.8,train,35473,8.354680450962677,11.029678366963356,12.255682922895556,6.550851237771965,0.800472431298273
3,12,2021-10-01,2024-09-30,2024-10-01,2025-03-31,2025-04-01,2025-06-30,15,50,0.03,1000,0.8,0.8,valid,4302,10.485848734451412,14.028568574939992,14.569617611603167,8.130732945657336,0.6915439018621827
3,12,2021-10-01,2024-09-30,2024-10-01,2025-03-31,2025-04-01,2025-06-30,15,50,0.03,1000,0.8,0.8,test,2307,10.284390577004546,13.696545099214543,14.130244754547617,7.828154124473642,0.7242080129830771
3,13,2022-01-01,2024-12-31,2025-01-01,2025-06-30,2025-07-01,2025-09-30,15,50,0.03,1000,0.8,0.8,train,33657,8.435693111622358,11.135795411655034,12.239671454046778,6.582121163110685,0.7986931847919206
3,13,2022-01-01,2024-12-31,2025-01-01,2025-06-30,2025-07-01,2025-09-30,15,50,0.03,1000,0.8,0.8,valid,4405,10.389294529454295,13.803441255902156,14.116991488054534,8.089643382846631,0.7132470265652736
3,13,2022-01-01,2024-12-31,2025-01-01,2025-06-30,2025-07-01,2025-09-30,15,50,0.03,1000,0.8,0.8,test,2037,9.998294021445195,13.223939581215204,13.529970828834536,7.657689213816255,0.7468586058509417
3,14,2022-04-01,2025-03-31,2025-04-01,2025-09-30,2025-10-01,2025-12-31,15,50,0.03,1000,0.8,0.8,train,32586,8.482236272723455,11.188286287293556,12.198106163579327,6.6428122395591735,0.7990689357226453
3,14,2022-04-01,2025-03-31,2025-04-01,2025-09-30,2025-10-01,2025-12-31,15,50,0.03,1000,0.8,0.8,valid,4344,10.18827355199649,13.510012786802648,13.822330234792101,7.803841057043556,0.7337473502981828
3,14,2022-04-01,2025-03-31,2025-04-01,2025-09-30,2025-10-01,2025-12-31,15,50,0.03,1000,0.8,0.8,test,1904,10.509549049057185,14.19995360961865,14.044320436767844,8.09269324193992,0.7192047061740033
3,15,2022-07-01,2025-06-30,2025-07-01,2025-12-31,2026-01-01,2026-03-31,15,50,0.03,1000,0.8,0.8,train,32133,8.549638511901483,11.269203497433596,12.192460050085485,6.6931247265066816,0.7986815730511565
3,15,2022-07-01,2025-06-30,2025-07-01,2025-12-31,2026-01-01,2026-03-31,15,50,0.03,1000,0.8,0.8,valid,3941,10.1936446190882,13.630222065657358,13.669774925516363,7.747465508179189,0.7361091732624659
3,15,2022-07-01,2025-06-30,2025-07-01,2025-12-31,2026-01-01,2026-03-31,15,50,0.03,1000,0.8,0.8,test,355,10.954133992295361,14.553211557401617,16.324068300002654,8.2423085745192,0.7533651020795055
4,1,2019-01-01,2021-12-31,2022-01-01,2022-06-30,2022-07-01,2022-09-30,15,100,0.03,1000,0.8,0.8,train,43736,7.345918491176178,9.870012678189283,12.305272798854698,5.661351739269552,0.7935777770131083
4,1,2019-01-01,2021-12-31,2022-01-01,2022-06-30,2022-07-01,2022-09-30,15,100,0.03,1000,0.8,0.8,valid,5929,9.186849871532424,12.511225517661792,13.553437443462865,6.993547051170907,0.7242766377743363
4,1,2019-01-01,2021-12-31,2022-01-01,2022-06-30,2022-07-01,2022-09-30,15,100,0.03,1000,0.8,0.8,test,969,9.43590533116822,12.449832689098908,14.076731265452628,7.693693854916262,0.7186020158248281
4,2,2019-04-01,2022-03-31,2022-04-01,2022-09-30,2022-10-01,2022-12-31,15,100,0.03,1000,0.8,0.8,train,44005,7.447120187644854,10.003247765585693,12.351219066855037,5.76157929605629,0.7941282558024942
4,2,2019-04-01,2022-03-31,2022-04-01,2022-09-30,2022-10-01,2022-12-31,15,100,0.03,1000,0.8,0.8,valid,3729,9.069556436278463,12.16380878484069,13.670029793236594,7.154694086320511,0.7371476014524243
4,2,2019-04-01,2022-03-31,2022-04-01,2022-09-30,2022-10-01,2022-12-31,15,100,0.03,1000,0.8,0.8,test,1855,9.224074270411924,12.347674754271033,13.91234515340368,7.061522489258081,0.7343073378820039
4,3,2019-07-01,2022-06-30,2022-07-01,2022-12-31,2023-01-01,2023-03-31,15,100,0.03,1000,0.8,0.8,train,42903,7.5092218169051765,10.082348265718107,12.335287811681424,5.773420056324511,0.7967483958401513
4,3,2019-07-01,2022-06-30,2022-07-01,2022-12-31,2023-01-01,2023-03-31,15,100,0.03,1000,0.8,0.8,valid,2824,9.274958426925854,12.323036580504704,13.955294499505651,7.144995144556205,0.7316828974647924
4,3,2019-07-01,2022-06-30,2022-07-01,2022-12-31,2023-01-01,2023-03-31,15,100,0.03,1000,0.8,0.8,test,2572,9.102873632588913,12.443866077899049,13.802000008809745,7.061838466963415,0.7042170395031091
4,4,2019-10-01,2022-09-30,2022-10-01,2023-03-31,2023-04-01,2023-06-30,15,100,0.03,1000,0.8,0.8,train,40452,7.5501152322449325,10.125740709611925,12.337768396194509,5.836718604471741,0.7971442259471775
4,4,2019-10-01,2022-09-30,2022-10-01,2023-03-31,2023-04-01,2023-06-30,15,100,0.03,1000,0.8,0.8,valid,4427,9.161484866707147,12.417674000752344,13.795723029204856,7.071239485358092,0.7169735951912741
4,4,2019-10-01,2022-09-30,2022-10-01,2023-03-31,2023-04-01,2023-06-30,15,100,0.03,1000,0.8,0.8,test,3175,9.629028765118198,12.987793515254104,14.007370435964006,7.361363192722905,0.7021518157762103
4,5,2020-01-01,2022-12-31,2023-01-01,2023-06-30,2023-07-01,2023-09-30,15,100,0.03,1000,0.8,0.8,train,38519,7.610190263925791,10.204846071925381,12.315682340670081,5.873723554260209,0.7984283484770841
4,5,2020-01-01,2022-12-31,2023-01-01,2023-06-30,2023-07-01,2023-09-30,15,100,0.03,1000,0.8,0.8,valid,5747,9.341255456732128,12.694587779266554,13.844082557650605,7.084059969886425,0.7060174109381088
4,5,2020-01-01,2022-12-31,2023-01-01,2023-06-30,2023-07-01,2023-09-30,15,100,0.03,1000,0.8,0.8,test,3144,9.502690340820813,12.935036400115013,13.587064495418627,7.215468351878435,0.7335914615233803
4,6,2020-04-01,2023-03-31,2023-04-01,2023-09-30,2023-10-01,2023-12-31,15,100,0.03,1000,0.8,0.8,train,38109,7.674329036363031,10.281739834455065,12.31001485412752,5.938323971065969,0.7973682745629939
4,6,2020-04-01,2023-03-31,2023-04-01,2023-09-30,2023-10-01,2023-12-31,15,100,0.03,1000,0.8,0.8,valid,6319,9.547327377647509,12.938388154912015,13.71712578250794,7.221367592329514,0.7198679354701949
4,6,2020-04-01,2023-03-31,2023-04-01,2023-09-30,2023-10-01,2023-12-31,15,100,0.03,1000,0.8,0.8,test,3475,9.613031966843574,12.882864924461078,13.562887376651641,7.395293269694612,0.7174411781670531
4,7,2020-07-01,2023-06-30,2023-07-01,2023-12-31,2024-01-01,2024-03-31,15,100,0.03,1000,0.8,0.8,train,37451,7.79270196327609,10.428368811838947,12.307816743729825,6.032157115701025,0.7963050753654646
4,7,2020-07-01,2023-06-30,2023-07-01,2023-12-31,2024-01-01,2024-03-31,15,100,0.03,1000,0.8,0.8,valid,6619,9.502408899660042,12.818600652355498,13.525984842266439,7.25641585631891,0.7291648711084114
4,7,2020-07-01,2023-06-30,2023-07-01,2023-12-31,2024-01-01,2024-03-31,15,100,0.03,1000,0.8,0.8,test,3482,10.053054017233926,13.67211648750464,13.96230045014082,7.769254555041094,0.7224034532582948
4,8,2020-10-01,2023-09-30,2023-10-01,2024-03-31,2024-04-01,2024-06-30,15,100,0.03,1000,0.8,0.8,train,36225,7.922180373825537,10.576676593181473,12.337374542335532,6.149854712710976,0.7963707885173859
4,8,2020-10-01,2023-09-30,2023-10-01,2024-03-31,2024-04-01,2024-06-30,15,100,0.03,1000,0.8,0.8,valid,6957,9.76500654708787,13.22223787229789,13.717477015935705,7.481363682412926,0.7232520199386998
4,8,2020-10-01,2023-09-30,2023-10-01,2024-03-31,2024-04-01,2024-06-30,15,100,0.03,1000,0.8,0.8,test,4025,10.058779642949462,13.474869121418697,13.232214209538471,7.630240812387932,0.7184142562400447
4,9,2021-01-01,2023-12-31,2024-01-01,2024-06-30,2024-07-01,2024-09-30,15,100,0.03,1000,0.8,0.8,train,35525,8.038249190345109,10.697186033073146,12.329158136807118,6.283638300573628,0.794927781820142
4,9,2021-01-01,2023-12-31,2024-01-01,2024-06-30,2024-07-01,2024-09-30,15,100,0.03,1000,0.8,0.8,valid,7507,10.05622447608081,13.557910387123854,13.609431343414213,7.661416892175993,0.7214607114631533
4,9,2021-01-01,2023-12-31,2024-01-01,2024-06-30,2024-07-01,2024-09-30,15,100,0.03,1000,0.8,0.8,test,2827,10.383689749331973,13.91350135312408,13.584965311071178,7.948445807237405,0.7072305467552533
4,10,2021-04-01,2024-03-31,2024-04-01,2024-09-30,2024-10-01,2024-12-31,15,100,0.03,1000,0.8,0.8,train,35354,8.15398831849325,10.816787490538966,12.34974156374113,6.390451917242025,0.7969111582408964
4,10,2021-04-01,2024-03-31,2024-04-01,2024-09-30,2024-10-01,2024-12-31,15,100,0.03,1000,0.8,0.8,valid,6852,10.082792131648857,13.482798852098874,13.347488873452725,7.783046471835576,0.721226220104766
4,10,2021-04-01,2024-03-31,2024-04-01,2024-09-30,2024-10-01,2024-12-31,15,100,0.03,1000,0.8,0.8,test,2204,10.453633995786355,14.032089401323411,14.765201043284563,8.055843570545676,0.6861071460868979
4,11,2021-07-01,2024-06-30,2024-07-01,2024-12-31,2025-01-01,2025-03-31,15,100,0.03,1000,0.8,0.8,train,36095,8.305351782833768,11.004613716936525,12.35422261891689,6.4969212913491035,0.7961627284840963
4,11,2021-07-01,2024-06-30,2024-07-01,2024-12-31,2025-01-01,2025-03-31,15,100,0.03,1000,0.8,0.8,valid,5031,10.297733164585068,13.820781512336946,14.067685095234761,7.869831070313452,0.7051331360992203
4,11,2021-07-01,2024-06-30,2024-07-01,2024-12-31,2025-01-01,2025-03-31,15,100,0.03,1000,0.8,0.8,test,2098,10.4697519270437,13.937952195018326,14.27110544900595,8.26017144456911,0.6997701233303256
4,12,2021-10-01,2024-09-30,2024-10-01,2025-03-31,2025-04-01,2025-06-30,15,100,0.03,1000,0.8,0.8,train,35473,8.402679177257404,11.132405471040656,12.30141622897236,6.589440147474228,0.7967384438582623
4,12,2021-10-01,2024-09-30,2024-10-01,2025-03-31,2025-04-01,2025-06-30,15,100,0.03,1000,0.8,0.8,valid,4302,10.47817259040983,13.999935026134496,14.57682492464171,8.070443387972006,0.6928017891583963
4,12,2021-10-01,2024-09-30,2024-10-01,2025-03-31,2025-04-01,2025-06-30,15,100,0.03,1000,0.8,0.8,test,2307,10.289779563413349,13.675559337452702,14.13857565699374,7.807410672299071,0.7250524990853169
4,13,2022-01-01,2024-12-31,2025-01-01,2025-06-30,2025-07-01,2025-09-30,15,100,0.03,1000,0.8,0.8,train,33657,8.494113949192297,11.252702128934656,12.297509328388859,6.631574318764692,0.7944442466671441
4,13,2022-01-01,2024-12-31,2025-01-01,2025-06-30,2025-07-01,2025-09-30,15,100,0.03,1000,0.8,0.8,valid,4405,10.36386897319944,13.766518926348969,14.09919022530931,8.063241674853472,0.7147790253487978
4,13,2022-01-01,2024-12-31,2025-01-01,2025-06-30,2025-07-01,2025-09-30,15,100,0.03,1000,0.8,0.8,test,2037,10.019886838190988,13.26448672436193,13.545101909984059,7.76125941935652,0.7453038654913005
4,14,2022-04-01,2025-03-31,2025-04-01,2025-09-30,2025-10-01,2025-12-31,15,100,0.03,1000,0.8,0.8,train,32586,8.52867486944765,11.297032884614664,12.253664667724024,6.670682145438413,0.7951439807691592
4,14,2022-04-01,2025-03-31,2025-04-01,2025-09-30,2025-10-01,2025-12-31,15,100,0.03,1000,0.8,0.8,valid,4344,10.167937655419323,13.480449748632486,13.786041535869725,7.858977859761559,0.7349113203587168
4,14,2022-04-01,2025-03-31,2025-04-01,2025-09-30,2025-10-01,2025-12-31,15,100,0.03,1000,0.8,0.8,test,1904,10.47153527713679,14.162073591426802,13.97749402348274,8.022600720354554,0.7207008158152578
4,15,2022-07-01,2025-06-30,2025-07-01,2025-12-31,2026-01-01,2026-03-31,15,100,0.03,1000,0.8,0.8,train,32133,8.612225958736852,11.402935139073062,12.259557718371555,6.745315827062782,0.7938751305647227
4,15,2022-07-01,2025-06-30,2025-07-01,2025-12-31,2026-01-01,2026-03-31,15,100,0.03,1000,0.8,0.8,valid,3941,10.196542823188963,13.646989726892446,13.673662572453818,7.699868413275574,0.7354595061271858
4,15,2022-07-01,2025-06-30,2025-07-01,2025-12-31,2026-01-01,2026-03-31,15,100,0.03,1000,0.8,0.8,test,355,11.044071525440465,14.608532134198189,16.388681041458383,8.235121432103107,0.7514864903461631
5,1,2019-01-01,2021-12-31,2022-01-01,2022-06-30,2022-07-01,2022-09-30,31,10,0.03,1000,0.8,0.8,train,43736,6.391567554246833,8.345866396113419,10.936138573905389,5.069309107603196,0.852407637062547
5,1,2019-01-01,2021-12-31,2022-01-01,2022-06-30,2022-07-01,2022-09-30,31,10,0.03,1000,0.8,0.8,valid,5929,9.136902495702895,12.422639122729572,13.500332056471343,6.952250690148347,0.7281673623355358
5,1,2019-01-01,2021-12-31,2022-01-01,2022-06-30,2022-07-01,2022-09-30,31,10,0.03,1000,0.8,0.8,test,969,9.306353167472967,12.267724346304455,13.899275907292449,7.453066131111569,0.7267740342861446
5,2,2019-04-01,2022-03-31,2022-04-01,2022-09-30,2022-10-01,2022-12-31,31,10,0.03,1000,0.8,0.8,train,44005,6.491843922037113,8.488856452295632,10.980305457864146,5.158781479921096,0.8517437292018302
5,2,2019-04-01,2022-03-31,2022-04-01,2022-09-30,2022-10-01,2022-12-31,31,10,0.03,1000,0.8,0.8,valid,3729,8.98797228363355,12.080183875834397,13.497137793136066,6.885953782755394,0.7407493432648251
5,2,2019-04-01,2022-03-31,2022-04-01,2022-09-30,2022-10-01,2022-12-31,31,10,0.03,1000,0.8,0.8,test,1855,9.272264926183244,12.360401998685365,13.968950736559869,7.225004514240265,0.7337593354022791
5,3,2019-07-01,2022-06-30,2022-07-01,2022-12-31,2023-01-01,2023-03-31,31,10,0.03,1000,0.8,0.8,train,42903,6.5367380674791065,8.532592317983463,10.955420888638686,5.205347470600913,0.8544297647258419
5,3,2019-07-01,2022-06-30,2022-07-01,2022-12-31,2023-01-01,2023-03-31,31,10,0.03,1000,0.8,0.8,valid,2824,9.191498421867944,12.236737569172337,13.826926542353629,7.100367139324401,0.7354278219884509
5,3,2019-07-01,2022-06-30,2022-07-01,2022-12-31,2023-01-01,2023-03-31,31,10,0.03,1000,0.8,0.8,test,2572,9.098497488277514,12.514641886570729,13.778159275959986,6.880090515041751,0.7008428773169602
5,4,2019-10-01,2022-09-30,2022-10-01,2023-03-31,2023-04-01,2023-06-30,31,10,0.03,1000,0.8,0.8,train,40452,6.52993505869362,8.523512624819421,10.88701998664673,5.206630408797032,0.8562622021118649
5,4,2019-10-01,2022-09-30,2022-10-01,2023-03-31,2023-04-01,2023-06-30,31,10,0.03,1000,0.8,0.8,valid,4427,9.13834613406968,12.434379501141306,13.784774766239194,6.997476485129567,0.716211571953921
5,4,2019-10-01,2022-09-30,2022-10-01,2023-03-31,2023-04-01,2023-06-30,31,10,0.03,1000,0.8,0.8,test,3175,9.59375112260224,12.905142880473798,13.94205116875879,7.241883767435141,0.7059305966099776
5,5,2020-01-01,2022-12-31,2023-01-01,2023-06-30,2023-07-01,2023-09-30,31,10,0.03,1000,0.8,0.8,train,38519,6.55814867537535,8.54502110140347,10.821778112121594,5.229027513454589,0.8586672476571975
5,5,2020-01-01,2022-12-31,2023-01-01,2023-06-30,2023-07-01,2023-09-30,31,10,0.03,1000,0.8,0.8,valid,5747,9.307402085993871,12.656473375805119,13.765309353449002,7.029964777185256,0.7077800755044266
5,5,2020-01-01,2022-12-31,2023-01-01,2023-06-30,2023-07-01,2023-09-30,31,10,0.03,1000,0.8,0.8,test,3144,9.433627699677285,12.877407539138773,13.498930434026372,7.099539488651484,0.7359600084376816
5,6,2020-04-01,2023-03-31,2023-04-01,2023-09-30,2023-10-01,2023-12-31,31,10,0.03,1000,0.8,0.8,train,38109,6.596056562940838,8.589337961773692,10.771870948100517,5.258438202184401,0.8585856102029382
5,6,2020-04-01,2023-03-31,2023-04-01,2023-09-30,2023-10-01,2023-12-31,31,10,0.03,1000,0.8,0.8,valid,6319,9.435428812413381,12.809743737386613,13.559788235239784,7.104522347521524,0.7254108622288187
5,6,2020-04-01,2023-03-31,2023-04-01,2023-09-30,2023-10-01,2023-12-31,31,10,0.03,1000,0.8,0.8,test,3475,9.548353962915579,12.818389825573119,13.482744324375295,7.408028955669266,0.7202623549929663
5,7,2020-07-01,2023-06-30,2023-07-01,2023-12-31,2024-01-01,2024-03-31,31,10,0.03,1000,0.8,0.8,train,37451,6.697141188313281,8.724847616417245,10.781665659212026,5.338592379706498,0.8574185113027554
5,7,2020-07-01,2023-06-30,2023-07-01,2023-12-31,2024-01-01,2024-03-31,31,10,0.03,1000,0.8,0.8,valid,6619,9.412171730563024,12.72757975481493,13.401796130112745,7.160175528938652,0.732997447738174
5,7,2020-07-01,2023-06-30,2023-07-01,2023-12-31,2024-01-01,2024-03-31,31,10,0.03,1000,0.8,0.8,test,3482,10.005906984014166,13.649997871393756,13.909596048354189,7.656530413519668,0.723300912667619
5,8,2020-10-01,2023-09-30,2023-10-01,2024-03-31,2024-04-01,2024-06-30,31,10,0.03,1000,0.8,0.8,train,36225,6.77909647498159,8.808568164756617,10.762841939442298,5.403620596966185,0.8587617692983337
5,8,2020-10-01,2023-09-30,2023-10-01,2024-03-31,2024-04-01,2024-06-30,31,10,0.03,1000,0.8,0.8,valid,6957,9.699714156769266,13.160458865646099,13.622600811048379,7.461219206539312,0.7258321086233624
5,8,2020-10-01,2023-09-30,2023-10-01,2024-03-31,2024-04-01,2024-06-30,31,10,0.03,1000,0.8,0.8,test,4025,10.052797423258648,13.463095021321818,13.23015122852991,7.561415412420331,0.7189061304432255
5,9,2021-01-01,2023-12-31,2024-01-01,2024-06-30,2024-07-01,2024-09-30,31,10,0.03,1000,0.8,0.8,train,35525,6.865250876771467,8.902670918702407,10.734594948319705,5.503962595901889,0.8579607493899907
5,9,2021-01-01,2023-12-31,2024-01-01,2024-06-30,2024-07-01,2024-09-30,31,10,0.03,1000,0.8,0.8,valid,7507,9.98251744525991,13.436753539028237,13.505948229790004,7.657113121770394,0.7264166605422966
5,9,2021-01-01,2023-12-31,2024-01-01,2024-06-30,2024-07-01,2024-09-30,31,10,0.03,1000,0.8,0.8,test,2827,10.393246017112471,13.96085355220966,13.567642692562606,8.02336621977554,0.7052343751634875
5,10,2021-04-01,2024-03-31,2024-04-01,2024-09-30,2024-10-01,2024-12-31,31,10,0.03,1000,0.8,0.8,train,35354,6.960871170682504,9.006872278968563,10.737219057166662,5.594640352439715,0.8591887102643264
5,10,2021-04-01,2024-03-31,2024-04-01,2024-09-30,2024-10-01,2024-12-31,31,10,0.03,1000,0.8,0.8,valid,6852,10.057474630333346,13.505906642106698,13.305404482444217,7.642961754357618,0.7202698361542813
5,10,2021-04-01,2024-03-31,2024-04-01,2024-09-30,2024-10-01,2024-12-31,31,10,0.03,1000,0.8,0.8,test,2204,10.415495747290853,13.97945179243371,14.76325367771279,7.882221072098012,0.6884576982846169
5,11,2021-07-01,2024-06-30,2024-07-01,2024-12-31,2025-01-01,2025-03-31,31,10,0.03,1000,0.8,0.8,train,36095,7.116513929935767,9.199418025313197,10.785119866691726,5.745224482008197,0.8575525432152604
5,11,2021-07-01,2024-06-30,2024-07-01,2024-12-31,2025-01-01,2025-03-31,31,10,0.03,1000,0.8,0.8,valid,5031,10.326759280003474,13.860439942840323,14.118212853679369,7.938826981539307,0.7034384801499354
5,11,2021-07-01,2024-06-30,2024-07-01,2024-12-31,2025-01-01,2025-03-31,31,10,0.03,1000,0.8,0.8,test,2098,10.446489937202994,13.943808671891793,14.286261117726134,8.210600168306549,0.6995177679332614
5,12,2021-10-01,2024-09-30,2024-10-01,2025-03-31,2025-04-01,2025-06-30,31,10,0.03,1000,0.8,0.8,train,35473,7.176893962489139,9.278459903851388,10.700413319357104,5.793086975885409,0.8588018506282291
5,12,2021-10-01,2024-09-30,2024-10-01,2025-03-31,2025-04-01,2025-06-30,31,10,0.03,1000,0.8,0.8,valid,4302,10.514804751046604,14.021543512489417,14.654217966199065,8.104658907505556,0.691852754583377
5,12,2021-10-01,2024-09-30,2024-10-01,2025-03-31,2025-04-01,2025-06-30,31,10,0.03,1000,0.8,0.8,test,2307,10.297914829656456,13.699051478315353,14.193351540921107,7.9366232873948235,0.7241070674506704
5,13,2022-01-01,2024-12-31,2025-01-01,2025-06-30,2025-07-01,2025-09-30,31,10,0.03,1000,0.8,0.8,train,33657,7.209364583973932,9.316202517710721,10.633768411679483,5.830578267116749,0.8591055672911452
5,13,2022-01-01,2024-12-31,2025-01-01,2025-06-30,2025-07-01,2025-09-30,31,10,0.03,1000,0.8,0.8,valid,4405,10.321519955237441,13.74990145957958,14.010883445646602,7.946632944124929,0.7154671861677604
5,13,2022-01-01,2024-12-31,2025-01-01,2025-06-30,2025-07-01,2025-09-30,31,10,0.03,1000,0.8,0.8,test,2037,10.037760784442016,13.321079574008538,13.579065474394552,7.798024365016261,0.7431259103357271
5,14,2022-04-01,2025-03-31,2025-04-01,2025-09-30,2025-10-01,2025-12-31,31,10,0.03,1000,0.8,0.8,train,32586,7.226534845512735,9.337974519861449,10.564618195593747,5.84476003008842,0.8600331101398583
5,14,2022-04-01,2025-03-31,2025-04-01,2025-09-30,2025-10-01,2025-12-31,31,10,0.03,1000,0.8,0.8,valid,4344,10.140606606740038,13.46187532301418,13.74755188010772,7.84639349576323,0.7356413372062316
5,14,2022-04-01,2025-03-31,2025-04-01,2025-09-30,2025-10-01,2025-12-31,31,10,0.03,1000,0.8,0.8,test,1904,10.40203341138394,14.074732853047587,13.887724981593827,7.925187733125497,0.7241351963146572
5,15,2022-07-01,2025-06-30,2025-07-01,2025-12-31,2026-01-01,2026-03-31,31,10,0.03,1000,0.8,0.8,train,32133,7.2605396540977125,9.383921562244659,10.531435299660645,5.824667675892243,0.8604062984399019
5,15,2022-07-01,2025-06-30,2025-07-01,2025-12-31,2026-01-01,2026-03-31,31,10,0.03,1000,0.8,0.8,valid,3941,10.185750385703928,13.638051635668889,13.658109291595943,7.912234168650315,0.7358059140609308
5,15,2022-07-01,2025-06-30,2025-07-01,2025-12-31,2026-01-01,2026-03-31,31,10,0.03,1000,0.8,0.8,test,355,11.133200841567989,14.779341715030629,16.52887031731334,8.602853221591019,0.74564104995438
6,1,2019-01-01,2021-12-31,2022-01-01,2022-06-30,2022-07-01,2022-09-30,31,20,0.03,1000,0.8,0.8,train,43736,6.410106415971472,8.423127674187363,10.939497025124547,5.0619347822864995,0.84966233631152
6,1,2019-01-01,2021-12-31,2022-01-01,2022-06-30,2022-07-01,2022-09-30,31,20,0.03,1000,0.8,0.8,valid,5929,9.147715060768812,12.46372631654726,13.478229817527831,6.953117084573051,0.7263662457900424
6,1,2019-01-01,2021-12-31,2022-01-01,2022-06-30,2022-07-01,2022-09-30,31,20,0.03,1000,0.8,0.8,test,969,9.340169258039959,12.325755990033548,13.896612134914847,7.42009949443127,0.7241829662552051
6,2,2019-04-01,2022-03-31,2022-04-01,2022-09-30,2022-10-01,2022-12-31,31,20,0.03,1000,0.8,0.8,train,44005,6.5005106754409985,8.547993305731167,10.977662828183972,5.130317970825942,0.8496709062980379
6,2,2019-04-01,2022-03-31,2022-04-01,2022-09-30,2022-10-01,2022-12-31,31,20,0.03,1000,0.8,0.8,valid,3729,8.998252808454742,12.142570093885082,13.531753587100306,7.017705740268539,0.7380647100911166
6,2,2019-04-01,2022-03-31,2022-04-01,2022-09-30,2022-10-01,2022-12-31,31,20,0.03,1000,0.8,0.8,test,1855,9.307630697890945,12.396365037962228,14.034496861786621,7.205785022937199,0.7322078077694945
6,3,2019-07-01,2022-06-30,2022-07-01,2022-12-31,2023-01-01,2023-03-31,31,20,0.03,1000,0.8,0.8,train,42903,6.553706617867113,8.618362993472035,10.969754739525563,5.162552719443568,0.8514884754597619
6,3,2019-07-01,2022-06-30,2022-07-01,2022-12-31,2023-01-01,2023-03-31,31,20,0.03,1000,0.8,0.8,valid,2824,9.186317329576283,12.238899759793796,13.863203471350044,7.094347929153265,0.7353343156892584
6,3,2019-07-01,2022-06-30,2022-07-01,2022-12-31,2023-01-01,2023-03-31,31,20,0.03,1000,0.8,0.8,test,2572,9.100047374330957,12.509644448626007,13.813403231191304,6.823710710436117,0.7010817528147825
6,4,2019-10-01,2022-09-30,2022-10-01,2023-03-31,2023-04-01,2023-06-30,31,20,0.03,1000,0.8,0.8,train,40452,6.531857394729145,8.57599899789941,10.874963875717475,5.1698719123827495,0.8544865248257054
6,4,2019-10-01,2022-09-30,2022-10-01,2023-03-31,2023-04-01,2023-06-30,31,20,0.03,1000,0.8,0.8,valid,4427,9.126628310590725,12.41811613847182,13.73440144219192,6.928266171672604,0.7169534402287676
6,4,2019-10-01,2022-09-30,2022-10-01,2023-03-31,2023-04-01,2023-06-30,31,20,0.03,1000,0.8,0.8,test,3175,9.589122060712283,12.92287967203962,13.919755278373783,7.276768001482928,0.7051217048239251
6,5,2020-01-01,2022-12-31,2023-01-01,2023-06-30,2023-07-01,2023-09-30,31,20,0.03,1000,0.8,0.8,train,38519,6.575546065147781,8.622834560000891,10.824273113958007,5.200927485791652,0.8560814930342933
6,5,2020-01-01,2022-12-31,2023-01-01,2023-06-30,2023-07-01,2023-09-30,31,20,0.03,1000,0.8,0.8,valid,5747,9.273835224194308,12.621072943948974,13.726125202681333,6.950228561365471,0.7094124803656532
6,5,2020-01-01,2022-12-31,2023-01-01,2023-06-30,2023-07-01,2023-09-30,31,20,0.03,1000,0.8,0.8,test,3144,9.476349570977288,12.8771366126302,13.547874250967181,7.120364664080292,0.7359711185435482
6,6,2020-04-01,2023-03-31,2023-04-01,2023-09-30,2023-10-01,2023-12-31,31,20,0.03,1000,0.8,0.8,train,38109,6.621041994248961,8.679501819883154,10.806855177550117,5.242621574831546,0.8556011219850693
6,6,2020-04-01,2023-03-31,2023-04-01,2023-09-30,2023-10-01,2023-12-31,31,20,0.03,1000,0.8,0.8,valid,6319,9.442576384854622,12.810480545077146,13.564290646406105,7.11779009942174,0.7253792729618933
6,6,2020-04-01,2023-03-31,2023-04-01,2023-09-30,2023-10-01,2023-12-31,31,20,0.03,1000,0.8,0.8,test,3475,9.540405472944792,12.826584708395929,13.465473047566947,7.361869341936,0.7199045643449926
6,7,2020-07-01,2023-06-30,2023-07-01,2023-12-31,2024-01-01,2024-03-31,31,20,0.03,1000,0.8,0.8,train,37451,6.728594116866623,8.8171775877006,10.803416418145492,5.320144574820063,0.8543848305586224
6,7,2020-07-01,2023-06-30,2023-07-01,2023-12-31,2024-01-01,2024-03-31,31,20,0.03,1000,0.8,0.8,valid,6619,9.438297553719291,12.73406783929358,13.438464439863452,7.211921769859686,0.7327251608319371
6,7,2020-07-01,2023-06-30,2023-07-01,2023-12-31,2024-01-01,2024-03-31,31,20,0.03,1000,0.8,0.8,test,3482,9.978793694873042,13.595386198130472,13.890621505832499,7.6855232356154595,0.7255105498888662
6,8,2020-10-01,2023-09-30,2023-10-01,2024-03-31,2024-04-01,2024-06-30,31,20,0.03,1000,0.8,0.8,train,36225,6.7874210031019375,8.876617909507742,10.758362775643052,5.390395705719641,0.8565710952486119
6,8,2020-10-01,2023-09-30,2023-10-01,2024-03-31,2024-04-01,2024-06-30,31,20,0.03,1000,0.8,0.8,valid,6957,9.666734413673739,13.085234386261197,13.566947991174812,7.405660766255721,0.7289574090206818
6,8,2020-10-01,2023-09-30,2023-10-01,2024-03-31,2024-04-01,2024-06-30,31,20,0.03,1000,0.8,0.8,test,4025,10.03278032334824,13.388829848209104,13.212334072058601,7.539807685237108,0.7219987192035722
6,9,2021-01-01,2023-12-31,2024-01-01,2024-06-30,2024-07-01,2024-09-30,31,20,0.03,1000,0.8,0.8,train,35525,6.8653855858347566,8.95704897562538,10.71904344848827,5.473707916373897,0.8562202813208448
6,9,2021-01-01,2023-12-31,2024-01-01,2024-06-30,2024-07-01,2024-09-30,31,20,0.03,1000,0.8,0.8,valid,7507,9.993049128688867,13.453584235678383,13.51862842478514,7.577198577616159,0.7257308576792123
6,9,2021-01-01,2023-12-31,2024-01-01,2024-06-30,2024-07-01,2024-09-30,31,20,0.03,1000,0.8,0.8,test,2827,10.396251958714437,13.95401100400302,13.574805561146173,7.846045916631141,0.7055232477188564
6,10,2021-04-01,2024-03-31,2024-04-01,2024-09-30,2024-10-01,2024-12-31,31,20,0.03,1000,0.8,0.8,train,35354,6.9809224341854295,9.083355549720375,10.752101783308756,5.559938241436171,0.8567871142393442
6,10,2021-04-01,2024-03-31,2024-04-01,2024-09-30,2024-10-01,2024-12-31,31,20,0.03,1000,0.8,0.8,valid,6852,10.058266036497068,13.483509680816745,13.3175876865042,7.635240788773034,0.7211968247790127
6,10,2021-04-01,2024-03-31,2024-04-01,2024-09-30,2024-10-01,2024-12-31,31,20,0.03,1000,0.8,0.8,test,2204,10.503939722723812,14.076556004303274,14.876497221772233,7.918492522844232,0.6841145897362064
6,11,2021-07-01,2024-06-30,2024-07-01,2024-12-31,2025-01-01,2025-03-31,31,20,0.03,1000,0.8,0.8,train,36095,7.114621425012973,9.25127916096037,10.757176076539334,5.696493900475147,0.8559419391307653
6,11,2021-07-01,2024-06-30,2024-07-01,2024-12-31,2025-01-01,2025-03-31,31,20,0.03,1000,0.8,0.8,valid,5031,10.281986839906395,13.804317949383131,14.04479045059539,7.883818782869724,0.7058352190825147
6,11,2021-07-01,2024-06-30,2024-07-01,2024-12-31,2025-01-01,2025-03-31,31,20,0.03,1000,0.8,0.8,test,2098,10.44263550635282,13.92195202319586,14.229264074472175,8.16176872364558,0.7004590297504237
6,12,2021-10-01,2024-09-30,2024-10-01,2025-03-31,2025-04-01,2025-06-30,31,20,0.03,1000,0.8,0.8,train,35473,7.205091770746399,9.365197585360892,10.720643551462326,5.7671190598119395,0.8561495903626237
6,12,2021-10-01,2024-09-30,2024-10-01,2025-03-31,2025-04-01,2025-06-30,31,20,0.03,1000,0.8,0.8,valid,4302,10.481057840207958,14.002014206348822,14.581124060619386,8.216786778250082,0.6927105361818661
6,12,2021-10-01,2024-09-30,2024-10-01,2025-03-31,2025-04-01,2025-06-30,31,20,0.03,1000,0.8,0.8,test,2307,10.286850402242953,13.700587552209495,14.151627794337479,7.783470605128855,0.7240451922629143
6,13,2022-01-01,2024-12-31,2025-01-01,2025-06-30,2025-07-01,2025-09-30,31,20,0.03,1000,0.8,0.8,train,33657,7.22913022177635,9.392723567631396,10.637995868486637,5.785193858195157,0.8567815156677627
6,13,2022-01-01,2024-12-31,2025-01-01,2025-06-30,2025-07-01,2025-09-30,31,20,0.03,1000,0.8,0.8,valid,4405,10.313795770835775,13.737869791070414,14.000567416132181,7.977097967498878,0.7159649216175407
6,13,2022-01-01,2024-12-31,2025-01-01,2025-06-30,2025-07-01,2025-09-30,31,20,0.03,1000,0.8,0.8,test,2037,10.023675747039432,13.28841077522788,13.515784091169145,7.795976744124189,0.7443842885110198
6,14,2022-04-01,2025-03-31,2025-04-01,2025-09-30,2025-10-01,2025-12-31,31,20,0.03,1000,0.8,0.8,train,32586,7.236398075015429,9.407130450377526,10.564710735426402,5.808784813534963,0.8579522770313731
6,14,2022-04-01,2025-03-31,2025-04-01,2025-09-30,2025-10-01,2025-12-31,31,20,0.03,1000,0.8,0.8,valid,4344,10.106724186006153,13.42256945899178,13.70067919193501,7.855992838713242,0.737182827653071
6,14,2022-04-01,2025-03-31,2025-04-01,2025-09-30,2025-10-01,2025-12-31,31,20,0.03,1000,0.8,0.8,test,1904,10.34530778726417,14.038243101613178,13.826537887725113,7.944801996715732,0.7255637405719242
6,15,2022-07-01,2025-06-30,2025-07-01,2025-12-31,2026-01-01,2026-03-31,31,20,0.03,1000,0.8,0.8,train,32133,7.283006806028899,9.470093910458324,10.537275400230927,5.854253356608922,0.8578307550405534
6,15,2022-07-01,2025-06-30,2025-07-01,2025-12-31,2026-01-01,2026-03-31,31,20,0.03,1000,0.8,0.8,valid,3941,10.163720082356221,13.576566272476303,13.6331714282898,7.859537043024503,0.7381827128346207
6,15,2022-07-01,2025-06-30,2025-07-01,2025-12-31,2026-01-01,2026-03-31,31,20,0.03,1000,0.8,0.8,test,355,11.070008480127406,14.68451042759443,16.328223250481084,8.395722263656907,0.7488947537610587
7,1,2019-01-01,2021-12-31,2022-01-01,2022-06-30,2022-07-01,2022-09-30,31,50,0.03,1000,0.8,0.8,train,43736,6.473252653451335,8.567570543215723,11.006161916340902,5.07093877084732,0.8444620367476346
7,1,2019-01-01,2021-12-31,2022-01-01,2022-06-30,2022-07-01,2022-09-30,31,50,0.03,1000,0.8,0.8,valid,5929,9.139710161796044,12.453839918528649,13.46018591427022,6.952245877340644,0.7268001736885312
7,1,2019-01-01,2021-12-31,2022-01-01,2022-06-30,2022-07-01,2022-09-30,31,50,0.03,1000,0.8,0.8,test,969,9.347051819269028,12.290712733587764,13.985131514918777,7.495965553296955,0.7257490831023723
7,2,2019-04-01,2022-03-31,2022-04-01,2022-09-30,2022-10-01,2022-12-31,31,50,0.03,1000,0.8,0.8,train,44005,6.574415919237581,8.707830817570006,11.057299038853662,5.140064951174104,0.8439963865929885
7,2,2019-04-01,2022-03-31,2022-04-01,2022-09-30,2022-10-01,2022-12-31,31,50,0.03,1000,0.8,0.8,valid,3729,8.9653585155106,12.084131784574105,13.48588885689993,7.015955984611253,0.7405798648548907
7,2,2019-04-01,2022-03-31,2022-04-01,2022-09-30,2022-10-01,2022-12-31,31,50,0.03,1000,0.8,0.8,test,1855,9.181196808637353,12.332991288977208,13.816294798468576,7.021833484666558,0.7349388688245874
7,3,2019-07-01,2022-06-30,2022-07-01,2022-12-31,2023-01-01,2023-03-31,31,50,0.03,1000,0.8,0.8,train,42903,6.620170444732468,8.768207146963576,11.025381083376288,5.18991183060551,0.8462793560634518
7,3,2019-07-01,2022-06-30,2022-07-01,2022-12-31,2023-01-01,2023-03-31,31,50,0.03,1000,0.8,0.8,valid,2824,9.1776725395138,12.250226822027155,13.819149268001437,7.0799122519299935,0.7348441945178484
7,3,2019-07-01,2022-06-30,2022-07-01,2022-12-31,2023-01-01,2023-03-31,31,50,0.03,1000,0.8,0.8,test,2572,9.098486617030336,12.528066969406158,13.769157886084049,6.943113327097656,0.7002006914064796
7,4,2019-10-01,2022-09-30,2022-10-01,2023-03-31,2023-04-01,2023-06-30,31,50,0.03,1000,0.8,0.8,train,40452,6.6127421484016775,8.755488824007648,10.949778576086024,5.189506949537368,0.848331788492137
7,4,2019-10-01,2022-09-30,2022-10-01,2023-03-31,2023-04-01,2023-06-30,31,50,0.03,1000,0.8,0.8,valid,4427,9.126229681040655,12.390926765930327,13.76955662906909,6.877043855554319,0.718191539995638
7,4,2019-10-01,2022-09-30,2022-10-01,2023-03-31,2023-04-01,2023-06-30,31,50,0.03,1000,0.8,0.8,test,3175,9.584247506122276,12.965562263465797,13.899989225976839,7.298596504691645,0.7031705986688532
7,5,2020-01-01,2022-12-31,2023-01-01,2023-06-30,2023-07-01,2023-09-30,31,50,0.03,1000,0.8,0.8,train,38519,6.651343622836778,8.793495731835554,10.897799675547004,5.197280271212335,0.8503283136813387
7,5,2020-01-01,2022-12-31,2023-01-01,2023-06-30,2023-07-01,2023-09-30,31,50,0.03,1000,0.8,0.8,valid,5747,9.266397784617192,12.604584060756121,13.708604783763562,6.994581382378826,0.710171264309033
7,5,2020-01-01,2022-12-31,2023-01-01,2023-06-30,2023-07-01,2023-09-30,31,50,0.03,1000,0.8,0.8,test,3144,9.388920599367857,12.77757399352574,13.446451303002041,7.051429418670573,0.740038138114908
7,6,2020-04-01,2023-03-31,2023-04-01,2023-09-30,2023-10-01,2023-12-31,31,50,0.03,1000,0.8,0.8,train,38109,6.710147012426854,8.861360616055519,10.888788640638976,5.256707785261,0.8494866427256511
7,6,2020-04-01,2023-03-31,2023-04-01,2023-09-30,2023-10-01,2023-12-31,31,50,0.03,1000,0.8,0.8,valid,6319,9.484398786747466,12.89398404456034,13.61033680588225,7.18667579214943,0.7217874434982852
7,6,2020-04-01,2023-03-31,2023-04-01,2023-09-30,2023-10-01,2023-12-31,31,50,0.03,1000,0.8,0.8,test,3475,9.543188234744036,12.799762238801586,13.522437365800815,7.352150724413278,0.7210747894955707
7,7,2020-07-01,2023-06-30,2023-07-01,2023-12-31,2024-01-01,2024-03-31,31,50,0.03,1000,0.8,0.8,train,37451,6.795429819469019,8.966324151467822,10.863021579150258,5.332086050958395,0.8494168718502415
7,7,2020-07-01,2023-06-30,2023-07-01,2023-12-31,2024-01-01,2024-03-31,31,50,0.03,1000,0.8,0.8,valid,6619,9.40890164749907,12.712698690425746,13.384611175534136,7.191755746884866,0.7336214405901434
7,7,2020-07-01,2023-06-30,2023-07-01,2023-12-31,2024-01-01,2024-03-31,31,50,0.03,1000,0.8,0.8,test,3482,10.008380630405728,13.649599882977503,13.86160260949475,7.670161591421994,0.7233170476776276
7,8,2020-10-01,2023-09-30,2023-10-01,2024-03-31,2024-04-01,2024-06-30,31,50,0.03,1000,0.8,0.8,train,36225,6.888187012199588,9.058793958413007,10.866058007736218,5.435513744956204,0.8506234608777292
7,8,2020-10-01,2023-09-30,2023-10-01,2024-03-31,2024-04-01,2024-06-30,31,50,0.03,1000,0.8,0.8,valid,6957,9.683079608111003,13.116681981096223,13.603831384589876,7.460392544945343,0.7276530563873506
7,8,2020-10-01,2023-09-30,2023-10-01,2024-03-31,2024-04-01,2024-06-30,31,50,0.03,1000,0.8,0.8,test,4025,10.04565562263038,13.437238271912166,13.21244288094807,7.576932697943917,0.7199848117173422
7,9,2021-01-01,2023-12-31,2024-01-01,2024-06-30,2024-07-01,2024-09-30,31,50,0.03,1000,0.8,0.8,train,35525,6.949803812811461,9.123751633369976,10.806669098730733,5.488452399730853,0.85081861301355
7,9,2021-01-01,2023-12-31,2024-01-01,2024-06-30,2024-07-01,2024-09-30,31,50,0.03,1000,0.8,0.8,valid,7507,9.95636884517417,13.43888408775268,13.468435505105736,7.522414572060441,0.7263298942196841
7,9,2021-01-01,2023-12-31,2024-01-01,2024-06-30,2024-07-01,2024-09-30,31,50,0.03,1000,0.8,0.8,test,2827,10.337998613950177,13.854611774478789,13.468844447607031,7.903634539418633,0.7097036241593381
7,10,2021-04-01,2024-03-31,2024-04-01,2024-09-30,2024-10-01,2024-12-31,31,50,0.03,1000,0.8,0.8,train,35354,7.056025398727086,9.24227125660331,10.811388194976665,5.6028862989452115,0.8517321844262564
7,10,2021-04-01,2024-03-31,2024-04-01,2024-09-30,2024-10-01,2024-12-31,31,50,0.03,1000,0.8,0.8,valid,6852,10.027491198756206,13.433059233749503,13.262979906212472,7.556571839644668,0.7232792841215927
7,10,2021-04-01,2024-03-31,2024-04-01,2024-09-30,2024-10-01,2024-12-31,31,50,0.03,1000,0.8,0.8,test,2204,10.402468842860507,14.014257896989081,14.696792426885233,7.8136949073899125,0.6869044080299331
7,11,2021-07-01,2024-06-30,2024-07-01,2024-12-31,2025-01-01,2025-03-31,31,50,0.03,1000,0.8,0.8,train,36095,7.202093974508864,9.424775055071928,10.848930713900002,5.724993063077541,0.8504880247020169
7,11,2021-07-01,2024-06-30,2024-07-01,2024-12-31,2025-01-01,2025-03-31,31,50,0.03,1000,0.8,0.8,valid,5031,10.254891365780848,13.781890761152967,13.982859173824636,7.789871535334278,0.7067902723916375
7,11,2021-07-01,2024-06-30,2024-07-01,2024-12-31,2025-01-01,2025-03-31,31,50,0.03,1000,0.8,0.8,test,2098,10.418706608380177,13.906207665013191,14.204792522723825,7.962728162196576,0.7011361493966752
7,12,2021-10-01,2024-09-30,2024-10-01,2025-03-31,2025-04-01,2025-06-30,31,50,0.03,1000,0.8,0.8,train,35473,7.272794286835381,9.517872382524759,10.785096260073262,5.790853918006221,0.8514211581423587
7,12,2021-10-01,2024-09-30,2024-10-01,2025-03-31,2025-04-01,2025-06-30,31,50,0.03,1000,0.8,0.8,valid,4302,10.45135707966515,13.975227292347304,14.546439642110734,8.049401906916607,0.6938851475962755
7,12,2021-10-01,2024-09-30,2024-10-01,2025-03-31,2025-04-01,2025-06-30,31,50,0.03,1000,0.8,0.8,test,2307,10.284295777580608,13.678035381978852,14.15089259258985,7.970297582824529,0.7249529281840126
7,13,2022-01-01,2024-12-31,2025-01-01,2025-06-30,2025-07-01,2025-09-30,31,50,0.03,1000,0.8,0.8,train,33657,7.314681469071985,9.56662732953075,10.719400112194185,5.800525956062991,0.8514291172633276
7,13,2022-01-01,2024-12-31,2025-01-01,2025-06-30,2025-07-01,2025-09-30,31,50,0.03,1000,0.8,0.8,valid,4405,10.294988201749556,13.688459735205749,13.97008203370776,7.921163434426816,0.7180043864544989
7,13,2022-01-01,2024-12-31,2025-01-01,2025-06-30,2025-07-01,2025-09-30,31,50,0.03,1000,0.8,0.8,test,2037,10.008753373370602,13.237308150919107,13.562580517901196,7.762457872071636,0.746346527142904
7,14,2022-04-01,2025-03-31,2025-04-01,2025-09-30,2025-10-01,2025-12-31,31,50,0.03,1000,0.8,0.8,train,32586,7.32585066813202,9.588335996932686,10.643232365869396,5.81130030648027,0.8524271611300693
7,14,2022-04-01,2025-03-31,2025-04-01,2025-09-30,2025-10-01,2025-12-31,31,50,0.03,1000,0.8,0.8,valid,4344,10.104758477772853,13.415260818416227,13.711147109817745,7.739693295091307,0.7374689596495235
7,14,2022-04-01,2025-03-31,2025-04-01,2025-09-30,2025-10-01,2025-12-31,31,50,0.03,1000,0.8,0.8,test,1904,10.384639108340993,14.078298685301311,13.84483476472084,7.91025584093023,0.7239953979634554
7,15,2022-07-01,2025-06-30,2025-07-01,2025-12-31,2026-01-01,2026-03-31,31,50,0.03,1000,0.8,0.8,train,32133,7.379533573162932,9.651317456529998,10.638056084356705,5.888588892851388,0.8523374760744924
7,15,2022-07-01,2025-06-30,2025-07-01,2025-12-31,2026-01-01,2026-03-31,31,50,0.03,1000,0.8,0.8,valid,3941,10.158291370533622,13.598872309702346,13.610442201444615,7.899977795879067,0.7373216845557963
7,15,2022-07-01,2025-06-30,2025-07-01,2025-12-31,2026-01-01,2026-03-31,31,50,0.03,1000,0.8,0.8,test,355,11.03102183944189,14.687567180550765,16.337403836510482,8.19283139935198,0.748790201880139
8,1,2019-01-01,2021-12-31,2022-01-01,2022-06-30,2022-07-01,2022-09-30,31,100,0.03,1000,0.8,0.8,train,43736,6.545865952719751,8.735052581989045,11.062243007778386,5.081330527382427,0.8383215723599616
8,1,2019-01-01,2021-12-31,2022-01-01,2022-06-30,2022-07-01,2022-09-30,31,100,0.03,1000,0.8,0.8,valid,5929,9.126231635007102,12.439254174652373,13.435122037534287,6.943422627917819,0.7274397337340195
8,1,2019-01-01,2021-12-31,2022-01-01,2022-06-30,2022-07-01,2022-09-30,31,100,0.03,1000,0.8,0.8,test,969,9.351586343838477,12.326360700134467,13.9135794104045,7.520003443851344,0.7241559020430226
8,2,2019-04-01,2022-03-31,2022-04-01,2022-09-30,2022-10-01,2022-12-31,31,100,0.03,1000,0.8,0.8,train,44005,6.655307006524325,8.864533660181205,11.125210613059421,5.177381083559915,0.8383311014985169
8,2,2019-04-01,2022-03-31,2022-04-01,2022-09-30,2022-10-01,2022-12-31,31,100,0.03,1000,0.8,0.8,valid,3729,8.976679642824726,12.11627911798292,13.53006159857707,6.960075129483826,0.739197761663022
8,2,2019-04-01,2022-03-31,2022-04-01,2022-09-30,2022-10-01,2022-12-31,31,100,0.03,1000,0.8,0.8,test,1855,9.192252800605365,12.265938965905908,13.879529517677398,6.985544799820747,0.7378132161635615
8,3,2019-07-01,2022-06-30,2022-07-01,2022-12-31,2023-01-01,2023-03-31,31,100,0.03,1000,0.8,0.8,train,42903,6.703206316794456,8.93659843460124,11.096408178004129,5.191267807838649,0.8403183251745071
8,3,2019-07-01,2022-06-30,2022-07-01,2022-12-31,2023-01-01,2023-03-31,31,100,0.03,1000,0.8,0.8,valid,2824,9.231948328182378,12.280095558508673,13.879024609108786,7.074643387889822,0.7335496023142418
8,3,2019-07-01,2022-06-30,2022-07-01,2022-12-31,2023-01-01,2023-03-31,31,100,0.03,1000,0.8,0.8,test,2572,9.093874168189421,12.434204272726541,13.771692268855713,6.931691599970449,0.7046761713964222
8,4,2019-10-01,2022-09-30,2022-10-01,2023-03-31,2023-04-01,2023-06-30,31,100,0.03,1000,0.8,0.8,train,40452,6.703292524854823,8.928802147267797,11.03035321013941,5.206807210129032,0.8422678697722626
8,4,2019-10-01,2022-09-30,2022-10-01,2023-03-31,2023-04-01,2023-06-30,31,100,0.03,1000,0.8,0.8,valid,4427,9.107362110848044,12.346364860504146,13.709692386681457,6.9657908702245805,0.7202148496224189
8,4,2019-10-01,2022-09-30,2022-10-01,2023-03-31,2023-04-01,2023-06-30,31,100,0.03,1000,0.8,0.8,test,3175,9.59385536015626,12.951112939380623,13.90983802559706,7.396645309370868,0.703831826346571
8,5,2020-01-01,2022-12-31,2023-01-01,2023-06-30,2023-07-01,2023-09-30,31,100,0.03,1000,0.8,0.8,train,38519,6.752979064253585,8.97657191259505,11.012911784788134,5.2682748241600095,0.8440312590318867
8,5,2020-01-01,2022-12-31,2023-01-01,2023-06-30,2023-07-01,2023-09-30,31,100,0.03,1000,0.8,0.8,valid,5747,9.304889392092422,12.662697539748029,13.77690065783638,7.013675580479081,0.7074925906906698
8,5,2020-01-01,2022-12-31,2023-01-01,2023-06-30,2023-07-01,2023-09-30,31,100,0.03,1000,0.8,0.8,test,3144,9.417374859487875,12.841676224586383,13.428745816388913,7.172610165651754,0.7374232543402526
8,6,2020-04-01,2023-03-31,2023-04-01,2023-09-30,2023-10-01,2023-12-31,31,100,0.03,1000,0.8,0.8,train,38109,6.796610421329989,9.031860019694973,10.983601403411349,5.283177278832383,0.8436389357400034
8,6,2020-04-01,2023-03-31,2023-04-01,2023-09-30,2023-10-01,2023-12-31,31,100,0.03,1000,0.8,0.8,valid,6319,9.457698414256143,12.830972132661454,13.553856446747389,7.1204927789665575,0.7245000061062167
8,6,2020-04-01,2023-03-31,2023-04-01,2023-09-30,2023-10-01,2023-12-31,31,100,0.03,1000,0.8,0.8,test,3475,9.5496870261001,12.809487640710103,13.483739391072291,7.388398773032861,0.7206507675053964
8,7,2020-07-01,2023-06-30,2023-07-01,2023-12-31,2024-01-01,2024-03-31,31,100,0.03,1000,0.8,0.8,train,37451,6.9038532981975385,9.17205362711083,10.973929498029682,5.38067707792267,0.8424274314503742
8,7,2020-07-01,2023-06-30,2023-07-01,2023-12-31,2024-01-01,2024-03-31,31,100,0.03,1000,0.8,0.8,valid,6619,9.403531349983203,12.712566265266306,13.391281514003248,7.1361133009679065,0.7336269901654671
8,7,2020-07-01,2023-06-30,2023-07-01,2023-12-31,2024-01-01,2024-03-31,31,100,0.03,1000,0.8,0.8,test,3482,10.006450533334732,13.599523056560399,13.889698719330132,7.710574068527741,0.7253434789811397
8,8,2020-10-01,2023-09-30,2023-10-01,2024-03-31,2024-04-01,2024-06-30,31,100,0.03,1000,0.8,0.8,train,36225,6.985735220720264,9.254151137442834,10.955145324143894,5.467434736017218,0.8441112388595738
8,8,2020-10-01,2023-09-30,2023-10-01,2024-03-31,2024-04-01,2024-06-30,31,100,0.03,1000,0.8,0.8,valid,6957,9.68292427396544,13.101189008219908,13.607125856271404,7.453644453311789,0.7282960500764208
8,8,2020-10-01,2023-09-30,2023-10-01,2024-03-31,2024-04-01,2024-06-30,31,100,0.03,1000,0.8,0.8,test,4025,10.009220495125941,13.381145439455041,13.194055655583876,7.494515643010303,0.7223177407239196
8,9,2021-01-01,2023-12-31,2024-01-01,2024-06-30,2024-07-01,2024-09-30,31,100,0.03,1000,0.8,0.8,train,35525,7.073348354448073,9.34013763952274,10.94115119122598,5.568354344125218,0.8436584964906947
8,9,2021-01-01,2023-12-31,2024-01-01,2024-06-30,2024-07-01,2024-09-30,31,100,0.03,1000,0.8,0.8,valid,7507,10.001883553217626,13.479645672571348,13.50849675548717,7.587655751948006,0.724667234632804
8,9,2021-01-01,2023-12-31,2024-01-01,2024-06-30,2024-07-01,2024-09-30,31,100,0.03,1000,0.8,0.8,test,2827,10.402753518202273,13.911289697236105,13.561694902641323,8.107001246550851,0.7073236151793305
8,10,2021-04-01,2024-03-31,2024-04-01,2024-09-30,2024-10-01,2024-12-31,31,100,0.03,1000,0.8,0.8,train,35354,7.183122260727939,9.45964007909467,10.962298445633824,5.659651843366646,0.8446759546558857
8,10,2021-04-01,2024-03-31,2024-04-01,2024-09-30,2024-10-01,2024-12-31,31,100,0.03,1000,0.8,0.8,valid,6852,9.999810798299507,13.382950791435048,13.239444498324845,7.6321393936178055,0.7253398992055743
8,10,2021-04-01,2024-03-31,2024-04-01,2024-09-30,2024-10-01,2024-12-31,31,100,0.03,1000,0.8,0.8,test,2204,10.420268277981807,13.968690793898151,14.718586371901992,7.9013388059732925,0.6889371471168895
8,11,2021-07-01,2024-06-30,2024-07-01,2024-12-31,2025-01-01,2025-03-31,31,100,0.03,1000,0.8,0.8,train,36095,7.32416259424333,9.63804783721191,10.986728232968911,5.770586702511977,0.8436448655656181
8,11,2021-07-01,2024-06-30,2024-07-01,2024-12-31,2025-01-01,2025-03-31,31,100,0.03,1000,0.8,0.8,valid,5031,10.249404848766845,13.74134556984023,13.966378338465907,7.8139578058176085,0.7085129325964866
8,11,2021-07-01,2024-06-30,2024-07-01,2024-12-31,2025-01-01,2025-03-31,31,100,0.03,1000,0.8,0.8,test,2098,10.396549679425286,13.903405834423063,14.178557564298503,8.15678940942039,0.7012565677799754
8,12,2021-10-01,2024-09-30,2024-10-01,2025-03-31,2025-04-01,2025-06-30,31,100,0.03,1000,0.8,0.8,train,35473,7.398413630595116,9.745093769930602,10.91768014933767,5.83124043885244,0.8442423956867748
8,12,2021-10-01,2024-09-30,2024-10-01,2025-03-31,2025-04-01,2025-06-30,31,100,0.03,1000,0.8,0.8,valid,4302,10.48920869356042,14.023024549831248,14.560251555697928,8.065971171379154,0.6917876545208239
8,12,2021-10-01,2024-09-30,2024-10-01,2025-03-31,2025-04-01,2025-06-30,31,100,0.03,1000,0.8,0.8,test,2307,10.275760013998783,13.642419902540842,14.128242621965997,7.921404172891428,0.7263834230633097
8,13,2022-01-01,2024-12-31,2025-01-01,2025-06-30,2025-07-01,2025-09-30,31,100,0.03,1000,0.8,0.8,train,33657,7.431355292984299,9.765915205368566,10.848741289804536,5.880219892362888,0.8451747145171816
8,13,2022-01-01,2024-12-31,2025-01-01,2025-06-30,2025-07-01,2025-09-30,31,100,0.03,1000,0.8,0.8,valid,4405,10.288663173471173,13.67482368357214,13.979017903955999,7.9238623115182065,0.7185659385252021
8,13,2022-01-01,2024-12-31,2025-01-01,2025-06-30,2025-07-01,2025-09-30,31,100,0.03,1000,0.8,0.8,test,2037,10.029238911453966,13.272045444099831,13.577284842306167,7.701028195997118,0.7450135074447992
8,14,2022-04-01,2025-03-31,2025-04-01,2025-09-30,2025-10-01,2025-12-31,31,100,0.03,1000,0.8,0.8,train,32586,7.458302233319904,9.818401597827352,10.792807815691436,5.888546916636692,0.8452603796065196
8,14,2022-04-01,2025-03-31,2025-04-01,2025-09-30,2025-10-01,2025-12-31,31,100,0.03,1000,0.8,0.8,valid,4344,10.129324956116493,13.432907167344638,13.749712905120068,7.83305875383482,0.7367778420742738
8,14,2022-04-01,2025-03-31,2025-04-01,2025-09-30,2025-10-01,2025-12-31,31,100,0.03,1000,0.8,0.8,test,1904,10.378016965507184,14.040251866996925,13.847113471205377,7.991096740836667,0.7254851954867829
8,15,2022-07-01,2025-06-30,2025-07-01,2025-12-31,2026-01-01,2026-03-31,31,100,0.03,1000,0.8,0.8,train,32133,7.502128662646986,9.861681244774921,10.777242794800893,5.922479729509476,0.8458303071033099
8,15,2022-07-01,2025-06-30,2025-07-01,2025-12-31,2026-01-01,2026-03-31,31,100,0.03,1000,0.8,0.8,valid,3941,10.211933482579358,13.653393364691242,13.696732705452808,7.996424042085501,0.7352111848510048
8,15,2022-07-01,2025-06-30,2025-07-01,2025-12-31,2026-01-01,2026-03-31,31,100,0.03,1000,0.8,0.8,test,355,10.968542540893964,14.69157160327921,16.182501799550174,8.57730847052261,0.7486532033773758
9,1,2019-01-01,2021-12-31,2022-01-01,2022-06-30,2022-07-01,2022-09-30,63,10,0.03,1000,0.8,0.8,train,43736,5.14367660104327,6.6646920945418415,8.907990069329264,4.121931376240628,0.905880153610403
9,1,2019-01-01,2021-12-31,2022-01-01,2022-06-30,2022-07-01,2022-09-30,63,10,0.03,1000,0.8,0.8,valid,5929,9.099562181946881,12.417579687591319,13.409585460865681,6.92135136486678,0.7283887387303951
9,1,2019-01-01,2021-12-31,2022-01-01,2022-06-30,2022-07-01,2022-09-30,63,10,0.03,1000,0.8,0.8,test,969,9.139571088203331,12.12105086918012,13.659231808474528,7.168305276023567,0.7332683818962269
9,2,2019-04-01,2022-03-31,2022-04-01,2022-09-30,2022-10-01,2022-12-31,63,10,0.03,1000,0.8,0.8,train,44005,5.228180593189416,6.784753699292528,8.972632667201683,4.177600476638219,0.9052928286855015
9,2,2019-04-01,2022-03-31,2022-04-01,2022-09-30,2022-10-01,2022-12-31,63,10,0.03,1000,0.8,0.8,valid,3729,8.940998339031925,12.089862962531642,13.40099210496919,6.832733588956913,0.7403337345482479
9,2,2019-04-01,2022-03-31,2022-04-01,2022-09-30,2022-10-01,2022-12-31,63,10,0.03,1000,0.8,0.8,test,1855,9.296956010485665,12.414821520303,14.008779984475762,7.253253610364553,0.7314098026761537
9,3,2019-07-01,2022-06-30,2022-07-01,2022-12-31,2023-01-01,2023-03-31,63,10,0.03,1000,0.8,0.8,train,42903,5.259847530479333,6.8255769525502314,8.923212544848642,4.208046241756364,0.9068486127556885
9,3,2019-07-01,2022-06-30,2022-07-01,2022-12-31,2023-01-01,2023-03-31,63,10,0.03,1000,0.8,0.8,valid,2824,9.170080273003263,12.177396249567588,13.84354026520108,7.061753933663276,0.7379876536157695
9,3,2019-07-01,2022-06-30,2022-07-01,2022-12-31,2023-01-01,2023-03-31,63,10,0.03,1000,0.8,0.8,test,2572,9.059587066576299,12.453544402438087,13.761867268431718,6.816318126322489,0.7037567650666426
9,4,2019-10-01,2022-09-30,2022-10-01,2023-03-31,2023-04-01,2023-06-30,63,10,0.03,1000,0.8,0.8,train,40452,5.195032884651942,6.732697362050607,8.75563373697687,4.164558118588765,0.9103166224370843
9,4,2019-10-01,2022-09-30,2022-10-01,2023-03-31,2023-04-01,2023-06-30,63,10,0.03,1000,0.8,0.8,valid,4427,9.174115336321057,12.44039737045235,13.882035831502753,6.970434096156744,0.7159368151903234
9,4,2019-10-01,2022-09-30,2022-10-01,2023-03-31,2023-04-01,2023-06-30,63,10,0.03,1000,0.8,0.8,test,3175,9.58252262606619,12.888272826158248,13.912618585820255,7.384824342700476,0.7066989297123623
9,5,2020-01-01,2022-12-31,2023-01-01,2023-06-30,2023-07-01,2023-09-30,63,10,0.03,1000,0.8,0.8,train,38519,5.173824026474603,6.69354796218466,8.634078579620445,4.160802041226596,0.9132779976577451
9,5,2020-01-01,2022-12-31,2023-01-01,2023-06-30,2023-07-01,2023-09-30,63,10,0.03,1000,0.8,0.8,valid,5747,9.274832203919537,12.60994159957329,13.72393877638397,6.965180356627748,0.7099248303618221
9,5,2020-01-01,2022-12-31,2023-01-01,2023-06-30,2023-07-01,2023-09-30,63,10,0.03,1000,0.8,0.8,test,3144,9.393011750914983,12.769421914902162,13.410278481248392,7.117954848087702,0.7403697430823606
9,6,2020-04-01,2023-03-31,2023-04-01,2023-09-30,2023-10-01,2023-12-31,63,10,0.03,1000,0.8,0.8,train,38109,5.203021794929101,6.735400927440119,8.60277087836824,4.171372526713341,0.913043685138822
9,6,2020-04-01,2023-03-31,2023-04-01,2023-09-30,2023-10-01,2023-12-31,63,10,0.03,1000,0.8,0.8,valid,6319,9.405042193986075,12.80955993841914,13.468694552022276,7.121630444890755,0.7254187419864409
9,6,2020-04-01,2023-03-31,2023-04-01,2023-09-30,2023-10-01,2023-12-31,63,10,0.03,1000,0.8,0.8,test,3475,9.495434529303235,12.802003651972989,13.443304883308777,7.276521824103369,0.7209770937152342
9,7,2020-07-01,2023-06-30,2023-07-01,2023-12-31,2024-01-01,2024-03-31,63,10,0.03,1000,0.8,0.8,train,37451,5.259910731794416,6.815689149296309,8.546791697684117,4.2235556545459545,0.9129904357825003
9,7,2020-07-01,2023-06-30,2023-07-01,2023-12-31,2024-01-01,2024-03-31,63,10,0.03,1000,0.8,0.8,valid,6619,9.317740920771342,12.60329375111521,13.285555193282129,7.064107972563313,0.7381865968278488
9,7,2020-07-01,2023-06-30,2023-07-01,2023-12-31,2024-01-01,2024-03-31,63,10,0.03,1000,0.8,0.8,test,3482,9.982380820723538,13.58667384683555,13.846872808730065,7.796199170801934,0.7258622401201764
9,8,2020-10-01,2023-09-30,2023-10-01,2024-03-31,2024-04-01,2024-06-30,63,10,0.03,1000,0.8,0.8,train,36225,5.301188085390092,6.86366973310823,8.490355884560074,4.249070182012666,0.9142460002920886
9,8,2020-10-01,2023-09-30,2023-10-01,2024-03-31,2024-04-01,2024-06-30,63,10,0.03,1000,0.8,0.8,valid,6957,9.650399553737135,13.106211093130836,13.541234073457536,7.4486102012152315,0.7280877053471908
9,8,2020-10-01,2023-09-30,2023-10-01,2024-03-31,2024-04-01,2024-06-30,63,10,0.03,1000,0.8,0.8,test,4025,10.09894397354831,13.52756623437308,13.273458451612774,7.631175443278778,0.716207515515342
9,9,2021-01-01,2023-12-31,2024-01-01,2024-06-30,2024-07-01,2024-09-30,63,10,0.03,1000,0.8,0.8,train,35525,5.338197600317805,6.89298702231801,8.45158197076225,4.3012656195762915,0.9148503919021095
9,9,2021-01-01,2023-12-31,2024-01-01,2024-06-30,2024-07-01,2024-09-30,63,10,0.03,1000,0.8,0.8,valid,7507,10.0164234910577,13.50161879688216,13.53641816491653,7.679010322013724,0.7237688650161004
9,9,2021-01-01,2023-12-31,2024-01-01,2024-06-30,2024-07-01,2024-09-30,63,10,0.03,1000,0.8,0.8,test,2827,10.366145020034633,13.940712196208564,13.515910180885726,7.956591890119448,0.7060842797509861
9,10,2021-04-01,2024-03-31,2024-04-01,2024-09-30,2024-10-01,2024-12-31,63,10,0.03,1000,0.8,0.8,train,35354,5.4116132903088365,6.983805739626353,8.438989183558423,4.373573302114039,0.9153408762796197
9,10,2021-04-01,2024-03-31,2024-04-01,2024-09-30,2024-10-01,2024-12-31,63,10,0.03,1000,0.8,0.8,valid,6852,10.033466192549149,13.467965819627517,13.255681336640254,7.654618475883513,0.7218392658071896
9,10,2021-04-01,2024-03-31,2024-04-01,2024-09-30,2024-10-01,2024-12-31,63,10,0.03,1000,0.8,0.8,test,2204,10.419006395703422,13.94074231200655,14.744288324796784,8.022530707850311,0.6901806476639805
9,11,2021-07-01,2024-06-30,2024-07-01,2024-12-31,2025-01-01,2025-03-31,63,10,0.03,1000,0.8,0.8,train,36095,5.547827120611861,7.148498744230875,8.506648549596035,4.482894097474173,0.9139870817519059
9,11,2021-07-01,2024-06-30,2024-07-01,2024-12-31,2025-01-01,2025-03-31,63,10,0.03,1000,0.8,0.8,valid,5031,10.265316919570015,13.775896844454307,13.98964695092939,7.8680407933330585,0.7070452580883189
9,11,2021-07-01,2024-06-30,2024-07-01,2024-12-31,2025-01-01,2025-03-31,63,10,0.03,1000,0.8,0.8,test,2098,10.451620074170146,13.926946158010544,14.252612530647834,8.230364260440055,0.7002440862853854
9,12,2021-10-01,2024-09-30,2024-10-01,2025-03-31,2025-04-01,2025-06-30,63,10,0.03,1000,0.8,0.8,train,35473,5.577350152536497,7.180836587840944,8.42024766675876,4.525419239619936,0.9154278636215405
9,12,2021-10-01,2024-09-30,2024-10-01,2025-03-31,2025-04-01,2025-06-30,63,10,0.03,1000,0.8,0.8,valid,4302,10.456702866538867,13.980799130345275,14.555673819937562,8.143250569087172,0.6936410066830291
9,12,2021-10-01,2024-09-30,2024-10-01,2025-03-31,2025-04-01,2025-06-30,63,10,0.03,1000,0.8,0.8,test,2307,10.291816659184787,13.704904476025922,14.180078514451665,7.797318011833482,0.7238712634358413
9,13,2022-01-01,2024-12-31,2025-01-01,2025-06-30,2025-07-01,2025-09-30,63,10,0.03,1000,0.8,0.8,train,33657,5.545911200744503,7.141910131758979,8.277865856982604,4.494673626371409,0.9171972513697468
9,13,2022-01-01,2024-12-31,2025-01-01,2025-06-30,2025-07-01,2025-09-30,63,10,0.03,1000,0.8,0.8,valid,4405,10.321812527507598,13.764695320381744,14.025631278029477,7.987715823171925,0.7148545849327603
9,13,2022-01-01,2024-12-31,2025-01-01,2025-06-30,2025-07-01,2025-09-30,63,10,0.03,1000,0.8,0.8,test,2037,10.101238550908144,13.40596887743805,13.682474856236324,7.727452571868085,0.7398415906315886
9,14,2022-04-01,2025-03-31,2025-04-01,2025-09-30,2025-10-01,2025-12-31,63,10,0.03,1000,0.8,0.8,train,32586,5.494540850692118,7.066626977481465,8.135077874615837,4.4652442123269225,0.9198424790127611
9,14,2022-04-01,2025-03-31,2025-04-01,2025-09-30,2025-10-01,2025-12-31,63,10,0.03,1000,0.8,0.8,valid,4344,10.17045418615069,13.530083268939658,13.807942049120742,7.8666689904972955,0.7329556725219488
9,14,2022-04-01,2025-03-31,2025-04-01,2025-09-30,2025-10-01,2025-12-31,63,10,0.03,1000,0.8,0.8,test,1904,10.392121247259968,14.107753635809178,13.858078552761254,7.876615525062512,0.7228392630280582
9,15,2022-07-01,2025-06-30,2025-07-01,2025-12-31,2026-01-01,2026-03-31,63,10,0.03,1000,0.8,0.8,train,32133,5.53737526945766,7.138790634869077,8.137358557982472,4.48547042609205,0.9192120894421693
9,15,2022-07-01,2025-06-30,2025-07-01,2025-12-31,2026-01-01,2026-03-31,63,10,0.03,1000,0.8,0.8,valid,3941,10.18082491222241,13.656488493953782,13.638197758720223,7.8231876230766915,0.7350911196800918
9,15,2022-07-01,2025-06-30,2025-07-01,2025-12-31,2026-01-01,2026-03-31,63,10,0.03,1000,0.8,0.8,test,355,10.966923140124464,14.719183565315248,16.28822246638127,8.356206887616736,0.7477075319099157
10,1,2019-01-01,2021-12-31,2022-01-01,2022-06-30,2022-07-01,2022-09-30,63,20,0.03,1000,0.8,0.8,train,43736,5.170069679009897,6.755303966254608,8.929570343114463,4.1042773789433085,0.9033034852809693
10,1,2019-01-01,2021-12-31,2022-01-01,2022-06-30,2022-07-01,2022-09-30,63,20,0.03,1000,0.8,0.8,valid,5929,9.08266198397985,12.398214224301519,13.372779770764993,6.90705951479552,0.7292352445067486
10,1,2019-01-01,2021-12-31,2022-01-01,2022-06-30,2022-07-01,2022-09-30,63,20,0.03,1000,0.8,0.8,test,969,9.244233474868238,12.312301296171702,13.794285336143231,7.300916047602719,0.7247847968101759
10,2,2019-04-01,2022-03-31,2022-04-01,2022-09-30,2022-10-01,2022-12-31,63,20,0.03,1000,0.8,0.8,train,44005,5.257455354541778,6.874077358645453,8.995336572309022,4.167220815367948,0.9027827072495648
10,2,2019-04-01,2022-03-31,2022-04-01,2022-09-30,2022-10-01,2022-12-31,63,20,0.03,1000,0.8,0.8,valid,3729,8.901268367162963,12.030012722946983,13.355696767629038,6.825870953513004,0.74289829968382
10,2,2019-04-01,2022-03-31,2022-04-01,2022-09-30,2022-10-01,2022-12-31,63,20,0.03,1000,0.8,0.8,test,1855,9.260706717955824,12.35789359107246,13.90609580837013,7.081672048759472,0.733867385665468
10,3,2019-07-01,2022-06-30,2022-07-01,2022-12-31,2023-01-01,2023-03-31,63,20,0.03,1000,0.8,0.8,train,42903,5.269587360537167,6.891690569357904,8.933025513536284,4.160311898959762,0.9050353150285554
10,3,2019-07-01,2022-06-30,2022-07-01,2022-12-31,2023-01-01,2023-03-31,63,20,0.03,1000,0.8,0.8,valid,2824,9.204279435181634,12.256635824444476,13.877144356987984,6.998272961821861,0.7345666765975736
10,3,2019-07-01,2022-06-30,2022-07-01,2022-12-31,2023-01-01,2023-03-31,63,20,0.03,1000,0.8,0.8,test,2572,9.054734732510738,12.4262837691333,13.783846577931014,6.898033980920346,0.7050522901081071
10,4,2019-10-01,2022-09-30,2022-10-01,2023-03-31,2023-04-01,2023-06-30,63,20,0.03,1000,0.8,0.8,train,40452,5.215483184147026,6.814325581441648,8.779459400161041,4.15009531511555,0.9081287703431156
10,4,2019-10-01,2022-09-30,2022-10-01,2023-03-31,2023-04-01,2023-06-30,63,20,0.03,1000,0.8,0.8,valid,4427,9.15748379039855,12.436490589126812,13.818142611806095,6.942087757320451,0.7161152015322025
10,4,2019-10-01,2022-09-30,2022-10-01,2023-03-31,2023-04-01,2023-06-30,63,20,0.03,1000,0.8,0.8,test,3175,9.556000296403043,12.904205544539868,13.844581154622734,7.296843570773532,0.7059733131937627
10,5,2020-01-01,2022-12-31,2023-01-01,2023-06-30,2023-07-01,2023-09-30,63,20,0.03,1000,0.8,0.8,train,38519,5.19289770552858,6.7854347410564895,8.645414775738601,4.128304340575291,0.9108806739460592
10,5,2020-01-01,2022-12-31,2023-01-01,2023-06-30,2023-07-01,2023-09-30,63,20,0.03,1000,0.8,0.8,valid,5747,9.200637804464893,12.554976722740667,13.61371920583087,6.916812270092123,0.7124481088703697
10,5,2020-01-01,2022-12-31,2023-01-01,2023-06-30,2023-07-01,2023-09-30,63,20,0.03,1000,0.8,0.8,test,3144,9.386672223508272,12.78475488576327,13.42963032278431,6.997953821143717,0.7397458631230482
10,6,2020-04-01,2023-03-31,2023-04-01,2023-09-30,2023-10-01,2023-12-31,63,20,0.03,1000,0.8,0.8,train,38109,5.224217800745397,6.814071052759292,8.609953221003142,4.1359662459015425,0.9110005060512882
10,6,2020-04-01,2023-03-31,2023-04-01,2023-09-30,2023-10-01,2023-12-31,63,20,0.03,1000,0.8,0.8,valid,6319,9.413322188938068,12.754932892102445,13.51924713926983,7.151387479120743,0.7277556809532448
10,6,2020-04-01,2023-03-31,2023-04-01,2023-09-30,2023-10-01,2023-12-31,63,20,0.03,1000,0.8,0.8,test,3475,9.491845788595635,12.75449360545775,13.44601254145681,7.405316713283227,0.7230442378036943
10,7,2020-07-01,2023-06-30,2023-07-01,2023-12-31,2024-01-01,2024-03-31,63,20,0.03,1000,0.8,0.8,train,37451,5.293350312497846,6.912845369394193,8.58622556681317,4.185417084062436,0.9104921493243984
10,7,2020-07-01,2023-06-30,2023-07-01,2023-12-31,2024-01-01,2024-03-31,63,20,0.03,1000,0.8,0.8,valid,6619,9.322394671652201,12.625635662187024,13.269650970602404,7.125605929444781,0.7372575386744895
10,7,2020-07-01,2023-06-30,2023-07-01,2023-12-31,2024-01-01,2024-03-31,63,20,0.03,1000,0.8,0.8,test,3482,9.938394160618008,13.545964455978229,13.797416145576033,7.587500969121656,0.7275025624188207
10,8,2020-10-01,2023-09-30,2023-10-01,2024-03-31,2024-04-01,2024-06-30,63,20,0.03,1000,0.8,0.8,train,36225,5.310464595822033,6.92053685467201,8.51090130117187,4.223433530519046,0.9128191294965213
10,8,2020-10-01,2023-09-30,2023-10-01,2024-03-31,2024-04-01,2024-06-30,63,20,0.03,1000,0.8,0.8,valid,6957,9.63199233985881,13.072970468490391,13.524346297477138,7.355582106177231,0.7294652312342773
10,8,2020-10-01,2023-09-30,2023-10-01,2024-03-31,2024-04-01,2024-06-30,63,20,0.03,1000,0.8,0.8,test,4025,10.080471544521963,13.442763845557376,13.241411852044827,7.705184982937965,0.7197544723221136
10,9,2021-01-01,2023-12-31,2024-01-01,2024-06-30,2024-07-01,2024-09-30,63,20,0.03,1000,0.8,0.8,train,35525,5.365476923723168,6.988962178605541,8.46353014755336,4.280169905716889,0.9124627070146325
10,9,2021-01-01,2023-12-31,2024-01-01,2024-06-30,2024-07-01,2024-09-30,63,20,0.03,1000,0.8,0.8,valid,7507,9.9450725418439,13.415499522262364,13.422497660557973,7.6102873011919385,0.727281474507518
10,9,2021-01-01,2023-12-31,2024-01-01,2024-06-30,2024-07-01,2024-09-30,63,20,0.03,1000,0.8,0.8,test,2827,10.370236921192916,13.926708352496913,13.497045095709748,7.98575647944898,0.7066744766445553
10,10,2021-04-01,2024-03-31,2024-04-01,2024-09-30,2024-10-01,2024-12-31,63,20,0.03,1000,0.8,0.8,train,35354,5.418944114610858,7.045306164908841,8.430576620080439,4.334619255096936,0.9138432696079871
10,10,2021-04-01,2024-03-31,2024-04-01,2024-09-30,2024-10-01,2024-12-31,63,20,0.03,1000,0.8,0.8,valid,6852,10.0158738580975,13.44215211622304,13.240701987446638,7.579657130450062,0.7229045309827864
10,10,2021-04-01,2024-03-31,2024-04-01,2024-09-30,2024-10-01,2024-12-31,63,20,0.03,1000,0.8,0.8,test,2204,10.440996758883735,13.990829460769788,14.769370861972266,7.864941766932805,0.6879503726050323
10,11,2021-07-01,2024-06-30,2024-07-01,2024-12-31,2025-01-01,2025-03-31,63,20,0.03,1000,0.8,0.8,train,36095,5.565577655198712,7.228308306239648,8.520052887735497,4.4425192660551005,0.9120557745330109
10,11,2021-07-01,2024-06-30,2024-07-01,2024-12-31,2025-01-01,2025-03-31,63,20,0.03,1000,0.8,0.8,valid,5031,10.250063138419561,13.763129063095123,13.973533443623099,7.838677038968882,0.7075880392667759
10,11,2021-07-01,2024-06-30,2024-07-01,2024-12-31,2025-01-01,2025-03-31,63,20,0.03,1000,0.8,0.8,test,2098,10.420187451063347,13.883543284743881,14.203598124685982,8.118706548016991,0.7021095339935564
10,12,2021-10-01,2024-09-30,2024-10-01,2025-03-31,2025-04-01,2025-06-30,63,20,0.03,1000,0.8,0.8,train,35473,5.604432030143623,7.267846468299458,8.448178796007557,4.517983874420224,0.9133659329895525
10,12,2021-10-01,2024-09-30,2024-10-01,2025-03-31,2025-04-01,2025-06-30,63,20,0.03,1000,0.8,0.8,valid,4302,10.454724940121505,14.009113435066643,14.522491852898984,8.051981254511833,0.6923988565641925
10,12,2021-10-01,2024-09-30,2024-10-01,2025-03-31,2025-04-01,2025-06-30,63,20,0.03,1000,0.8,0.8,test,2307,10.264547661205606,13.64493449767577,14.130529733251173,7.8748902236270695,0.7262825467777201
10,13,2022-01-01,2024-12-31,2025-01-01,2025-06-30,2025-07-01,2025-09-30,63,20,0.03,1000,0.8,0.8,train,33657,5.570872397277694,7.229674671395336,8.304181454151623,4.456214232522136,0.9151496767757112
10,13,2022-01-01,2024-12-31,2025-01-01,2025-06-30,2025-07-01,2025-09-30,63,20,0.03,1000,0.8,0.8,valid,4405,10.334812160457743,13.786170927304607,14.030999928882226,7.962157795053905,0.7139641260061953
10,13,2022-01-01,2024-12-31,2025-01-01,2025-06-30,2025-07-01,2025-09-30,63,20,0.03,1000,0.8,0.8,test,2037,10.073230629321271,13.335715864633025,13.609473708219355,7.758243222816446,0.7425611288927548
10,14,2022-04-01,2025-03-31,2025-04-01,2025-09-30,2025-10-01,2025-12-31,63,20,0.03,1000,0.8,0.8,train,32586,5.52420889734382,7.1671335495973585,8.152512903617515,4.441638550318785,0.9175461502831062
10,14,2022-04-01,2025-03-31,2025-04-01,2025-09-30,2025-10-01,2025-12-31,63,20,0.03,1000,0.8,0.8,valid,4344,10.106861705686935,13.446340019493714,13.72216554626798,7.785987296921036,0.736251136694622
10,14,2022-04-01,2025-03-31,2025-04-01,2025-09-30,2025-10-01,2025-12-31,63,20,0.03,1000,0.8,0.8,test,1904,10.416583944062424,14.076211690515683,13.91111863103564,7.945793304447541,0.7240772228320638
10,15,2022-07-01,2025-06-30,2025-07-01,2025-12-31,2026-01-01,2026-03-31,63,20,0.03,1000,0.8,0.8,train,32133,5.559445486755008,7.222005610041488,8.133361930756289,4.4708990486546725,0.9173176658489
10,15,2022-07-01,2025-06-30,2025-07-01,2025-12-31,2026-01-01,2026-03-31,63,20,0.03,1000,0.8,0.8,valid,3941,10.125514346949046,13.598562134737232,13.560890828036442,7.7715799721252665,0.7373336672123405
10,15,2022-07-01,2025-06-30,2025-07-01,2025-12-31,2026-01-01,2026-03-31,63,20,0.03,1000,0.8,0.8,test,355,11.11731445212701,14.836106930963421,16.51811005727845,8.644191634975812,0.7436833891177557
11,1,2019-01-01,2021-12-31,2022-01-01,2022-06-30,2022-07-01,2022-09-30,63,50,0.03,1000,0.8,0.8,train,43736,5.280343768157773,6.959543401141753,9.06328209302523,4.137140412617757,0.8973680631935484
11,1,2019-01-01,2021-12-31,2022-01-01,2022-06-30,2022-07-01,2022-09-30,63,50,0.03,1000,0.8,0.8,valid,5929,9.112850073840624,12.442064674392794,13.397382958701481,6.904898167472815,0.7273165563980596
11,1,2019-01-01,2021-12-31,2022-01-01,2022-06-30,2022-07-01,2022-09-30,63,50,0.03,1000,0.8,0.8,test,969,9.302781427789554,12.243509962015343,13.824592173876404,7.53303711872438,0.7278515722095049
11,2,2019-04-01,2022-03-31,2022-04-01,2022-09-30,2022-10-01,2022-12-31,63,50,0.03,1000,0.8,0.8,train,44005,5.371790654542145,7.086081923440752,9.109108831846607,4.2144972681403985,0.8966936469054034
11,2,2019-04-01,2022-03-31,2022-04-01,2022-09-30,2022-10-01,2022-12-31,63,50,0.03,1000,0.8,0.8,valid,3729,8.926493371189808,12.095367695455906,13.39077635911785,6.768338167067768,0.7400972192362868
11,2,2019-04-01,2022-03-31,2022-04-01,2022-09-30,2022-10-01,2022-12-31,63,50,0.03,1000,0.8,0.8,test,1855,9.210261459698657,12.28366023786819,13.804907894984053,7.214508318626059,0.7370550777635851
11,3,2019-07-01,2022-06-30,2022-07-01,2022-12-31,2023-01-01,2023-03-31,63,50,0.03,1000,0.8,0.8,train,42903,5.396801099174055,7.102485982700301,9.100521049186897,4.243335593027616,0.8991371204184098
11,3,2019-07-01,2022-06-30,2022-07-01,2022-12-31,2023-01-01,2023-03-31,63,50,0.03,1000,0.8,0.8,valid,2824,9.162410124447419,12.231156160766446,13.75123326812144,6.962460723492992,0.7356691197359673
11,3,2019-07-01,2022-06-30,2022-07-01,2022-12-31,2023-01-01,2023-03-31,63,50,0.03,1000,0.8,0.8,test,2572,9.104379214866926,12.530922619809353,13.71704564262521,6.924537681529138,0.7000640031862017
11,4,2019-10-01,2022-09-30,2022-10-01,2023-03-31,2023-04-01,2023-06-30,63,50,0.03,1000,0.8,0.8,train,40452,5.334522485675978,7.024062478553766,8.919853783848989,4.202708557539857,0.9023863614542731
11,4,2019-10-01,2022-09-30,2022-10-01,2023-03-31,2023-04-01,2023-06-30,63,50,0.03,1000,0.8,0.8,valid,4427,9.084476353930443,12.372292273647693,13.659462320503849,6.954730961281072,0.7190385160065653
11,4,2019-10-01,2022-09-30,2022-10-01,2023-03-31,2023-04-01,2023-06-30,63,50,0.03,1000,0.8,0.8,test,3175,9.530682760144286,12.876202755289777,13.814765623051658,7.1914784861829375,0.7072480346299637
11,5,2020-01-01,2022-12-31,2023-01-01,2023-06-30,2023-07-01,2023-09-30,63,50,0.03,1000,0.8,0.8,train,38519,5.315435520145054,6.986523050055966,8.80312837637682,4.1863184077842135,0.9055202511853384
11,5,2020-01-01,2022-12-31,2023-01-01,2023-06-30,2023-07-01,2023-09-30,63,50,0.03,1000,0.8,0.8,valid,5747,9.226393272084236,12.563999609468157,13.638635765342533,6.983285169396382,0.712034650444858
11,5,2020-01-01,2022-12-31,2023-01-01,2023-06-30,2023-07-01,2023-09-30,63,50,0.03,1000,0.8,0.8,test,3144,9.324802040809418,12.758870792344844,13.322856895873947,6.986617560176292,0.7407986205877359
11,6,2020-04-01,2023-03-31,2023-04-01,2023-09-30,2023-10-01,2023-12-31,63,50,0.03,1000,0.8,0.8,train,38109,5.3482609933433585,7.02989863249653,8.760134911037703,4.206573162342465,0.9052733132712443
11,6,2020-04-01,2023-03-31,2023-04-01,2023-09-30,2023-10-01,2023-12-31,63,50,0.03,1000,0.8,0.8,valid,6319,9.423223850000078,12.827322220537134,13.502190502230269,7.037923395927891,0.7246567218620521
11,6,2020-04-01,2023-03-31,2023-04-01,2023-09-30,2023-10-01,2023-12-31,63,50,0.03,1000,0.8,0.8,test,3475,9.507650063537804,12.782918915526865,13.46451030531044,7.31758835978146,0.7218083869349452
11,7,2020-07-01,2023-06-30,2023-07-01,2023-12-31,2024-01-01,2024-03-31,63,50,0.03,1000,0.8,0.8,train,37451,5.428100973055998,7.134313997763593,8.742188010531086,4.269798839268141,0.9046651070437295
11,7,2020-07-01,2023-06-30,2023-07-01,2023-12-31,2024-01-01,2024-03-31,63,50,0.03,1000,0.8,0.8,valid,6619,9.334826595590213,12.648426072197521,13.292336061849486,7.093497065385698,0.7363081349330048
11,7,2020-07-01,2023-06-30,2023-07-01,2023-12-31,2024-01-01,2024-03-31,63,50,0.03,1000,0.8,0.8,test,3482,9.926409895163376,13.521761741420887,13.75894296435242,7.702411150288501,0.7284754404866398
11,8,2020-10-01,2023-09-30,2023-10-01,2024-03-31,2024-04-01,2024-06-30,63,50,0.03,1000,0.8,0.8,train,36225,5.448484630210421,7.153975658665623,8.692542264189678,4.28491688819912,0.9068384842720429
11,8,2020-10-01,2023-09-30,2023-10-01,2024-03-31,2024-04-01,2024-06-30,63,50,0.03,1000,0.8,0.8,valid,6957,9.601715470844754,13.029042753367245,13.498851586538605,7.350677397678595,0.731280275191299
11,8,2020-10-01,2023-09-30,2023-10-01,2024-03-31,2024-04-01,2024-06-30,63,50,0.03,1000,0.8,0.8,test,4025,10.019391492417448,13.378853389877307,13.201567490542669,7.575130769850162,0.7224128606818356
11,9,2021-01-01,2023-12-31,2024-01-01,2024-06-30,2024-07-01,2024-09-30,63,50,0.03,1000,0.8,0.8,train,35525,5.495648327414812,7.196216361845104,8.636345113664408,4.3652199449253715,0.9071939782287379
11,9,2021-01-01,2023-12-31,2024-01-01,2024-06-30,2024-07-01,2024-09-30,63,50,0.03,1000,0.8,0.8,valid,7507,9.954953992671195,13.41189509100384,13.436606501042508,7.581053693317898,0.7274280010118073
11,9,2021-01-01,2023-12-31,2024-01-01,2024-06-30,2024-07-01,2024-09-30,63,50,0.03,1000,0.8,0.8,test,2827,10.363250736898848,13.874360839679406,13.454482854767749,7.998792601863229,0.7088754279947532
11,10,2021-04-01,2024-03-31,2024-04-01,2024-09-30,2024-10-01,2024-12-31,63,50,0.03,1000,0.8,0.8,train,35354,5.5665766969513095,7.286936981918392,8.625886861679225,4.395538338705514,0.9078321418631043
11,10,2021-04-01,2024-03-31,2024-04-01,2024-09-30,2024-10-01,2024-12-31,63,50,0.03,1000,0.8,0.8,valid,6852,9.987213633889887,13.371644338250855,13.216362690060041,7.596790378852141,0.7258037908873191
11,10,2021-04-01,2024-03-31,2024-04-01,2024-09-30,2024-10-01,2024-12-31,63,50,0.03,1000,0.8,0.8,test,2204,10.42179733140353,13.981145237738893,14.7593486094133,7.955837840072427,0.6883822143799445
11,11,2021-07-01,2024-06-30,2024-07-01,2024-12-31,2025-01-01,2025-03-31,63,50,0.03,1000,0.8,0.8,train,36095,5.697055328305813,7.446415195160744,8.64603075687002,4.528642456709036,0.9066684479648801
11,11,2021-07-01,2024-06-30,2024-07-01,2024-12-31,2025-01-01,2025-03-31,63,50,0.03,1000,0.8,0.8,valid,5031,10.258464910174265,13.754957394215895,13.973674832258434,7.759525682476934,0.7079351673571899
11,11,2021-07-01,2024-06-30,2024-07-01,2024-12-31,2025-01-01,2025-03-31,63,50,0.03,1000,0.8,0.8,test,2098,10.432173200282353,13.899644515556561,14.237665673468921,8.0902393872584,0.7014181853471919
11,12,2021-10-01,2024-09-30,2024-10-01,2025-03-31,2025-04-01,2025-06-30,63,50,0.03,1000,0.8,0.8,train,35473,5.752195521699093,7.516906287269341,8.597423371120927,4.5820447802707065,0.9073265169460594
11,12,2021-10-01,2024-09-30,2024-10-01,2025-03-31,2025-04-01,2025-06-30,63,50,0.03,1000,0.8,0.8,valid,4302,10.487277708289032,14.036607478972279,14.543114600733368,8.107165373910984,0.6911902863917947
11,12,2021-10-01,2024-09-30,2024-10-01,2025-03-31,2025-04-01,2025-06-30,63,50,0.03,1000,0.8,0.8,test,2307,10.224957748415367,13.636363709284927,14.040324521683086,7.726540834743531,0.7266262988980074
11,13,2022-01-01,2024-12-31,2025-01-01,2025-06-30,2025-07-01,2025-09-30,63,50,0.03,1000,0.8,0.8,train,33657,5.717761769403383,7.45774497275291,8.46392003038707,4.54555810125288,0.9097117891172436
11,13,2022-01-01,2024-12-31,2025-01-01,2025-06-30,2025-07-01,2025-09-30,63,50,0.03,1000,0.8,0.8,valid,4405,10.255122540333646,13.680969726555096,13.933347969246512,7.882874382940933,0.7183129049826668
11,13,2022-01-01,2024-12-31,2025-01-01,2025-06-30,2025-07-01,2025-09-30,63,50,0.03,1000,0.8,0.8,test,2037,10.035070868982785,13.274632869184286,13.589857532836632,7.705461919084669,0.7449140769898994
11,14,2022-04-01,2025-03-31,2025-04-01,2025-09-30,2025-10-01,2025-12-31,63,50,0.03,1000,0.8,0.8,train,32586,5.67513418229657,7.406039782034217,8.345115826507747,4.549164438455811,0.9119575692404402
11,14,2022-04-01,2025-03-31,2025-04-01,2025-09-30,2025-10-01,2025-12-31,63,50,0.03,1000,0.8,0.8,valid,4344,10.095760734689925,13.387127828327237,13.701335161397713,7.843987195263608,0.7385689067821793
11,14,2022-04-01,2025-03-31,2025-04-01,2025-09-30,2025-10-01,2025-12-31,63,50,0.03,1000,0.8,0.8,test,1904,10.405746704458785,14.091703663034474,13.852370932512898,7.991088069710784,0.7234695393964097
11,15,2022-07-01,2025-06-30,2025-07-01,2025-12-31,2026-01-01,2026-03-31,63,50,0.03,1000,0.8,0.8,train,32133,5.695136006410468,7.440513853097,8.284620254192328,4.54779752185658,0.9122387208220829
11,15,2022-07-01,2025-06-30,2025-07-01,2025-12-31,2026-01-01,2026-03-31,63,50,0.03,1000,0.8,0.8,valid,3941,10.15687677321223,13.589343783848545,13.613151691061557,7.847105455492084,0.7376896651026699
11,15,2022-07-01,2025-06-30,2025-07-01,2025-12-31,2026-01-01,2026-03-31,63,50,0.03,1000,0.8,0.8,test,355,11.031969406483169,14.728892075562156,16.318319211082883,8.344586147334496,0.7473746069503562
12,1,2019-01-01,2021-12-31,2022-01-01,2022-06-30,2022-07-01,2022-09-30,63,100,0.03,1000,0.8,0.8,train,43736,5.4164751784951175,7.190045931579636,9.220091437320441,4.202482836789454,0.8904570684530502
12,1,2019-01-01,2021-12-31,2022-01-01,2022-06-30,2022-07-01,2022-09-30,63,100,0.03,1000,0.8,0.8,valid,5929,9.099467235956368,12.407802888298214,13.343138036442442,6.917367959431985,0.7288162686474775
12,1,2019-01-01,2021-12-31,2022-01-01,2022-06-30,2022-07-01,2022-09-30,63,100,0.03,1000,0.8,0.8,test,969,9.319658219081886,12.30567123195168,13.865028489827452,7.4187748031526155,0.725081118860256
12,2,2019-04-01,2022-03-31,2022-04-01,2022-09-30,2022-10-01,2022-12-31,63,100,0.03,1000,0.8,0.8,train,44005,5.507208786777656,7.301552288612931,9.290844989422693,4.28591578876113,0.8903155424420889
12,2,2019-04-01,2022-03-31,2022-04-01,2022-09-30,2022-10-01,2022-12-31,63,100,0.03,1000,0.8,0.8,valid,3729,8.975216120626074,12.113566998760117,13.464754059843075,6.852838806110739,0.7393145050283267
12,2,2019-04-01,2022-03-31,2022-04-01,2022-09-30,2022-10-01,2022-12-31,63,100,0.03,1000,0.8,0.8,test,1855,9.212782820845856,12.274322232709734,13.814854726736373,7.035842123430186,0.737454705839534
12,3,2019-07-01,2022-06-30,2022-07-01,2022-12-31,2023-01-01,2023-03-31,63,100,0.03,1000,0.8,0.8,train,42903,5.537587348639351,7.346134086931314,9.22971592124492,4.317857119119552,0.8920982981353354
12,3,2019-07-01,2022-06-30,2022-07-01,2022-12-31,2023-01-01,2023-03-31,63,100,0.03,1000,0.8,0.8,valid,2824,9.155228055567363,12.245223041855368,13.68917227761596,7.017354938604374,0.7350607636328168
12,3,2019-07-01,2022-06-30,2022-07-01,2022-12-31,2023-01-01,2023-03-31,63,100,0.03,1000,0.8,0.8,test,2572,9.088949059938033,12.478780817771295,13.675728999597919,7.0263481824858545,0.7025549076608094
12,4,2019-10-01,2022-09-30,2022-10-01,2023-03-31,2023-04-01,2023-06-30,63,100,0.03,1000,0.8,0.8,train,40452,5.50045508168709,7.2883636773599125,9.136097386381268,4.283476048755677,0.894902148066525
12,4,2019-10-01,2022-09-30,2022-10-01,2023-03-31,2023-04-01,2023-06-30,63,100,0.03,1000,0.8,0.8,valid,4427,9.153272273673904,12.392446242832165,13.755548162137437,7.054622268113576,0.7181224204360455
12,4,2019-10-01,2022-09-30,2022-10-01,2023-03-31,2023-04-01,2023-06-30,63,100,0.03,1000,0.8,0.8,test,3175,9.586846426912487,12.929385369392877,13.889615656431156,7.209740144030398,0.7048247320321965
12,5,2020-01-01,2022-12-31,2023-01-01,2023-06-30,2023-07-01,2023-09-30,63,100,0.03,1000,0.8,0.8,train,38519,5.495169730650975,7.275721424620118,9.04024070479361,4.295762469800216,0.8975366237522521
12,5,2020-01-01,2022-12-31,2023-01-01,2023-06-30,2023-07-01,2023-09-30,63,100,0.03,1000,0.8,0.8,valid,5747,9.276568237686021,12.593732926152438,13.708843476641533,7.076973524763616,0.710670069644327
12,5,2020-01-01,2022-12-31,2023-01-01,2023-06-30,2023-07-01,2023-09-30,63,100,0.03,1000,0.8,0.8,test,3144,9.39534663191787,12.804628179906429,13.395519805265243,7.062821428123655,0.7389361288797704
12,6,2020-04-01,2023-03-31,2023-04-01,2023-09-30,2023-10-01,2023-12-31,63,100,0.03,1000,0.8,0.8,train,38109,5.5300091438173355,7.316968047919607,9.001736766678302,4.331960076004492,0.8973789299696479
12,6,2020-04-01,2023-03-31,2023-04-01,2023-09-30,2023-10-01,2023-12-31,63,100,0.03,1000,0.8,0.8,valid,6319,9.420855241821164,12.795219744966703,13.490292762477932,7.161772964273716,0.7260331806324662
12,6,2020-04-01,2023-03-31,2023-04-01,2023-09-30,2023-10-01,2023-12-31,63,100,0.03,1000,0.8,0.8,test,3475,9.503686215877336,12.74347117743356,13.425036220259818,7.311981929676847,0.7235227210688511
12,7,2020-07-01,2023-06-30,2023-07-01,2023-12-31,2024-01-01,2024-03-31,63,100,0.03,1000,0.8,0.8,train,37451,5.608339044432412,7.417385505658002,8.996363063015279,4.388284861680226,0.8969497270599034
12,7,2020-07-01,2023-06-30,2023-07-01,2023-12-31,2024-01-01,2024-03-31,63,100,0.03,1000,0.8,0.8,valid,6619,9.360164149309417,12.65389741202073,13.325312339246755,7.116016355120024,0.7360799547879895
12,7,2020-07-01,2023-06-30,2023-07-01,2023-12-31,2024-01-01,2024-03-31,63,100,0.03,1000,0.8,0.8,test,3482,10.013350845982785,13.600907256737518,13.877331914459145,7.863092712122356,0.7252875654095579
12,8,2020-10-01,2023-09-30,2023-10-01,2024-03-31,2024-04-01,2024-06-30,63,100,0.03,1000,0.8,0.8,train,36225,5.625871304431426,7.425739257825542,8.915534577271725,4.396078736273907,0.8996260486900961
12,8,2020-10-01,2023-09-30,2023-10-01,2024-03-31,2024-04-01,2024-06-30,63,100,0.03,1000,0.8,0.8,valid,6957,9.676937042671426,13.088466848104877,13.585326255462704,7.421639379342395,0.7288234804988336
12,8,2020-10-01,2023-09-30,2023-10-01,2024-03-31,2024-04-01,2024-06-30,63,100,0.03,1000,0.8,0.8,test,4025,9.99622701527926,13.371772847776324,13.15505440128624,7.6415291667308765,0.7227065999543166
12,9,2021-01-01,2023-12-31,2024-01-01,2024-06-30,2024-07-01,2024-09-30,63,100,0.03,1000,0.8,0.8,train,35525,5.6733482200798075,7.476520349207472,8.842751112549271,4.463443924857572,0.8998232884618278
12,9,2021-01-01,2023-12-31,2024-01-01,2024-06-30,2024-07-01,2024-09-30,63,100,0.03,1000,0.8,0.8,valid,7507,10.009553912970192,13.493503613271468,13.49198152810604,7.635622762222482,0.7241008241290559
12,9,2021-01-01,2023-12-31,2024-01-01,2024-06-30,2024-07-01,2024-09-30,63,100,0.03,1000,0.8,0.8,test,2827,10.405011210029826,13.909455482165026,13.52161154790985,7.990784733873959,0.7074007893388563
12,10,2021-04-01,2024-03-31,2024-04-01,2024-09-30,2024-10-01,2024-12-31,63,100,0.03,1000,0.8,0.8,train,35354,5.751581150702699,7.550100343954945,8.860588592300244,4.535561143612675,0.9010547580191253
12,10,2021-04-01,2024-03-31,2024-04-01,2024-09-30,2024-10-01,2024-12-31,63,100,0.03,1000,0.8,0.8,valid,6852,10.022487757743825,13.404335103284492,13.255387604833965,7.677295877109231,0.7244614517182708
12,10,2021-04-01,2024-03-31,2024-04-01,2024-09-30,2024-10-01,2024-12-31,63,100,0.03,1000,0.8,0.8,test,2204,10.426658265251879,13.984338550321775,14.74621224919051,7.91710325211039,0.6882398502718198
12,11,2021-07-01,2024-06-30,2024-07-01,2024-12-31,2025-01-01,2025-03-31,63,100,0.03,1000,0.8,0.8,train,36095,5.8949909833080705,7.73987636112792,8.923181184669986,4.665473866280777,0.8991671509034762
12,11,2021-07-01,2024-06-30,2024-07-01,2024-12-31,2025-01-01,2025-03-31,63,100,0.03,1000,0.8,0.8,valid,5031,10.260122597968264,13.74348624099669,13.981928371981065,7.872968592834042,0.7084221079305688
12,11,2021-07-01,2024-06-30,2024-07-01,2024-12-31,2025-01-01,2025-03-31,63,100,0.03,1000,0.8,0.8,test,2098,10.401347723884715,13.904717866163722,14.152738530491476,8.073856096176982,0.7012001816880685
12,12,2021-10-01,2024-09-30,2024-10-01,2025-03-31,2025-04-01,2025-06-30,63,100,0.03,1000,0.8,0.8,train,35473,5.947573119037975,7.809249269990875,8.849643602727665,4.690836030211955,0.8999779421839854
12,12,2021-10-01,2024-09-30,2024-10-01,2025-03-31,2025-04-01,2025-06-30,63,100,0.03,1000,0.8,0.8,valid,4302,10.467308178178985,13.995244027021583,14.509705280574787,8.012157940144558,0.6930076222712886
12,12,2021-10-01,2024-09-30,2024-10-01,2025-03-31,2025-04-01,2025-06-30,63,100,0.03,1000,0.8,0.8,test,2307,10.371945351904875,13.777092861667942,14.241503386889928,7.995655262061959,0.7209546746402781
12,13,2022-01-01,2024-12-31,2025-01-01,2025-06-30,2025-07-01,2025-09-30,63,100,0.03,1000,0.8,0.8,train,33657,5.917343042709745,7.761034166509677,8.709003263104826,4.695529656812781,0.9022188407095368
12,13,2022-01-01,2024-12-31,2025-01-01,2025-06-30,2025-07-01,2025-09-30,63,100,0.03,1000,0.8,0.8,valid,4405,10.301326499195694,13.696901328463047,14.004828153838528,7.891298993274496,0.7176564691089679
12,13,2022-01-01,2024-12-31,2025-01-01,2025-06-30,2025-07-01,2025-09-30,63,100,0.03,1000,0.8,0.8,test,2037,10.08615234346363,13.338486164410458,13.641935964398142,7.866718866530363,0.7424541594685079
12,14,2022-04-01,2025-03-31,2025-04-01,2025-09-30,2025-10-01,2025-12-31,63,100,0.03,1000,0.8,0.8,train,32586,5.89150817527942,7.73065988531702,8.60060849145325,4.665336849682777,0.9040703021291296
12,14,2022-04-01,2025-03-31,2025-04-01,2025-09-30,2025-10-01,2025-12-31,63,100,0.03,1000,0.8,0.8,valid,4344,10.163575279179488,13.445444060960149,13.806495235146526,7.939970388241704,0.736286283830809
12,14,2022-04-01,2025-03-31,2025-04-01,2025-09-30,2025-10-01,2025-12-31,63,100,0.03,1000,0.8,0.8,test,1904,10.379184959514447,14.064439757501045,13.831450292877692,7.868271766776793,0.7245385381788547
12,15,2022-07-01,2025-06-30,2025-07-01,2025-12-31,2026-01-01,2026-03-31,63,100,0.03,1000,0.8,0.8,train,32133,5.915389351973573,7.770400899432496,8.547042066357452,4.722013622585067,0.9042841330116568
12,15,2022-07-01,2025-06-30,2025-07-01,2025-12-31,2026-01-01,2026-03-31,63,100,0.03,1000,0.8,0.8,valid,3941,10.164264857316695,13.59695454023183,13.636412524908287,7.907042941755485,0.7373957673064155
12,15,2022-07-01,2025-06-30,2025-07-01,2025-12-31,2026-01-01,2026-03-31,63,100,0.03,1000,0.8,0.8,test,355,11.054767546469774,14.620505832668293,16.340025344760996,8.65253417486258,0.7510789414877259
13,1,2019-01-01,2021-12-31,2022-01-01,2022-06-30,2022-07-01,2022-09-30,127,10,0.03,1000,0.8,0.8,train,43736,3.532298553025598,4.593184034807764,6.177046718504205,2.8091684885608785,0.9552957592912894
13,1,2019-01-01,2021-12-31,2022-01-01,2022-06-30,2022-07-01,2022-09-30,127,10,0.03,1000,0.8,0.8,valid,5929,9.095685059137958,12.412605296504848,13.387524567159273,6.924432812821465,0.728606306090628
13,1,2019-01-01,2021-12-31,2022-01-01,2022-06-30,2022-07-01,2022-09-30,127,10,0.03,1000,0.8,0.8,test,969,9.27889937069559,12.254472690378625,13.764370421367703,7.209020863369304,0.727363995527276
13,2,2019-04-01,2022-03-31,2022-04-01,2022-09-30,2022-10-01,2022-12-31,127,10,0.03,1000,0.8,0.8,train,44005,3.589678205959574,4.669888754177081,6.2119863570935925,2.8741908733927204,0.9551329245170471
13,2,2019-04-01,2022-03-31,2022-04-01,2022-09-30,2022-10-01,2022-12-31,127,10,0.03,1000,0.8,0.8,valid,3729,8.908789692002639,12.076755519346953,13.315691557960646,6.757850871190364,0.7408964730699298
13,2,2019-04-01,2022-03-31,2022-04-01,2022-09-30,2022-10-01,2022-12-31,127,10,0.03,1000,0.8,0.8,test,1855,9.284622836440084,12.367334717128868,13.96265844347339,7.076040444797968,0.7334605928216658
13,3,2019-07-01,2022-06-30,2022-07-01,2022-12-31,2023-01-01,2023-03-31,127,10,0.03,1000,0.8,0.8,train,42903,3.5731641574365347,4.642831657728212,6.104657970069097,2.847238900417153,0.9569000797610965
13,3,2019-07-01,2022-06-30,2022-07-01,2022-12-31,2023-01-01,2023-03-31,127,10,0.03,1000,0.8,0.8,valid,2824,9.18642022896247,12.287281160336818,13.818230987834335,6.983907590026103,0.7332376883532972
13,3,2019-07-01,2022-06-30,2022-07-01,2022-12-31,2023-01-01,2023-03-31,127,10,0.03,1000,0.8,0.8,test,2572,9.100834301761745,12.523489407672525,13.795090165159404,6.837417317400728,0.7004197354343322
13,4,2019-10-01,2022-09-30,2022-10-01,2023-03-31,2023-04-01,2023-06-30,127,10,0.03,1000,0.8,0.8,train,40452,3.4588957422774764,4.49637130531324,5.887804440982889,2.76259074198175,0.9600001737636846
13,4,2019-10-01,2022-09-30,2022-10-01,2023-03-31,2023-04-01,2023-06-30,127,10,0.03,1000,0.8,0.8,valid,4427,9.196224436882277,12.456495695175608,13.986700128103264,7.0825633088696875,0.7152011634212343
13,4,2019-10-01,2022-09-30,2022-10-01,2023-03-31,2023-04-01,2023-06-30,127,10,0.03,1000,0.8,0.8,test,3175,9.59564031152139,12.853784559566648,13.939261324973653,7.242344892592158,0.7082665426064656
13,5,2020-01-01,2022-12-31,2023-01-01,2023-06-30,2023-07-01,2023-09-30,127,10,0.03,1000,0.8,0.8,train,38519,3.3977750510284292,4.414110532840352,5.731427148520891,2.6898374726309484,0.9622859697028899
13,5,2020-01-01,2022-12-31,2023-01-01,2023-06-30,2023-07-01,2023-09-30,127,10,0.03,1000,0.8,0.8,valid,5747,9.245474850898479,12.600867274833854,13.66265344126116,6.936273586893044,0.7103421660277729
13,5,2020-01-01,2022-12-31,2023-01-01,2023-06-30,2023-07-01,2023-09-30,127,10,0.03,1000,0.8,0.8,test,3144,9.326834832107158,12.79939677148476,13.271510810903195,6.99098747164205,0.7391494037559792
13,6,2020-04-01,2023-03-31,2023-04-01,2023-09-30,2023-10-01,2023-12-31,127,10,0.03,1000,0.8,0.8,train,38109,3.3940759282771578,4.408662165305625,5.653529549169005,2.703951056749233,0.962744717399081
13,6,2020-04-01,2023-03-31,2023-04-01,2023-09-30,2023-10-01,2023-12-31,127,10,0.03,1000,0.8,0.8,valid,6319,9.41425952427124,12.82566879183328,13.483654153828217,7.062332924112937,0.7247277002206456
13,6,2020-04-01,2023-03-31,2023-04-01,2023-09-30,2023-10-01,2023-12-31,127,10,0.03,1000,0.8,0.8,test,3475,9.48953468953772,12.776100252364618,13.41301011721569,7.4302894642381005,0.7221050936567592
13,7,2020-07-01,2023-06-30,2023-07-01,2023-12-31,2024-01-01,2024-03-31,127,10,0.03,1000,0.8,0.8,train,37451,3.413184462768915,4.4502189625958,5.592984147319247,2.7198068709467123,0.9629054417363939
13,7,2020-07-01,2023-06-30,2023-07-01,2023-12-31,2024-01-01,2024-03-31,127,10,0.03,1000,0.8,0.8,valid,6619,9.306681531137757,12.626205011059636,13.261310658359482,7.060154421244164,0.7372338415710645
13,7,2020-07-01,2023-06-30,2023-07-01,2023-12-31,2024-01-01,2024-03-31,127,10,0.03,1000,0.8,0.8,test,3482,9.9721173571996,13.65423038187934,13.839005045731145,7.5744783140549075,0.7231292916361249
13,8,2020-10-01,2023-09-30,2023-10-01,2024-03-31,2024-04-01,2024-06-30,127,10,0.03,1000,0.8,0.8,train,36225,3.4030681972582184,4.441423559600146,5.492893727164336,2.695289412504991,0.9640924301889526
13,8,2020-10-01,2023-09-30,2023-10-01,2024-03-31,2024-04-01,2024-06-30,127,10,0.03,1000,0.8,0.8,valid,6957,9.672718363143444,13.133639734156697,13.550765070079574,7.50017460190675,0.7269483998833455
13,8,2020-10-01,2023-09-30,2023-10-01,2024-03-31,2024-04-01,2024-06-30,127,10,0.03,1000,0.8,0.8,test,4025,10.105387466282563,13.530160562781408,13.268685603951901,7.630328079700078,0.7160986531388833
13,9,2021-01-01,2023-12-31,2024-01-01,2024-06-30,2024-07-01,2024-09-30,127,10,0.03,1000,0.8,0.8,train,35525,3.3894760722859685,4.41104357452411,5.39928196929429,2.7060762389659487,0.9651301220120119
13,9,2021-01-01,2023-12-31,2024-01-01,2024-06-30,2024-07-01,2024-09-30,127,10,0.03,1000,0.8,0.8,valid,7507,10.009288739917919,13.490369612027534,13.49751897815887,7.612486698220209,0.7242289699348035
13,9,2021-01-01,2023-12-31,2024-01-01,2024-06-30,2024-07-01,2024-09-30,127,10,0.03,1000,0.8,0.8,test,2827,10.398759851242565,13.992752100935832,13.499476435074149,8.047008889094073,0.703885841937647
13,10,2021-04-01,2024-03-31,2024-04-01,2024-09-30,2024-10-01,2024-12-31,127,10,0.03,1000,0.8,0.8,train,35354,3.4319863779021236,4.4701174137370385,5.414213192232588,2.7336407228913515,0.9653161476342444
13,10,2021-04-01,2024-03-31,2024-04-01,2024-09-30,2024-10-01,2024-12-31,127,10,0.03,1000,0.8,0.8,valid,6852,10.081626395153801,13.51950198589004,13.322002556826677,7.663601348812531,0.7197063875905201
13,10,2021-04-01,2024-03-31,2024-04-01,2024-09-30,2024-10-01,2024-12-31,127,10,0.03,1000,0.8,0.8,test,2204,10.445312102161436,13.972241778144266,14.820346825885993,7.8601525718503815,0.6887789762898417
13,11,2021-07-01,2024-06-30,2024-07-01,2024-12-31,2025-01-01,2025-03-31,127,10,0.03,1000,0.8,0.8,train,36095,3.552955066283912,4.610325013280279,5.499014983355037,2.834598606258126,0.9642235637222529
13,11,2021-07-01,2024-06-30,2024-07-01,2024-12-31,2025-01-01,2025-03-31,127,10,0.03,1000,0.8,0.8,valid,5031,10.275047760709622,13.815171569957927,14.024856845229822,7.7761859435769765,0.7053724641563494
13,11,2021-07-01,2024-06-30,2024-07-01,2024-12-31,2025-01-01,2025-03-31,127,10,0.03,1000,0.8,0.8,test,2098,10.510737120320053,13.986062090783413,14.33513296276363,8.33274208000411,0.697693927884472
13,12,2021-10-01,2024-09-30,2024-10-01,2025-03-31,2025-04-01,2025-06-30,127,10,0.03,1000,0.8,0.8,train,35473,3.546489119721701,4.600250397144168,5.41150170359848,2.8355975654280385,0.965291155398901
13,12,2021-10-01,2024-09-30,2024-10-01,2025-03-31,2025-04-01,2025-06-30,127,10,0.03,1000,0.8,0.8,valid,4302,10.479797959602191,13.995850774345458,14.590753867851818,8.099193901190773,0.6929810031082407
13,12,2021-10-01,2024-09-30,2024-10-01,2025-03-31,2025-04-01,2025-06-30,127,10,0.03,1000,0.8,0.8,test,2307,10.281015913161117,13.670832942087515,14.166919249576381,7.879496528529714,0.725242514864665
13,13,2022-01-01,2024-12-31,2025-01-01,2025-06-30,2025-07-01,2025-09-30,127,10,0.03,1000,0.8,0.8,train,33657,3.436062651436687,4.459011293629723,5.1694371016788985,2.7632149333362435,0.9677230019576926
13,13,2022-01-01,2024-12-31,2025-01-01,2025-06-30,2025-07-01,2025-09-30,127,10,0.03,1000,0.8,0.8,valid,4405,10.297589004433108,13.727060025982412,14.03120711502056,7.970251253084783,0.7164117368157716
13,13,2022-01-01,2024-12-31,2025-01-01,2025-06-30,2025-07-01,2025-09-30,127,10,0.03,1000,0.8,0.8,test,2037,10.141382304144695,13.443644743101864,13.73543465798665,7.781057607129426,0.7383772479028571
13,14,2022-04-01,2025-03-31,2025-04-01,2025-09-30,2025-10-01,2025-12-31,127,10,0.03,1000,0.8,0.8,train,32586,3.3671851223826414,4.371691848925255,5.017683615597097,2.696690896419053,0.9693225662351808
13,14,2022-04-01,2025-03-31,2025-04-01,2025-09-30,2025-10-01,2025-12-31,127,10,0.03,1000,0.8,0.8,valid,4344,10.127696697936978,13.498201737971634,13.797888469922148,7.820990693859493,0.7342126864113088
13,14,2022-04-01,2025-03-31,2025-04-01,2025-09-30,2025-10-01,2025-12-31,127,10,0.03,1000,0.8,0.8,test,1904,10.501128274963046,14.145969233419097,14.03529901235615,8.109099627128987,0.7213356630526315
13,15,2022-07-01,2025-06-30,2025-07-01,2025-12-31,2026-01-01,2026-03-31,127,10,0.03,1000,0.8,0.8,train,32133,3.3651638576024507,4.37377910458666,4.971805030193057,2.694647422758109,0.9696743040473863
13,15,2022-07-01,2025-06-30,2025-07-01,2025-12-31,2026-01-01,2026-03-31,127,10,0.03,1000,0.8,0.8,valid,3941,10.171684413899284,13.596904211088901,13.624119705827512,7.862755231389556,0.7373977113625585
13,15,2022-07-01,2025-06-30,2025-07-01,2025-12-31,2026-01-01,2026-03-31,127,10,0.03,1000,0.8,0.8,test,355,11.081537138076355,14.69286286810762,16.511364242370536,8.554519907071622,0.7486090189225322
14,1,2019-01-01,2021-12-31,2022-01-01,2022-06-30,2022-07-01,2022-09-30,127,20,0.03,1000,0.8,0.8,train,43736,3.5524092601689206,4.668160887312991,6.202428329970367,2.8022548284512716,0.95382438794709
14,1,2019-01-01,2021-12-31,2022-01-01,2022-06-30,2022-07-01,2022-09-30,127,20,0.03,1000,0.8,0.8,valid,5929,9.084717895781484,12.424336038412394,13.351865319853532,6.925745083890746,0.7280930933229195
14,1,2019-01-01,2021-12-31,2022-01-01,2022-06-30,2022-07-01,2022-09-30,127,20,0.03,1000,0.8,0.8,test,969,9.338694556765287,12.321907193663346,13.845671294922226,7.43481579363997,0.7243551906378967
14,2,2019-04-01,2022-03-31,2022-04-01,2022-09-30,2022-10-01,2022-12-31,127,20,0.03,1000,0.8,0.8,train,44005,3.6187191330385087,4.761015657382145,6.245710847650458,2.8479143358177694,0.9533647926674553
14,2,2019-04-01,2022-03-31,2022-04-01,2022-09-30,2022-10-01,2022-12-31,127,20,0.03,1000,0.8,0.8,valid,3729,8.948087289691442,12.09313887239512,13.360132419361317,6.885600542947131,0.7401929953968742
14,2,2019-04-01,2022-03-31,2022-04-01,2022-09-30,2022-10-01,2022-12-31,127,20,0.03,1000,0.8,0.8,test,1855,9.213999985798132,12.37770808865825,13.779824157311182,7.000602372070162,0.7330132738274971
14,3,2019-07-01,2022-06-30,2022-07-01,2022-12-31,2023-01-01,2023-03-31,127,20,0.03,1000,0.8,0.8,train,42903,3.6113412149137307,4.748723096417353,6.171907088200672,2.8404616990857505,0.9549116560373851
14,3,2019-07-01,2022-06-30,2022-07-01,2022-12-31,2023-01-01,2023-03-31,127,20,0.03,1000,0.8,0.8,valid,2824,9.105024815806875,12.212785441725089,13.658737749994101,6.965529151339307,0.7364625527604658
14,3,2019-07-01,2022-06-30,2022-07-01,2022-12-31,2023-01-01,2023-03-31,127,20,0.03,1000,0.8,0.8,test,2572,9.077801089086373,12.498888804180133,13.706812537609506,6.78325959967469,0.7015955445957888
14,4,2019-10-01,2022-09-30,2022-10-01,2023-03-31,2023-04-01,2023-06-30,127,20,0.03,1000,0.8,0.8,train,40452,3.4905743925567285,4.597948496268144,5.936377756647558,2.7276115990412997,0.9581724936344151
14,4,2019-10-01,2022-09-30,2022-10-01,2023-03-31,2023-04-01,2023-06-30,127,20,0.03,1000,0.8,0.8,valid,4427,9.227676017007761,12.541053209796607,13.874849770024372,7.052046079523365,0.7113214818456361
14,4,2019-10-01,2022-09-30,2022-10-01,2023-03-31,2023-04-01,2023-06-30,127,20,0.03,1000,0.8,0.8,test,3175,9.521263027537653,12.879873791331809,13.800192861659575,7.039305115736035,0.7070810822703482
14,5,2020-01-01,2022-12-31,2023-01-01,2023-06-30,2023-07-01,2023-09-30,127,20,0.03,1000,0.8,0.8,train,38519,3.433185900937166,4.524474238961866,5.75434508020558,2.693103477209249,0.9603765052541887
14,5,2020-01-01,2022-12-31,2023-01-01,2023-06-30,2023-07-01,2023-09-30,127,20,0.03,1000,0.8,0.8,valid,5747,9.259739148097136,12.621846825415426,13.687013401211761,7.005028962230057,0.7093768435871834
14,5,2020-01-01,2022-12-31,2023-01-01,2023-06-30,2023-07-01,2023-09-30,127,20,0.03,1000,0.8,0.8,test,3144,9.325089193299426,12.7546596244352,13.281656026381809,7.002327108271615,0.7409696953502307
14,6,2020-04-01,2023-03-31,2023-04-01,2023-09-30,2023-10-01,2023-12-31,127,20,0.03,1000,0.8,0.8,train,38109,3.434288920714136,4.523187206925429,5.7014522453659096,2.6863611205778994,0.9607839951796969
14,6,2020-04-01,2023-03-31,2023-04-01,2023-09-30,2023-10-01,2023-12-31,127,20,0.03,1000,0.8,0.8,valid,6319,9.413777846858347,12.825605951671164,13.48533146525387,7.103293988729817,0.7247303976415518
14,6,2020-04-01,2023-03-31,2023-04-01,2023-09-30,2023-10-01,2023-12-31,127,20,0.03,1000,0.8,0.8,test,3475,9.443515791097285,12.750462801882119,13.328433966280285,7.267566042275348,0.7232192628435457
14,7,2020-07-01,2023-06-30,2023-07-01,2023-12-31,2024-01-01,2024-03-31,127,20,0.03,1000,0.8,0.8,train,37451,3.4593456119961767,4.566316332575381,5.6595586883943865,2.6915657490582987,0.9609447491243664
14,7,2020-07-01,2023-06-30,2023-07-01,2023-12-31,2024-01-01,2024-03-31,127,20,0.03,1000,0.8,0.8,valid,6619,9.337422432795965,12.645506732398434,13.304958700732872,7.133117017849955,0.7364298445139177
14,7,2020-07-01,2023-06-30,2023-07-01,2023-12-31,2024-01-01,2024-03-31,127,20,0.03,1000,0.8,0.8,test,3482,9.967300130308386,13.62781666122868,13.811728361953227,7.49364888803558,0.7241994525705651
14,8,2020-10-01,2023-09-30,2023-10-01,2024-03-31,2024-04-01,2024-06-30,127,20,0.03,1000,0.8,0.8,train,36225,3.425585111852835,4.514895852797941,5.52007161201234,2.669217281007988,0.9628946012580321
14,8,2020-10-01,2023-09-30,2023-10-01,2024-03-31,2024-04-01,2024-06-30,127,20,0.03,1000,0.8,0.8,valid,6957,9.675331061143615,13.127431933820846,13.539826264532307,7.486587423334328,0.7272064622719281
14,8,2020-10-01,2023-09-30,2023-10-01,2024-03-31,2024-04-01,2024-06-30,127,20,0.03,1000,0.8,0.8,test,4025,10.112307453545244,13.468727564166766,13.280918094170277,7.719023168821252,0.7186708792684366
14,9,2021-01-01,2023-12-31,2024-01-01,2024-06-30,2024-07-01,2024-09-30,127,20,0.03,1000,0.8,0.8,train,35525,3.4414126243263317,4.54065359213942,5.470876831550088,2.683625985885051,0.9630508482029305
14,9,2021-01-01,2023-12-31,2024-01-01,2024-06-30,2024-07-01,2024-09-30,127,20,0.03,1000,0.8,0.8,valid,7507,9.942344968164848,13.425213170336868,13.409741413852547,7.595251920450977,0.7268864015058079
14,9,2021-01-01,2023-12-31,2024-01-01,2024-06-30,2024-07-01,2024-09-30,127,20,0.03,1000,0.8,0.8,test,2827,10.388818467973511,13.928155293571026,13.520635682075707,8.093398385724797,0.7066135222847336
14,10,2021-04-01,2024-03-31,2024-04-01,2024-09-30,2024-10-01,2024-12-31,127,20,0.03,1000,0.8,0.8,train,35354,3.440068103566861,4.514859598544637,5.402271459413162,2.7224389704793595,0.9646183594272402
14,10,2021-04-01,2024-03-31,2024-04-01,2024-09-30,2024-10-01,2024-12-31,127,20,0.03,1000,0.8,0.8,valid,6852,10.034853346879206,13.463373657310404,13.253768437482519,7.686070147038585,0.7220289219866971
14,10,2021-04-01,2024-03-31,2024-04-01,2024-09-30,2024-10-01,2024-12-31,127,20,0.03,1000,0.8,0.8,test,2204,10.449783109024803,14.011441224934618,14.774360930213412,7.83992803241879,0.6870302511515813
14,11,2021-07-01,2024-06-30,2024-07-01,2024-12-31,2025-01-01,2025-03-31,127,20,0.03,1000,0.8,0.8,train,36095,3.583766704878085,4.713062189014545,5.518099131555757,2.796575662498583,0.9626113027698113
14,11,2021-07-01,2024-06-30,2024-07-01,2024-12-31,2025-01-01,2025-03-31,127,20,0.03,1000,0.8,0.8,valid,5031,10.286160890650667,13.822193497921695,14.021730611630403,7.9127894969354315,0.7050728834964652
14,11,2021-07-01,2024-06-30,2024-07-01,2024-12-31,2025-01-01,2025-03-31,127,20,0.03,1000,0.8,0.8,test,2098,10.476519789510844,14.008678489352217,14.253285017235163,8.111364142921843,0.6967154390752606
14,12,2021-10-01,2024-09-30,2024-10-01,2025-03-31,2025-04-01,2025-06-30,127,20,0.03,1000,0.8,0.8,train,35473,3.597274292853598,4.730047520061906,5.4597768860565665,2.8218667891573403,0.9633048876499136
14,12,2021-10-01,2024-09-30,2024-10-01,2025-03-31,2025-04-01,2025-06-30,127,20,0.03,1000,0.8,0.8,valid,4302,10.44055511744859,13.978304749481984,14.502784631181727,8.082027106212642,0.6937503148610473
14,12,2021-10-01,2024-09-30,2024-10-01,2025-03-31,2025-04-01,2025-06-30,127,20,0.03,1000,0.8,0.8,test,2307,10.28367454737913,13.724817431916174,14.173124331658887,7.996690460646974,0.7230682612703798
14,13,2022-01-01,2024-12-31,2025-01-01,2025-06-30,2025-07-01,2025-09-30,127,20,0.03,1000,0.8,0.8,train,33657,3.4965508297117327,4.606511303187207,5.221299270708055,2.7537366423642027,0.965552296568465
14,13,2022-01-01,2024-12-31,2025-01-01,2025-06-30,2025-07-01,2025-09-30,127,20,0.03,1000,0.8,0.8,valid,4405,10.323190771991259,13.759885526130974,14.057515991989348,7.962574347460588,0.7150538267069161
14,13,2022-01-01,2024-12-31,2025-01-01,2025-06-30,2025-07-01,2025-09-30,127,20,0.03,1000,0.8,0.8,test,2037,10.1376379747604,13.387353433367867,13.739880257584202,7.96718599504505,0.7405635976582099
14,14,2022-04-01,2025-03-31,2025-04-01,2025-09-30,2025-10-01,2025-12-31,127,20,0.03,1000,0.8,0.8,train,32586,3.4068806928346875,4.473353724413949,5.064289659431056,2.6826949694691606,0.9678791947020103
14,14,2022-04-01,2025-03-31,2025-04-01,2025-09-30,2025-10-01,2025-12-31,127,20,0.03,1000,0.8,0.8,valid,4344,10.142847759592518,13.471052103984105,13.80103638530612,7.914595375533544,0.7352807948062234
14,14,2022-04-01,2025-03-31,2025-04-01,2025-09-30,2025-10-01,2025-12-31,127,20,0.03,1000,0.8,0.8,test,1904,10.414734167987312,14.095895928461102,13.894736204707394,7.895601445286054,0.7233049799420385
14,15,2022-07-01,2025-06-30,2025-07-01,2025-12-31,2026-01-01,2026-03-31,127,20,0.03,1000,0.8,0.8,train,32133,3.4056286237356552,4.480926207221772,5.007126441479087,2.6849509287167876,0.968170290910777
14,15,2022-07-01,2025-06-30,2025-07-01,2025-12-31,2026-01-01,2026-03-31,127,20,0.03,1000,0.8,0.8,valid,3941,10.209945396761276,13.640171431319239,13.661139917327258,7.8452354789631755,0.7357237790150781
14,15,2022-07-01,2025-06-30,2025-07-01,2025-12-31,2026-01-01,2026-03-31,127,20,0.03,1000,0.8,0.8,test,355,11.109271678989916,14.728851750329557,16.408681629102702,8.687088904358802,0.7473759902402517
15,1,2019-01-01,2021-12-31,2022-01-01,2022-06-30,2022-07-01,2022-09-30,127,50,0.03,1000,0.8,0.8,train,43736,3.6936343317056832,4.877857924127284,6.399865681765422,2.882003882214107,0.9495827303361543
15,1,2019-01-01,2021-12-31,2022-01-01,2022-06-30,2022-07-01,2022-09-30,127,50,0.03,1000,0.8,0.8,valid,5929,9.092124329851105,12.46028865340895,13.357406578386152,6.80944610596201,0.726517168703934
15,1,2019-01-01,2021-12-31,2022-01-01,2022-06-30,2022-07-01,2022-09-30,127,50,0.03,1000,0.8,0.8,test,969,9.346069832892438,12.43842791205876,13.916580754682368,7.3240594557420025,0.719117333806077
15,2,2019-04-01,2022-03-31,2022-04-01,2022-09-30,2022-10-01,2022-12-31,127,50,0.03,1000,0.8,0.8,train,44005,3.758153527140832,4.965743839494427,6.436446244178827,2.933407136662396,0.9492678442099786
15,2,2019-04-01,2022-03-31,2022-04-01,2022-09-30,2022-10-01,2022-12-31,127,50,0.03,1000,0.8,0.8,valid,3729,8.951164623864816,12.107900175610778,13.373950943203974,6.787185156029835,0.7395583494815885
15,2,2019-04-01,2022-03-31,2022-04-01,2022-09-30,2022-10-01,2022-12-31,127,50,0.03,1000,0.8,0.8,test,1855,9.178843572567859,12.317597045591793,13.730054028846874,7.0303646531546065,0.7356001632094991
15,3,2019-07-01,2022-06-30,2022-07-01,2022-12-31,2023-01-01,2023-03-31,127,50,0.03,1000,0.8,0.8,train,42903,3.760443733227377,4.96866056897351,6.378597871472018,2.9466351084637523,0.9506383974666953
15,3,2019-07-01,2022-06-30,2022-07-01,2022-12-31,2023-01-01,2023-03-31,127,50,0.03,1000,0.8,0.8,valid,2824,9.149492982350926,12.22236928219404,13.722446247766374,6.92192353261871,0.7360487746144254
15,3,2019-07-01,2022-06-30,2022-07-01,2022-12-31,2023-01-01,2023-03-31,127,50,0.03,1000,0.8,0.8,test,2572,9.051527791459282,12.481306671682693,13.617735504426035,6.825051181392681,0.7024344826133295
15,4,2019-10-01,2022-09-30,2022-10-01,2023-03-31,2023-04-01,2023-06-30,127,50,0.03,1000,0.8,0.8,train,40452,3.646414217428569,4.820258255973253,6.149076959145374,2.8418022814778077,0.9540300126951664
15,4,2019-10-01,2022-09-30,2022-10-01,2023-03-31,2023-04-01,2023-06-30,127,50,0.03,1000,0.8,0.8,valid,4427,9.092159469138208,12.393068235680762,13.643602667622199,6.917781955050216,0.7180941241279319
15,4,2019-10-01,2022-09-30,2022-10-01,2023-03-31,2023-04-01,2023-06-30,127,50,0.03,1000,0.8,0.8,test,3175,9.481179677239577,12.84245383684497,13.703931985486415,7.121314051358617,0.7087806470654492
15,5,2020-01-01,2022-12-31,2023-01-01,2023-06-30,2023-07-01,2023-09-30,127,50,0.03,1000,0.8,0.8,train,38519,3.6012915531244305,4.7676149517002555,6.012182628898564,2.8086137562501534,0.9560034235379318
15,5,2020-01-01,2022-12-31,2023-01-01,2023-06-30,2023-07-01,2023-09-30,127,50,0.03,1000,0.8,0.8,valid,5747,9.278742953649893,12.631210651343606,13.697461978097,6.943224121841965,0.7089454718342123
15,5,2020-01-01,2022-12-31,2023-01-01,2023-06-30,2023-07-01,2023-09-30,127,50,0.03,1000,0.8,0.8,test,3144,9.34374654667213,12.737059064944914,13.326932899072919,7.07407419715528,0.7416840903733106
15,6,2020-04-01,2023-03-31,2023-04-01,2023-09-30,2023-10-01,2023-12-31,127,50,0.03,1000,0.8,0.8,train,38109,3.6041089075488957,4.770903507842233,5.963059610717688,2.8101383502287405,0.9563709770166177
15,6,2020-04-01,2023-03-31,2023-04-01,2023-09-30,2023-10-01,2023-12-31,127,50,0.03,1000,0.8,0.8,valid,6319,9.389790941671846,12.79820798983509,13.460224652988426,7.129817436271601,0.7259051991585665
15,6,2020-04-01,2023-03-31,2023-04-01,2023-09-30,2023-10-01,2023-12-31,127,50,0.03,1000,0.8,0.8,test,3475,9.511333446252639,12.783987713177977,13.418835868358123,7.346721874477794,0.7217618650138287
15,7,2020-07-01,2023-06-30,2023-07-01,2023-12-31,2024-01-01,2024-03-31,127,50,0.03,1000,0.8,0.8,train,37451,3.6163642327832815,4.779192088979874,5.897169043376251,2.8261038700965955,0.9572184597240706
15,7,2020-07-01,2023-06-30,2023-07-01,2023-12-31,2024-01-01,2024-03-31,127,50,0.03,1000,0.8,0.8,valid,6619,9.348195467395646,12.662882267813842,13.313185249520554,7.061554103451563,0.7357050307103372
15,7,2020-07-01,2023-06-30,2023-07-01,2023-12-31,2024-01-01,2024-03-31,127,50,0.03,1000,0.8,0.8,test,3482,9.980895514776442,13.582220364149071,13.834333926053691,7.706100191199596,0.7260419261406341
15,8,2020-10-01,2023-09-30,2023-10-01,2024-03-31,2024-04-01,2024-06-30,127,50,0.03,1000,0.8,0.8,train,36225,3.5828263335484567,4.727649993594269,5.769076029175725,2.8074377134121633,0.95931519276258
15,8,2020-10-01,2023-09-30,2023-10-01,2024-03-31,2024-04-01,2024-06-30,127,50,0.03,1000,0.8,0.8,valid,6957,9.679009371190777,13.121150424963838,13.54531082432698,7.384348752838555,0.7274674645855317
15,8,2020-10-01,2023-09-30,2023-10-01,2024-03-31,2024-04-01,2024-06-30,127,50,0.03,1000,0.8,0.8,test,4025,10.069778237349505,13.492915221197475,13.209185984704428,7.751435747350314,0.7176595287431362
15,9,2021-01-01,2023-12-31,2024-01-01,2024-06-30,2024-07-01,2024-09-30,127,50,0.03,1000,0.8,0.8,train,35525,3.5818211072053865,4.725229187995572,5.672547812828148,2.811729923157671,0.9599858599618439
15,9,2021-01-01,2023-12-31,2024-01-01,2024-06-30,2024-07-01,2024-09-30,127,50,0.03,1000,0.8,0.8,valid,7507,10.007681177265987,13.474971059768983,13.506294599206973,7.692362502695261,0.7248581670843888
15,9,2021-01-01,2023-12-31,2024-01-01,2024-06-30,2024-07-01,2024-09-30,127,50,0.03,1000,0.8,0.8,test,2827,10.453391826721111,14.01792431926235,13.575379728450171,8.149442889632176,0.702819496343446
15,10,2021-04-01,2024-03-31,2024-04-01,2024-09-30,2024-10-01,2024-12-31,127,50,0.03,1000,0.8,0.8,train,35354,3.6098431176842074,4.7569552207081625,5.643729677795433,2.824940044355099,0.960722160226142
15,10,2021-04-01,2024-03-31,2024-04-01,2024-09-30,2024-10-01,2024-12-31,127,50,0.03,1000,0.8,0.8,valid,6852,10.012181889097354,13.395501285979783,13.241116977104689,7.745409098491489,0.7248245066736418
15,10,2021-04-01,2024-03-31,2024-04-01,2024-09-30,2024-10-01,2024-12-31,127,50,0.03,1000,0.8,0.8,test,2204,10.465329413172501,14.027328358149713,14.839869096853242,7.964181945511065,0.68632011563895
15,11,2021-07-01,2024-06-30,2024-07-01,2024-12-31,2025-01-01,2025-03-31,127,50,0.03,1000,0.8,0.8,train,36095,3.746695235075417,4.934211833268097,5.754399888252152,2.9433501631510666,0.959020224658618
15,11,2021-07-01,2024-06-30,2024-07-01,2024-12-31,2025-01-01,2025-03-31,127,50,0.03,1000,0.8,0.8,valid,5031,10.268433497556815,13.76115626361159,13.950768500762464,7.862342905703684,0.7076718616037373
15,11,2021-07-01,2024-06-30,2024-07-01,2024-12-31,2025-01-01,2025-03-31,127,50,0.03,1000,0.8,0.8,test,2098,10.42668438332584,13.905492514756777,14.198414275855557,8.296344570314858,0.7011668877645698
15,12,2021-10-01,2024-09-30,2024-10-01,2025-03-31,2025-04-01,2025-06-30,127,50,0.03,1000,0.8,0.8,train,35473,3.7523457825342668,4.9290103703055115,5.650135131331318,2.954065062784281,0.9601529038496348
15,12,2021-10-01,2024-09-30,2024-10-01,2025-03-31,2025-04-01,2025-06-30,127,50,0.03,1000,0.8,0.8,valid,4302,10.489356543751487,14.013433752745307,14.557901596490275,8.077120067461834,0.6922091030039204
15,12,2021-10-01,2024-09-30,2024-10-01,2025-03-31,2025-04-01,2025-06-30,127,50,0.03,1000,0.8,0.8,test,2307,10.338006474204542,13.736492381931123,14.18980395678087,7.9913166115405545,0.7225969195769741
15,13,2022-01-01,2024-12-31,2025-01-01,2025-06-30,2025-07-01,2025-09-30,127,50,0.03,1000,0.8,0.8,train,33657,3.6519990751244555,4.799063816461816,5.444505915079145,2.889855787476691,0.9626122748461309
15,13,2022-01-01,2024-12-31,2025-01-01,2025-06-30,2025-07-01,2025-09-30,127,50,0.03,1000,0.8,0.8,valid,4405,10.299154419194329,13.74552789003574,13.987603794346262,7.950498956917684,0.7156481658117552
15,13,2022-01-01,2024-12-31,2025-01-01,2025-06-30,2025-07-01,2025-09-30,127,50,0.03,1000,0.8,0.8,test,2037,10.159137972963604,13.451674625093665,13.71786560582102,8.079777162853148,0.7380646202978902
15,14,2022-04-01,2025-03-31,2025-04-01,2025-09-30,2025-10-01,2025-12-31,127,50,0.03,1000,0.8,0.8,train,32586,3.575607222801319,4.7010382329397125,5.294149913958771,2.836038732317018,0.9645262166049942
15,14,2022-04-01,2025-03-31,2025-04-01,2025-09-30,2025-10-01,2025-12-31,127,50,0.03,1000,0.8,0.8,valid,4344,10.134937470574059,13.455768534024921,13.771024148890637,7.9278703223795475,0.7358811279280364
15,14,2022-04-01,2025-03-31,2025-04-01,2025-09-30,2025-10-01,2025-12-31,127,50,0.03,1000,0.8,0.8,test,1904,10.468453372262543,14.116060117773726,13.939920917865434,8.140919865430384,0.7225127888797616
15,15,2022-07-01,2025-06-30,2025-07-01,2025-12-31,2026-01-01,2026-03-31,127,50,0.03,1000,0.8,0.8,train,32133,3.577226085352809,4.7180765343176185,5.232566942288658,2.8462006436297997,0.9647119996929653
15,15,2022-07-01,2025-06-30,2025-07-01,2025-12-31,2026-01-01,2026-03-31,127,50,0.03,1000,0.8,0.8,valid,3941,10.193068251684128,13.675557931753858,13.62702840577557,7.800412079075656,0.734350784358856
15,15,2022-07-01,2025-06-30,2025-07-01,2025-12-31,2026-01-01,2026-03-31,127,50,0.03,1000,0.8,0.8,test,355,10.972968970731669,14.69256562932424,16.200748888218556,8.650416066614781,0.7486191901729151
16,1,2019-01-01,2021-12-31,2022-01-01,2022-06-30,2022-07-01,2022-09-30,127,100,0.03,1000,0.8,0.8,train,43736,3.9034157571287222,5.193368854524911,6.700106650592454,3.0249572874294195,0.9428495877073738
16,1,2019-01-01,2021-12-31,2022-01-01,2022-06-30,2022-07-01,2022-09-30,127,100,0.03,1000,0.8,0.8,valid,5929,9.108674418007169,12.430411835189538,13.342600459267926,6.864711496929459,0.7278270903673703
16,1,2019-01-01,2021-12-31,2022-01-01,2022-06-30,2022-07-01,2022-09-30,127,100,0.03,1000,0.8,0.8,test,969,9.453426664015975,12.519052774883965,14.036714296315036,7.601757181334058,0.7154642159436846
16,2,2019-04-01,2022-03-31,2022-04-01,2022-09-30,2022-10-01,2022-12-31,127,100,0.03,1000,0.8,0.8,train,44005,3.9739910681135577,5.283278608445343,6.747664178797126,3.0861313128879573,0.9425722608285645
16,2,2019-04-01,2022-03-31,2022-04-01,2022-09-30,2022-10-01,2022-12-31,127,100,0.03,1000,0.8,0.8,valid,3729,8.97674779185766,12.157646485660843,13.442254174351422,6.893245873406862,0.7374138609525578
16,2,2019-04-01,2022-03-31,2022-04-01,2022-09-30,2022-10-01,2022-12-31,127,100,0.03,1000,0.8,0.8,test,1855,9.248399166819087,12.381692443018954,13.830946695008267,7.0660653292178495,0.7328413613972623
16,3,2019-07-01,2022-06-30,2022-07-01,2022-12-31,2023-01-01,2023-03-31,127,100,0.03,1000,0.8,0.8,train,42903,3.972694020187406,5.273968973223598,6.693899462277948,3.0886665234996116,0.944385795009205
16,3,2019-07-01,2022-06-30,2022-07-01,2022-12-31,2023-01-01,2023-03-31,127,100,0.03,1000,0.8,0.8,valid,2824,9.190351732707674,12.256941731260229,13.714682709974804,7.052375661690032,0.7345534268156259
16,3,2019-07-01,2022-06-30,2022-07-01,2022-12-31,2023-01-01,2023-03-31,127,100,0.03,1000,0.8,0.8,test,2572,9.083416380939061,12.524642219193824,13.595415225094323,6.886582888229068,0.7003645790055107
16,4,2019-10-01,2022-09-30,2022-10-01,2023-03-31,2023-04-01,2023-06-30,127,100,0.03,1000,0.8,0.8,train,40452,3.8844081991303643,5.145996944704211,6.5038635756183645,3.03049373641403,0.9476070541793807
16,4,2019-10-01,2022-09-30,2022-10-01,2023-03-31,2023-04-01,2023-06-30,127,100,0.03,1000,0.8,0.8,valid,4427,9.132588629269286,12.412874980683123,13.65835134217951,7.010802315104769,0.7171923135981983
16,4,2019-10-01,2022-09-30,2022-10-01,2023-03-31,2023-04-01,2023-06-30,127,100,0.03,1000,0.8,0.8,test,3175,9.548880727903034,12.923645388804674,13.76987104031555,7.276363301492324,0.705086759061148
16,5,2020-01-01,2022-12-31,2023-01-01,2023-06-30,2023-07-01,2023-09-30,127,100,0.03,1000,0.8,0.8,train,38519,3.838217153900744,5.090870939066796,6.364530603980724,2.9962056624819056,0.9498350120912012
16,5,2020-01-01,2022-12-31,2023-01-01,2023-06-30,2023-07-01,2023-09-30,127,100,0.03,1000,0.8,0.8,valid,5747,9.303527931096278,12.65842001998137,13.710435489753458,6.993689307303185,0.7076901781146079
16,5,2020-01-01,2022-12-31,2023-01-01,2023-06-30,2023-07-01,2023-09-30,127,100,0.03,1000,0.8,0.8,test,3144,9.445351544042122,12.898668103701615,13.430376345718672,7.129161224903896,0.735087430114405
16,6,2020-04-01,2023-03-31,2023-04-01,2023-09-30,2023-10-01,2023-12-31,127,100,0.03,1000,0.8,0.8,train,38109,3.8623878907661515,5.123171326295336,6.34122294871406,3.001458062374759,0.9496902706731092
16,6,2020-04-01,2023-03-31,2023-04-01,2023-09-30,2023-10-01,2023-12-31,127,100,0.03,1000,0.8,0.8,valid,6319,9.433242070742624,12.827689434985533,13.484208174033938,7.106168090695036,0.7246409568449226
16,6,2020-04-01,2023-03-31,2023-04-01,2023-09-30,2023-10-01,2023-12-31,127,100,0.03,1000,0.8,0.8,test,3475,9.533052386610727,12.801749823142062,13.436344932709265,7.420679481093124,0.7209881581326341
16,7,2020-07-01,2023-06-30,2023-07-01,2023-12-31,2024-01-01,2024-03-31,127,100,0.03,1000,0.8,0.8,train,37451,3.872552326774316,5.126218665692475,6.267290706726348,3.0237950905793696,0.9507799898291309
16,7,2020-07-01,2023-06-30,2023-07-01,2023-12-31,2024-01-01,2024-03-31,127,100,0.03,1000,0.8,0.8,valid,6619,9.35517342967757,12.673325885610565,13.296282543575385,7.021258708952928,0.7352689003236128
16,7,2020-07-01,2023-06-30,2023-07-01,2023-12-31,2024-01-01,2024-03-31,127,100,0.03,1000,0.8,0.8,test,3482,10.041835823539762,13.627979694257737,13.878924305492166,7.696250475771176,0.7241928535872146
16,8,2020-10-01,2023-09-30,2023-10-01,2024-03-31,2024-04-01,2024-06-30,127,100,0.03,1000,0.8,0.8,train,36225,3.8534811534743167,5.098902066293855,6.161786455873309,3.014952144034673,0.9526745261743869
16,8,2020-10-01,2023-09-30,2023-10-01,2024-03-31,2024-04-01,2024-06-30,127,100,0.03,1000,0.8,0.8,valid,6957,9.70090920404831,13.132644048966155,13.59853502027585,7.509236667665917,0.7269897993939735
16,8,2020-10-01,2023-09-30,2023-10-01,2024-03-31,2024-04-01,2024-06-30,127,100,0.03,1000,0.8,0.8,test,4025,10.09373249792445,13.456898465627862,13.284269619009562,7.651413331430859,0.719164824743388
16,9,2021-01-01,2023-12-31,2024-01-01,2024-06-30,2024-07-01,2024-09-30,127,100,0.03,1000,0.8,0.8,train,35525,3.865279979820199,5.112506914888418,6.065343771711987,3.0397358762825917,0.95315798717788
16,9,2021-01-01,2023-12-31,2024-01-01,2024-06-30,2024-07-01,2024-09-30,127,100,0.03,1000,0.8,0.8,valid,7507,10.050457763800159,13.513977689479379,13.532421077840695,7.732361595326253,0.7232629296218585
16,9,2021-01-01,2023-12-31,2024-01-01,2024-06-30,2024-07-01,2024-09-30,127,100,0.03,1000,0.8,0.8,test,2827,10.47699741480682,13.978050663623346,13.604458925239074,8.122273118834428,0.7045077377318183
16,10,2021-04-01,2024-03-31,2024-04-01,2024-09-30,2024-10-01,2024-12-31,127,100,0.03,1000,0.8,0.8,train,35354,3.9043705527496613,5.151214981996923,6.073117328505148,3.0538068743974875,0.9539416030783819
16,10,2021-04-01,2024-03-31,2024-04-01,2024-09-30,2024-10-01,2024-12-31,127,100,0.03,1000,0.8,0.8,valid,6852,10.029503235369722,13.42708183066937,13.237652504746352,7.691020313623859,0.7235254980656805
16,10,2021-04-01,2024-03-31,2024-04-01,2024-09-30,2024-10-01,2024-12-31,127,100,0.03,1000,0.8,0.8,test,2204,10.500550843056594,14.083968311300369,14.86305065027633,7.9394857053483285,0.6837818299186436
16,11,2021-07-01,2024-06-30,2024-07-01,2024-12-31,2025-01-01,2025-03-31,127,100,0.03,1000,0.8,0.8,train,36095,4.009852042883362,5.279688084666895,6.103143336401084,3.1503357843097106,0.9530808080522241
16,11,2021-07-01,2024-06-30,2024-07-01,2024-12-31,2025-01-01,2025-03-31,127,100,0.03,1000,0.8,0.8,valid,5031,10.284305479296146,13.807220774599854,13.997869397980459,7.902957544341405,0.7057114898655141
16,11,2021-07-01,2024-06-30,2024-07-01,2024-12-31,2025-01-01,2025-03-31,127,100,0.03,1000,0.8,0.8,test,2098,10.426245855825428,13.882867141352117,14.178089011184678,8.089879311055071,0.7021385484549696
16,12,2021-10-01,2024-09-30,2024-10-01,2025-03-31,2025-04-01,2025-06-30,127,100,0.03,1000,0.8,0.8,train,35473,4.034896118489265,5.318195376748781,6.020079681104953,3.1874985699126626,0.9536119848547923
16,12,2021-10-01,2024-09-30,2024-10-01,2025-03-31,2025-04-01,2025-06-30,127,100,0.03,1000,0.8,0.8,valid,4302,10.508818037284225,14.038900870075867,14.56577392353986,8.127468158700239,0.6910893675183651
16,12,2021-10-01,2024-09-30,2024-10-01,2025-03-31,2025-04-01,2025-06-30,127,100,0.03,1000,0.8,0.8,test,2307,10.39086270490699,13.792130331939509,14.284911479899677,8.018037114690102,0.7203451954368976
16,13,2022-01-01,2024-12-31,2025-01-01,2025-06-30,2025-07-01,2025-09-30,127,100,0.03,1000,0.8,0.8,train,33657,3.962956784637765,5.220735348734115,5.87597923657847,3.1220369692070733,0.9557534566704982
16,13,2022-01-01,2024-12-31,2025-01-01,2025-06-30,2025-07-01,2025-09-30,127,100,0.03,1000,0.8,0.8,valid,4405,10.291541624136954,13.75579334828938,13.982736848839988,7.9739625041542155,0.7152232869866546
16,13,2022-01-01,2024-12-31,2025-01-01,2025-06-30,2025-07-01,2025-09-30,127,100,0.03,1000,0.8,0.8,test,2037,10.13887993456207,13.404431662215433,13.742706454737515,7.797106248327097,0.739901250107476
16,14,2022-04-01,2025-03-31,2025-04-01,2025-09-30,2025-10-01,2025-12-31,127,100,0.03,1000,0.8,0.8,train,32586,3.8907717036734852,5.1324171388858035,5.716233030168434,3.0635723345729637,0.9577171905014082
16,14,2022-04-01,2025-03-31,2025-04-01,2025-09-30,2025-10-01,2025-12-31,127,100,0.03,1000,0.8,0.8,valid,4344,10.20252285770224,13.485096289298658,13.874430498735904,7.849940994685188,0.7347285434281852
16,14,2022-04-01,2025-03-31,2025-04-01,2025-09-30,2025-10-01,2025-12-31,127,100,0.03,1000,0.8,0.8,test,1904,10.508064190552519,14.121694404071551,14.047244455881906,8.018167894833532,0.7222912321005043
16,15,2022-07-01,2025-06-30,2025-07-01,2025-12-31,2026-01-01,2026-03-31,127,100,0.03,1000,0.8,0.8,train,32133,3.886940180435844,5.129936060889886,5.672873988925485,3.0701117820040693,0.958282239185732
16,15,2022-07-01,2025-06-30,2025-07-01,2025-12-31,2026-01-01,2026-03-31,127,100,0.03,1000,0.8,0.8,valid,3941,10.262377222878648,13.724707235467125,13.745342122278318,8.018324429802277,0.7324378918511054
16,15,2022-07-01,2025-06-30,2025-07-01,2025-12-31,2026-01-01,2026-03-31,127,100,0.03,1000,0.8,0.8,test,355,10.93113027679062,14.690542435689553,16.090217233422315,8.52744368321845,0.7486884166171073
